location,total_sqft,bath,price,bhk,price_per_sqft
Uttarahalli,1440.0,2.0,62.0,3.0,4305.555555555556
Lingadheeranahalli,1521.0,3.0,95.0,3.0,6245.890861275477
Rajaji Nagar,3300.0,4.0,600.0,4.0,18181.81818181818
Whitefield,2785.0,5.0,295.0,4.0,10592.45960502693
Sarjapur,2250.0,3.0,148.0,3.0,6577.777777777777
Bisuvanahalli,1180.0,3.0,48.0,3.0,4067.7966101694915
other,2770.0,4.0,290.0,3.0,10469.314079422382
other,1100.0,2.0,48.0,2.0,4363.636363636364
Thanisandra,2800.0,5.0,380.0,4.0,13571.42857142857
Bellandur,1767.0,3.0,103.0,3.0,5829.088851160159
Thanisandra,510.0,1.0,25.25,1.0,4950.980392156863
other,1250.0,3.0,56.0,3.0,4480.0
Whitefield,1610.0,3.0,81.0,3.0,5031.055900621118
Electronic City,1025.0,2.0,47.0,3.0,4585.365853658536
Yelahanka,2100.0,4.0,186.0,4.0,8857.142857142857
Hebbal,1760.0,2.0,123.0,3.0,6988.636363636364
Kasturi Nagar,1925.0,3.0,125.0,3.0,6493.506493506494
Kanakpura Road,700.0,2.0,36.0,2.0,5142.857142857143
Kundalahalli,1724.0,3.0,125.0,3.0,7250.580046403712
other,1296.0,2.0,81.0,2.0,6250.0
Ganga Nagar,600.0,1.0,38.0,1.0,6333.333333333333
Yelahanka,660.0,1.0,48.0,1.0,7272.727272727273
Kanakpura Road,1330.74,2.0,91.79,2.0,6897.665960292769
Doddathoguru,970.0,2.0,33.0,2.0,3402.061855670103
Whitefield,1459.0,2.0,94.82,2.0,6498.971898560658
Kr Puram,800.0,1.0,130.0,2.0,16250.0
other,869.0,2.0,36.0,2.0,4142.692750287687
other,1270.0,2.0,50.0,2.0,3937.0078740157483
Lakshminarayana Pura,1185.0,2.0,75.0,2.0,6329.113924050633
Devanahalli,3010.0,2.0,192.0,4.0,6378.7375415282395
other,1500.0,2.0,185.0,2.0,12333.333333333334
other,1407.0,4.0,150.0,6.0,10660.980810234541
other,840.0,2.0,45.0,2.0,5357.142857142857
other,4395.0,3.0,240.0,3.0,5460.750853242321
Ganga Nagar,845.0,2.0,55.0,2.0,6508.87573964497
Whitefield,5700.0,5.0,650.0,4.0,11403.508771929824
Bommanahalli,3000.0,8.0,140.0,8.0,4666.666666666667
Doddathoguru,1100.0,2.0,62.0,2.0,5636.363636363636
Gunjur,1140.0,2.0,43.0,2.0,3771.9298245614036
Devarachikkanahalli,1350.0,7.0,85.0,8.0,6296.2962962962965
other,500.0,3.0,100.0,3.0,20000.0
Begur Road,1358.0,2.0,80.58,2.0,5933.726067746687
Hegde Nagar,1569.0,3.0,101.0,3.0,6437.221159974506
Hennur Road,2089.0,3.0,140.0,3.0,6701.771182383915
Kothannur,1206.0,2.0,48.23,2.0,3999.1708126036483
other,2511.0,3.0,205.0,3.0,8164.078056551175
Isro Layout,4400.0,6.0,250.0,6.0,5681.818181818182
other,1660.0,2.0,105.0,3.0,6325.301204819277
Hennur Road,2957.0,2.0,224.5,4.0,7592.154210348326
Yelahanka,1326.0,2.0,78.0,2.0,5882.35294117647
Garudachar Palya,1325.0,2.0,60.8,3.0,4588.679245283019
Epip Zone,1499.0,5.0,102.0,3.0,6804.536357571715
Hegde Nagar,3000.0,7.0,210.0,6.0,7000.0
Dasanapura,708.0,2.0,37.0,2.0,5225.988700564972
Rajaji Nagar,710.0,6.0,160.0,6.0,22535.211267605635
Sanjay Nagar,1000.0,2.0,70.0,2.0,7000.0
other,1450.0,2.0,70.0,3.0,4827.586206896552
Isro Layout,1200.0,4.0,155.0,4.0,12916.666666666666
Thanisandra,1296.0,2.0,80.0,2.0,6172.83950617284
Kengeri,2894.0,4.0,245.0,4.0,8465.791292328957
Sarjapura - Attibele Road,1330.0,2.0,48.0,3.0,3609.0225563909776
other,1200.0,2.0,65.0,2.0,5416.666666666667
other,1200.0,3.0,90.0,3.0,7500.0
Chandapura,650.0,1.0,17.0,2.0,2615.3846153846152
Kothanur,2400.0,2.0,150.0,3.0,6250.0
other,1007.0,2.0,43.0,2.0,4270.109235352532
other,1200.0,2.0,50.0,2.0,4166.666666666667
other,966.0,2.0,49.9,2.0,5165.631469979296
Rajaji Nagar,1640.0,3.0,229.0,3.0,13963.414634146342
other,782.0,2.0,55.68,2.0,7120.204603580562
Devanahalli,1260.0,2.0,66.78,2.0,5300.0
other,1800.0,3.0,120.0,3.0,6666.666666666667
other,1413.0,2.0,75.0,3.0,5307.855626326964
Ramamurthy Nagar,3700.0,4.0,225.0,4.0,6081.081081081081
Sarjapur Road,2497.0,3.0,140.0,3.0,5606.728073688426
Thanisandra,1436.0,3.0,74.75,3.0,5205.431754874652
Hennur Road,276.0,3.0,23.0,2.0,8333.333333333334
Thanisandra,1427.0,3.0,120.0,3.0,8409.250175192712
Akshaya Nagar,2061.0,3.0,200.0,3.0,9704.02717127608
Hebbal,3067.0,4.0,477.0,4.0,15552.657319856537
Shampura,2650.0,4.0,150.0,4.0,5660.377358490566
Devanahalli,1282.0,2.0,68.52,3.0,5344.773790951638
other,1600.0,3.0,65.0,3.0,4062.5
other,945.0,2.0,54.0,2.0,5714.285714285715
Vishwapriya Layout,950.0,7.0,115.0,7.0,12105.263157894737
other,1870.0,3.0,110.0,3.0,5882.35294117647
Sarjapur,1600.0,3.0,75.0,3.0,4687.5
other,1200.0,4.0,210.0,4.0,17500.0
Kudlu Gate,1535.0,3.0,83.0,3.0,5407.166123778502
Kanakpura Road,950.0,2.0,57.0,2.0,6000.0
Bommasandra Industrial Area,1280.0,3.0,50.4,3.0,3937.5
other,1260.0,2.0,85.05,3.0,6750.0
Hennur Road,5000.0,8.0,250.0,8.0,5000.0
Kasavanhalli,1563.05,3.0,105.0,3.0,6717.635392341896
Isro Layout,1000.0,2.0,60.0,2.0,6000.0
Anandapura,1167.0,2.0,43.76,2.0,3749.7857754927163
other,4000.0,7.0,225.0,7.0,5625.0
Kothanur,1828.0,3.0,110.0,3.0,6017.505470459519
Kengeri Satellite Town,890.0,2.0,35.0,2.0,3932.5842696629215
other,1612.0,3.0,46.74,3.0,2899.5037220843674
other,1034.0,5.0,185.0,6.0,17891.682785299807
Kannamangala,957.0,2.0,58.0,2.0,6060.606060606061
other,2795.0,4.0,235.0,3.0,8407.871198568873
Thanisandra,1735.0,3.0,135.0,3.0,7780.979827089337
Thanisandra,2050.0,3.0,145.0,3.0,7073.170731707317
Mahalakshmi Layout,3750.0,4.0,760.0,4.0,20266.666666666668
other,1350.0,2.0,48.0,3.0,3555.5555555555557
other,1904.0,3.0,150.0,3.0,7878.151260504202
Whitefield,4200.0,4.0,420.0,4.0,10000.0
other,2000.0,3.0,175.0,3.0,8750.0
Sarjapur,1145.0,2.0,43.49,2.0,3798.2532751091703
other,1425.0,2.0,75.0,3.0,5263.1578947368425
Electronic City,1500.0,2.0,64.5,3.0,4300.0
Electronic City,1060.0,2.0,60.0,2.0,5660.377358490566
other,1470.0,2.0,70.0,3.0,4761.9047619047615
other,1300.0,6.0,99.0,6.0,7615.384615384615
Electronic City,1152.0,2.0,64.5,2.0,5598.958333333333
other,1500.0,3.0,100.0,3.0,6666.666666666667
Kumaraswami Layout,600.0,3.0,85.0,5.0,14166.666666666666
Nagavara,400.0,1.0,14.0,1.0,3500.0
Malleshwaram,705.0,1.0,67.0,1.0,9503.54609929078
Hebbal Kempapura,1700.0,3.0,155.0,3.0,9117.64705882353
Thanisandra,2144.0,3.0,145.0,3.0,6763.059701492537
other,1846.0,3.0,300.0,3.0,16251.354279523293
other,1340.0,2.0,55.7,2.0,4156.7164179104475
Kr Puram,1015.0,2.0,56.8,2.0,5596.059113300493
Pattandur Agrahara,1550.0,2.0,80.0,3.0,5161.290322580645
other,1800.0,7.0,250.0,7.0,13888.888888888889
Yelahanka,1327.0,2.0,98.0,2.0,7385.079125847777
other,1783.0,3.0,115.0,3.0,6449.8037016264725
Nagasandra,980.0,2.0,48.0,2.0,4897.959183673469
Epip Zone,1285.0,2.0,82.0,2.0,6381.322957198444
other,912.0,2.0,70.0,3.0,7675.438596491228
Kogilu,1909.0,3.0,88.0,3.0,4609.743321110529
Panathur,1359.0,2.0,87.0,2.0,6401.766004415011
other,1207.0,2.0,43.5,2.0,3603.976801988401
Padmanabhanagar,1736.0,6.0,190.0,4.0,10944.700460829494
1St Block Jayanagar,2850.0,4.0,428.0,4.0,15017.543859649122
Kammasandra,1595.0,3.0,65.0,3.0,4075.2351097178685
other,1798.0,3.0,89.0,3.0,4949.944382647386
Electronics City Phase 1,1475.0,3.0,78.29,3.0,5307.796610169492
other,1580.0,3.0,100.0,3.0,6329.113924050633
Dasarahalli,1295.0,2.0,65.0,2.0,5019.305019305019
Magadi Road,3600.0,6.0,141.0,6.0,3916.6666666666665
Electronic City,589.0,1.0,27.0,1.0,4584.040747028863
other,1415.0,3.0,78.0,3.0,5512.367491166077
Sarjapur Road,1787.0,3.0,98.29,3.0,5500.279798545048
Sarjapur Road,1787.0,3.0,125.0,3.0,6994.963626189144
other,2000.0,4.0,75.5,4.0,3775.0
other,2405.0,4.0,260.0,3.0,10810.81081081081
other,1500.0,2.0,115.0,2.0,7666.666666666667
Hebbal,1900.0,3.0,119.0,3.0,6263.1578947368425
Dommasandra,805.0,2.0,22.14,2.0,2750.3105590062114
other,1148.0,2.0,60.0,2.0,5226.480836236934
other,1110.0,2.0,55.0,2.0,4954.954954954955
Kalyan Nagar,1290.0,2.0,110.0,2.0,8527.131782945737
other,1500.0,2.0,65.0,3.0,4333.333333333333
other,1080.0,2.0,39.0,2.0,3611.1111111111113
Ramamurthy Nagar,3500.0,5.0,150.0,5.0,4285.714285714285
other,1060.0,2.0,60.0,2.0,5660.377358490566
Chandapura,645.0,1.0,16.45,1.0,2550.3875968992247
other,2600.0,8.0,180.0,8.0,6923.076923076923
Chandapura,645.0,1.0,16.45,1.0,2550.3875968992247
other,1644.0,3.0,84.0,3.0,5109.489051094891
other,1285.0,2.0,72.5,2.0,5642.023346303502
Electronic City,1200.0,3.0,90.0,3.0,7500.0
other,4050.0,3.0,280.0,3.0,6913.580246913581
Ombr Layout,2420.0,3.0,185.0,3.0,7644.628099173554
other,1060.0,2.0,55.0,2.0,5188.679245283019
other,1280.0,2.0,69.0,2.0,5390.625
Horamavu Agara,1200.0,2.0,95.0,4.0,7916.666666666667
Electronic City,1108.0,2.0,63.0,2.0,5685.9205776173285
other,1200.0,5.0,170.0,5.0,14166.666666666666
other,3045.0,3.0,170.0,3.0,5582.922824302134
Ambedkar Nagar,2900.0,3.0,300.0,4.0,10344.827586206897
Budigere,1162.0,2.0,59.9,2.0,5154.9053356282275
Attibele,1600.0,4.0,52.8,4.0,3300.0
other,700.0,1.0,26.0,2.0,3714.285714285714
Kalena Agrahara,1804.0,3.0,120.0,3.0,6651.884700665189
Sarjapur,913.0,2.0,32.0,2.0,3504.9288061336256
Talaghattapura,1868.0,3.0,131.0,3.0,7012.847965738758
Kengeri Satellite Town,883.0,2.0,45.0,2.0,5096.262740656852
other,900.0,2.0,110.0,2.0,12222.222222222223
Hegde Nagar,2026.0,3.0,132.0,3.0,6515.301085883514
Balagere,1210.0,2.0,80.9,2.0,6685.950413223141
other,4111.0,4.0,250.0,4.0,6081.24543906592
Kadugodi,1762.0,3.0,91.45,3.0,5190.124858115778
Gollarapalya Hosahalli,861.0,2.0,34.5,2.0,4006.968641114983
7Th Phase Jp Nagar,1420.0,2.0,100.0,3.0,7042.2535211267605
other,1450.0,6.0,250.0,6.0,17241.379310344826
Electronics City Phase 1,1490.0,3.0,78.8,3.0,5288.5906040268455
Bisuvanahalli,1075.0,2.0,46.0,3.0,4279.069767441861
Old Madras Road,1425.0,2.0,94.0,3.0,6596.491228070176
Kaggadasapura,1280.0,2.0,56.0,3.0,4375.0
other,1084.0,2.0,50.0,2.0,4612.546125461255
Hebbal,1349.0,2.0,98.2,2.0,7279.466271312083
9Th Phase Jp Nagar,1005.0,2.0,50.0,2.0,4975.124378109453
Jakkur,1417.0,2.0,75.0,2.0,5292.87226534933
Tc Palaya,1475.0,3.0,98.0,3.0,6644.067796610169
other,950.0,2.0,47.0,2.0,4947.368421052632
other,2000.0,4.0,120.0,4.0,6000.0
Giri Nagar,880.0,3.0,140.0,3.0,15909.09090909091
Kalena Agrahara,1425.0,2.0,70.0,3.0,4912.2807017543855
Vijayanagar,1450.0,3.0,100.0,3.0,6896.551724137931
Kothanur,1847.0,3.0,105.0,3.0,5684.89442338928
Aecs Layout,1100.0,2.0,45.0,2.0,4090.909090909091
Kanakpura Road,525.0,1.0,26.0,1.0,4952.380952380952
Mallasandra,1665.0,3.0,95.0,3.0,5705.705705705705
Begur,1664.0,4.0,65.0,4.0,3906.25
Jp Nagar,1850.0,3.0,150.0,3.0,8108.108108108108
Panathur,1438.0,2.0,100.0,2.0,6954.102920723227
other,1560.0,3.0,115.0,3.0,7371.794871794872
Malleshpalya,1140.0,2.0,46.5,2.0,4078.9473684210525
other,1200.0,5.0,180.0,5.0,15000.0
other,850.0,2.0,27.0,2.0,3176.470588235294
Whitefield,1280.0,2.0,75.0,2.0,5859.375
Munnekollal,1170.0,2.0,52.0,2.0,4444.444444444444
other,1113.0,2.0,51.0,2.0,4582.210242587601
Hennur Road,1385.0,2.0,83.09,2.0,5999.27797833935
Electronic City,1128.0,2.0,65.0,2.0,5762.41134751773
Marathahalli,1200.0,2.0,128.0,2.0,10666.666666666666
other,1200.0,4.0,165.0,4.0,13750.0
Rajaji Nagar,2390.0,3.0,415.0,3.0,17364.016736401674
Giri Nagar,2400.0,4.0,400.0,4.0,16666.666666666668
other,1200.0,2.0,55.0,2.0,4583.333333333333
other,1645.0,3.0,95.0,3.0,5775.075987841945
Sarjapur Road,1000.0,2.0,67.0,2.0,6700.0
Haralur Road,2650.0,4.0,198.0,4.0,7471.698113207547
Ulsoor,2135.0,3.0,215.0,3.0,10070.257611241217
Thigalarapalya,3122.0,6.0,230.0,4.0,7367.072389493914
other,1200.0,2.0,79.0,2.0,6583.333333333333
other,1230.0,2.0,48.0,2.0,3902.439024390244
Devarachikkanahalli,1250.0,2.0,40.0,2.0,3200.0
7Th Phase Jp Nagar,1850.0,3.0,150.0,3.0,8108.108108108108
Kanakpura Road,525.0,2.0,21.53,1.0,4100.952380952381
Basaveshwara Nagar,1200.0,2.0,65.0,2.0,5416.666666666667
other,1350.0,2.0,140.0,3.0,10370.37037037037
Bommasandra,1260.0,3.0,49.36,3.0,3917.4603174603176
other,1800.0,3.0,150.0,3.0,8333.333333333334
Ardendale,1100.0,2.0,43.25,2.0,3931.818181818182
Harlur,1508.0,2.0,77.0,2.0,5106.100795755968
other,1592.0,3.0,75.0,3.0,4711.05527638191
Electronic City Phase Ii,630.0,1.0,28.35,1.0,4500.0
other,2000.0,3.0,365.0,3.0,18250.0
other,1762.0,3.0,125.0,3.0,7094.211123723042
other,950.0,2.0,50.0,2.0,5263.1578947368425
Kodihalli,3252.0,5.0,335.0,4.0,10301.353013530135
Narayanapura,1308.0,2.0,89.04,2.0,6807.339449541284
other,1200.0,3.0,90.0,3.0,7500.0
other,1500.0,4.0,230.0,4.0,15333.333333333334
Bannerghatta Road,500.0,1.0,18.5,1.0,3700.0
Hennur,1075.0,2.0,52.0,2.0,4837.209302325581
Bellandur,1205.0,2.0,66.0,2.0,5477.178423236514
5Th Phase Jp Nagar,1075.0,2.0,60.0,2.0,5581.395348837209
Kr Puram,930.0,2.0,39.0,2.0,4193.548387096775
Hebbal,2483.0,5.0,212.0,4.0,8538.058799838904
Kodigehaali,1166.0,2.0,55.0,2.0,4716.981132075472
Bannerghatta Road,1050.0,2.0,65.0,2.0,6190.476190476191
other,2023.71,3.0,275.0,3.0,13588.903548433324
Lakshminarayana Pura,1600.0,2.0,108.0,3.0,6750.0
8Th Phase Jp Nagar,451.0,1.0,29.9,1.0,6629.711751662971
Electronic City,1800.0,3.0,95.0,3.0,5277.777777777777
Hegde Nagar,1801.0,3.0,115.0,3.0,6385.341476957246
Mahadevpura,1451.0,2.0,90.0,2.0,6202.618883528601
other,1629.0,3.0,79.0,3.0,4849.600982197668
Vijayanagar,1580.0,2.0,134.0,3.0,8481.012658227848
Sompura,825.0,2.0,33.0,2.0,4000.0
other,1460.0,2.0,58.0,2.0,3972.6027397260273
Dodda Nekkundi,1260.0,2.0,55.0,2.0,4365.079365079365
other,700.0,3.0,120.0,6.0,17142.85714285714
Hosur Road,1656.0,2.0,120.0,2.0,7246.376811594203
Chandapura,1208.0,3.0,45.0,3.0,3725.1655629139073
Whitefield,1910.0,3.0,161.0,3.0,8429.319371727748
Whitefield,3252.0,4.0,230.0,4.0,7072.570725707257
other,1200.0,4.0,175.0,4.0,14583.333333333334
other,1000.0,2.0,165.0,2.0,16500.0
Bannerghatta Road,1200.0,2.0,125.0,4.0,10416.666666666666
Rajaji Nagar,2390.0,3.0,410.0,3.0,17154.81171548117
Rajaji Nagar,12000.0,6.0,2200.0,7.0,18333.333333333332
Sultan Palaya,550.0,1.0,62.0,2.0,11272.727272727272
Kengeri,370.923994,1.0,18.5,1.0,4987.544698982186
other,1185.0,2.0,38.0,2.0,3206.7510548523205
Kengeri,750.0,2.0,38.0,2.0,5066.666666666667
Mahalakshmi Layout,1200.0,7.0,250.0,6.0,20833.333333333332
other,1760.0,3.0,88.0,3.0,5000.0
Billekahalli,1125.0,2.0,62.0,2.0,5511.111111111111
Nagarbhavi,1350.0,3.0,150.0,3.0,11111.111111111111
Anandapura,1000.0,2.0,55.0,2.0,5500.0
Bommasandra Industrial Area,1090.0,2.0,31.48,2.0,2888.0733944954127
Tc Palaya,1200.0,2.0,60.0,2.0,5000.0
Budigere,1991.0,4.0,103.0,3.0,5173.279758915118
Ambalipura,1105.0,2.0,75.0,2.0,6787.330316742082
Hoodi,985.0,2.0,67.0,2.0,6802.030456852792
Chandapura,1533.0,5.0,85.0,6.0,5544.683626875408
Balagere,1590.0,3.0,79.0,3.0,4968.553459119496
other,1069.0,2.0,55.0,2.0,5144.9953227315245
Marathahalli,1933.0,3.0,140.0,3.0,7242.628039317124
Hosur Road,1194.0,2.0,69.0,2.0,5778.894472361809
Brookefield,1150.0,2.0,69.0,2.0,6000.0
Yelenahalli,1240.0,2.0,47.12,2.0,3800.0
7Th Phase Jp Nagar,1200.0,8.0,250.0,8.0,20833.333333333332
other,2150.0,4.0,240.0,3.0,11162.790697674418
other,1450.0,3.0,55.0,3.0,3793.103448275862
other,1630.0,3.0,68.29,3.0,4189.57055214724
Dasanapura,708.0,1.0,40.0,2.0,5649.717514124294
Kasavanhalli,1000.0,4.0,110.0,3.0,11000.0
Bellandur,1250.0,2.0,76.0,2.0,6080.0
7Th Phase Jp Nagar,1400.0,2.0,95.0,3.0,6785.714285714285
Ardendale,1750.0,3.0,100.0,3.0,5714.285714285715
Vittasandra,1404.0,2.0,71.0,2.0,5056.980056980057
Electronic City,630.0,1.0,34.65,1.0,5500.0
Harlur,1752.12,3.0,135.0,3.0,7704.951715635916
Giri Nagar,1800.0,3.0,252.0,3.0,14000.0
Sarjapur Road,1346.0,2.0,74.03,2.0,5500.0
other,1200.0,4.0,200.0,4.0,16666.666666666668
other,3309.0,4.0,325.0,4.0,9821.698398307646
Aecs Layout,1620.0,3.0,98.0,3.0,6049.382716049383
other,850.0,2.0,30.0,2.0,3529.4117647058824
Padmanabhanagar,1020.0,2.0,63.0,2.0,6176.470588235294
Chikkalasandra,1100.0,2.0,50.0,2.0,4545.454545454545
other,1150.0,2.0,126.0,2.0,10956.521739130434
Hebbal,1760.0,2.0,130.0,3.0,7386.363636363636
Ambalipura,1800.0,3.0,110.0,3.0,6111.111111111111
Vidyaranyapura,1440.0,2.0,95.0,2.0,6597.222222222223
other,1200.0,4.0,230.0,4.0,19166.666666666668
Koramangala,1320.0,2.0,165.0,2.0,12500.0
Kodigehalli,1270.0,2.0,98.0,2.0,7716.535433070866
other,1200.0,2.0,62.0,2.0,5166.666666666667
other,4800.0,4.0,235.0,4.0,4895.833333333333
other,1200.0,2.0,74.0,2.0,6166.666666666667
Subramanyapura,929.0,2.0,50.17,2.0,5400.4305705059205
other,1150.0,4.0,260.0,4.0,22608.695652173912
Basavangudi,1125.0,4.0,180.0,4.0,16000.0
Kenchenahalli,500.0,3.0,65.0,5.0,13000.0
other,1200.0,5.0,190.0,5.0,15833.333333333334
other,1464.0,3.0,56.0,3.0,3825.136612021858
7Th Phase Jp Nagar,3600.0,4.0,400.0,4.0,11111.111111111111
other,2000.0,4.0,99.0,4.0,4950.0
Chikkalasandra,1208.0,2.0,49.0,2.0,4056.291390728477
Hebbal Kempapura,1130.0,2.0,60.0,2.0,5309.734513274337
other,1753.0,3.0,120.0,3.0,6845.407872219053
Old Madras Road,4500.0,7.0,337.0,5.0,7488.888888888889
Banjara Layout,600.0,3.0,58.0,3.0,9666.666666666666
Hoodi,1196.0,2.0,94.42,2.0,7894.648829431439
Electronic City,1128.0,2.0,63.0,2.0,5585.106382978724
other,1000.0,2.0,53.0,2.0,5300.0
Kereguddadahalli,950.0,2.0,32.0,2.0,3368.4210526315787
other,720.0,2.0,45.0,2.0,6250.0
Lingadheeranahalli,1511.0,3.0,95.0,3.0,6287.22700198544
other,1300.0,3.0,58.0,3.0,4461.538461538462
Shampura,375.0,2.0,26.0,1.0,6933.333333333333
Vidyaranyapura,1062.0,2.0,38.0,2.0,3578.154425612053
other,1115.0,2.0,40.0,2.0,3587.4439461883408
Kambipura,883.0,2.0,45.0,2.0,5096.262740656852
Sarjapur Road,1195.0,2.0,70.0,2.0,5857.740585774059
other,1200.0,3.0,165.0,4.0,13750.0
other,700.0,1.0,41.0,1.0,5857.142857142857
Vittasandra,1246.0,2.0,67.0,2.0,5377.2070626003215
8Th Phase Jp Nagar,660.0,4.0,90.0,4.0,13636.363636363636
other,1600.0,4.0,80.0,4.0,5000.0
Begur Road,1584.0,3.0,65.0,3.0,4103.535353535353
other,3000.0,5.0,275.0,4.0,9166.666666666666
other,1595.0,3.0,115.0,3.0,7210.031347962383
other,1353.0,2.0,110.0,2.0,8130.081300813008
Electronic City,1599.0,3.0,125.0,3.0,7817.385866166354
Whitefield,1150.0,2.0,70.0,2.0,6086.95652173913
Jakkur,5230.0,6.0,465.0,4.0,8891.013384321224
Kr Puram,1155.0,2.0,42.74,2.0,3700.4329004329006
other,1200.0,2.0,85.0,1.0,7083.333333333333
other,1867.0,3.0,160.0,3.0,8569.89823245849
other,1028.0,2.0,45.5,2.0,4426.070038910506
Bannerghatta Road,1170.0,2.0,66.0,3.0,5641.025641025641
Hebbal,2400.0,4.0,245.0,3.0,10208.333333333334
other,1385.0,2.0,48.48,3.0,3500.361010830325
Hsr Layout,1372.0,2.0,68.0,2.0,4956.268221574344
other,5000.0,9.0,210.0,9.0,4200.0
other,3000.0,3.0,528.0,5.0,17600.0
Whitefield,1768.0,3.0,101.0,3.0,5712.669683257918
other,1325.0,2.0,90.0,3.0,6792.452830188679
Electronic City,1599.0,3.0,99.0,3.0,6191.369606003753
other,2610.0,3.0,499.0,3.0,19118.773946360154
Kammanahalli,2845.0,5.0,140.0,5.0,4920.91388400703
other,1600.0,2.0,50.0,3.0,3125.0
Hennur Road,1195.0,2.0,63.77,2.0,5336.401673640167
Hebbal,3450.0,5.0,260.0,3.0,7536.231884057971
Munnekollal,1102.0,2.0,53.67,2.0,4870.235934664247
Hosa Road,1300.0,6.0,145.0,6.0,11153.846153846154
other,1800.0,1.0,80.0,2.0,4444.444444444444
Chikkabanavar,950.0,2.0,40.0,2.0,4210.526315789473
Kanakpura Road,525.0,1.0,27.25,1.0,5190.476190476191
Attibele,656.0,2.0,25.0,2.0,3810.9756097560976
Marathahalli,1780.0,4.0,175.0,4.0,9831.460674157302
other,1056.0,2.0,80.0,2.0,7575.757575757576
Bannerghatta Road,595.0,1.0,33.32,1.0,5600.0
other,1080.0,2.0,50.0,2.0,4629.62962962963
7Th Phase Jp Nagar,2225.0,3.0,160.0,3.0,7191.011235955056
Electronics City Phase 1,1490.0,3.0,84.0,3.0,5637.583892617449
Hrbr Layout,2000.0,4.0,300.0,4.0,15000.0
Sarjapur Road,1550.0,3.0,100.0,3.0,6451.612903225807
other,1160.0,2.0,55.0,2.0,4741.379310344828
Whitefield,4144.0,4.0,315.0,4.0,7601.351351351352
Sarjapur Road,2100.0,3.0,125.0,3.0,5952.380952380952
Vittasandra,1404.0,2.0,69.3,2.0,4935.897435897436
Sarjapur Road,2230.0,4.0,225.0,4.0,10089.686098654709
other,1544.0,3.0,120.0,3.0,7772.020725388601
Marathahalli,1230.0,2.0,80.0,2.0,6504.065040650406
other,1200.0,2.0,65.0,2.0,5416.666666666667
other,540.0,1.0,36.0,1.0,6666.666666666667
Hormavu,715.0,1.0,46.0,1.0,6433.566433566433
Whitefield,2500.0,3.0,313.0,3.0,12520.0
other,1578.0,3.0,180.0,3.0,11406.84410646388
Jigani,1020.0,2.0,40.0,2.0,3921.5686274509803
Koramangala,1253.0,2.0,102.0,2.0,8140.462889066241
other,1180.0,2.0,42.0,2.0,3559.322033898305
Nehru Nagar,961.0,2.0,38.0,2.0,3954.2143600416234
Kanakapura,1419.0,3.0,75.0,3.0,5285.412262156448
Harlur,1709.0,3.0,150.0,3.0,8777.062609713283
other,1600.0,2.0,115.0,2.0,7187.5
other,416.0,1.0,18.5,1.0,4447.115384615385
Sanjay Nagar,1100.0,2.0,98.0,2.0,8909.09090909091
other,1260.0,2.0,45.0,2.0,3571.4285714285716
other,1630.0,3.0,85.0,3.0,5214.7239263803685
Kalena Agrahara,1450.0,2.0,85.0,3.0,5862.068965517241
Konanakunte,2791.0,3.0,223.0,3.0,7989.967753493372
other,600.0,1.0,90.0,1.0,15000.0
other,834.0,1.0,60.0,1.0,7194.244604316546
other,1125.0,4.0,70.0,3.0,6222.222222222223
Arekere,2060.0,3.0,140.0,3.0,6796.116504854369
Malleshwaram,12000.0,7.0,2200.0,7.0,18333.333333333332
other,3000.0,5.0,260.0,4.0,8666.666666666666
Brookefield,2440.0,5.0,425.0,4.0,17418.032786885247
Vidyaranyapura,1200.0,2.0,55.0,2.0,4583.333333333333
Kaggadasapura,1140.0,2.0,40.0,2.0,3508.7719298245615
Margondanahalli,940.0,4.0,150.0,5.0,15957.446808510638
other,2160.0,5.0,250.0,6.0,11574.074074074075
R.T. Nagar,1500.0,4.0,70.0,4.0,4666.666666666667
Whitefield,4104.0,4.0,360.0,4.0,8771.929824561403
Whitefield,1790.0,3.0,100.0,3.0,5586.592178770949
Hebbal,1920.0,3.0,134.0,3.0,6979.166666666667
Hrbr Layout,1374.0,2.0,95.0,2.0,6914.1193595342065
Bannerghatta Road,1445.0,3.0,95.0,3.0,6574.39446366782
Kanakapura,711.0,1.0,36.0,1.0,5063.291139240507
Tumkur Road,1500.0,3.0,95.0,3.0,6333.333333333333
Whitefield,1720.0,3.0,100.0,3.0,5813.953488372093
Vasanthapura,1400.0,3.0,60.0,3.0,4285.714285714285
other,1375.0,3.0,70.0,3.0,5090.909090909091
Hegde Nagar,1050.0,1.0,56.0,2.0,5333.333333333333
Jalahalli,2250.0,3.0,160.0,3.0,7111.111111111111
Bellandur,1000.0,2.0,50.0,2.0,5000.0
other,469.0,1.0,25.0,1.0,5330.490405117271
Marathahalli,3800.0,4.0,250.0,4.0,6578.9473684210525
Kambipura,883.0,2.0,29.0,2.0,3284.2582106455266
Gm Palaya,1820.0,2.0,86.0,3.0,4725.274725274725
Singasandra,1440.0,2.0,65.0,3.0,4513.888888888889
other,3600.0,4.0,160.0,6.0,4444.444444444444
Malleshwaram,2500.0,5.0,325.0,4.0,13000.0
other,4000.0,3.0,660.0,3.0,16500.0
Chikkalasandra,875.0,2.0,52.8,2.0,6034.285714285715
Jalahalli East,750.0,1.0,40.0,1.0,5333.333333333333
other,1160.0,2.0,52.2,2.0,4500.0
Hosakerehalli,2378.0,3.0,262.0,3.0,11017.661900756939
Sarjapur,1128.0,2.0,60.0,2.0,5319.148936170212
Hebbal,1500.0,3.0,150.0,3.0,10000.0
other,1220.0,2.0,35.23,3.0,2887.7049180327863
Bommasandra,1200.0,3.0,46.0,3.0,3833.3333333333335
Haralur Road,3385.0,5.0,260.0,4.0,7680.945347119646
other,1641.0,3.0,66.0,3.0,4021.9378427787933
Raja Rajeshwari Nagar,1260.0,2.0,67.39,2.0,5348.412698412699
Bisuvanahalli,1075.0,2.0,45.0,3.0,4186.046511627907
Thanisandra,1702.0,3.0,130.0,3.0,7638.07285546416
other,1630.0,2.0,200.0,2.0,12269.938650306749
other,2072.0,3.0,108.0,3.0,5212.355212355213
Jp Nagar,4400.0,2.0,375.0,5.0,8522.727272727272
other,1200.0,2.0,70.0,3.0,5833.333333333333
other,1350.0,3.0,77.0,3.0,5703.7037037037035
other,3090.0,4.0,445.0,4.0,14401.294498381878
other,1180.0,2.0,78.34,3.0,6638.983050847458
other,1355.0,2.0,115.0,2.0,8487.084870848708
other,600.0,1.0,50.0,1.0,8333.333333333334
Hormavu,1200.0,7.0,150.0,7.0,12500.0
Bannerghatta Road,1640.0,2.0,120.0,3.0,7317.073170731707
other,1200.0,5.0,100.0,5.0,8333.333333333334
Kodichikkanahalli,1190.0,2.0,57.0,3.0,4789.915966386555
Ombr Layout,2400.0,4.0,375.0,4.0,15625.0
other,1875.0,3.0,165.0,3.0,8800.0
Brookefield,1200.0,3.0,140.0,3.0,11666.666666666666
Lingadheeranahalli,1683.0,3.0,109.0,3.0,6476.5300059417705
Kaggadasapura,1515.0,3.0,83.3,3.0,5498.349834983498
Varthur Road,1083.0,2.0,61.75,2.0,5701.754385964912
other,600.0,2.0,55.0,2.0,9166.666666666666
other,2300.0,3.0,120.0,3.0,5217.391304347826
other,1240.0,2.0,60.0,2.0,4838.709677419355
other,1750.0,3.0,120.0,3.0,6857.142857142857
other,1230.0,2.0,43.48,2.0,3534.959349593496
other,1500.0,3.0,139.0,3.0,9266.666666666666
Abbigere,985.0,2.0,40.39,2.0,4100.507614213198
Tindlu,1500.0,2.0,87.0,3.0,5800.0
other,950.0,2.0,44.0,2.0,4631.578947368421
Jp Nagar,4400.0,2.0,548.5,5.0,12465.90909090909
other,1092.0,2.0,98.5,3.0,9020.14652014652
Hennur Road,2264.0,3.0,159.0,3.0,7022.968197879859
Kammasandra,810.0,2.0,24.5,2.0,3024.6913580246915
other,1045.0,2.0,45.0,2.0,4306.2200956937795
Hebbal,1337.0,2.0,82.0,2.0,6133.1338818249815
Chandapura,1200.0,2.0,32.0,2.0,2666.6666666666665
Koramangala,1580.0,3.0,160.0,3.0,10126.582278481013
Whitefield,1640.0,4.0,91.0,3.0,5548.780487804878
other,1570.0,3.0,62.0,3.0,3949.044585987261
Gubbalala,1470.0,2.0,82.0,3.0,5578.231292517007
Dairy Circle,1855.0,3.0,225.0,3.0,12129.380053908355
Bannerghatta Road,1460.0,2.0,90.0,3.0,6164.3835616438355
Hulimavu,1823.0,3.0,100.0,3.0,5485.463521667581
other,1325.0,3.0,57.0,3.0,4301.88679245283
Parappana Agrahara,1200.0,3.0,85.0,4.0,7083.333333333333
Jakkur,1590.0,2.0,125.0,3.0,7861.635220125786
other,1210.0,4.0,160.0,5.0,13223.140495867769
Raja Rajeshwari Nagar,1200.0,4.0,220.0,4.0,18333.333333333332
other,1202.0,2.0,48.0,2.0,3993.3444259567386
other,1200.0,2.0,62.5,2.0,5208.333333333333
Panathur,1688.0,3.0,118.0,3.0,6990.521327014218
Sarjapur,1185.0,2.0,47.0,2.0,3966.2447257383965
Hosakerehalli,3205.0,5.0,500.0,4.0,15600.624024960998
Kengeri Satellite Town,1415.0,2.0,66.0,3.0,4664.310954063604
Epip Zone,2330.0,3.0,162.0,3.0,6952.789699570815
other,425.0,1.0,20.03,1.0,4712.941176470588
Cunningham Road,5270.0,4.0,1250.0,4.0,23719.165085388995
Anekal,656.0,2.0,22.0,2.0,3353.6585365853657
other,1100.0,2.0,48.0,2.0,4363.636363636364
other,600.0,1.0,60.0,1.0,10000.0
other,1468.0,2.0,140.0,2.0,9536.784741144415
other,4300.0,5.0,550.0,4.0,12790.697674418605
Whitefield,2280.0,4.0,126.0,3.0,5526.315789473684
Hegde Nagar,1341.0,2.0,97.0,2.0,7233.407904548844
Jakkur,1279.0,2.0,77.0,2.0,6020.3283815480845
Electronic City Phase Ii,2225.0,4.0,98.88,4.0,4444.044943820225
other,1750.0,3.0,85.0,3.0,4857.142857142857
Kudlu,1152.0,2.0,53.5,2.0,4644.097222222223
other,1000.0,4.0,160.0,5.0,16000.0
Varthur Road,2760.0,4.0,155.0,4.0,5615.942028985507
other,775.0,2.0,55.0,2.0,7096.774193548387
Yeshwanthpur,667.0,1.0,36.85,1.0,5524.737631184408
Electronic City,1070.0,2.0,55.0,2.0,5140.186915887851
Old Airport Road,1875.0,2.0,110.0,3.0,5866.666666666667
Vishwapriya Layout,820.0,2.0,30.0,2.0,3658.5365853658536
Banashankari Stage Vi,1160.0,2.0,59.935,2.0,5166.810344827586
Battarahalli,1779.0,3.0,89.61,3.0,5037.099494097808
other,1105.0,2.0,58.0,2.0,5248.868778280543
Jalahalli,1694.0,2.0,150.0,2.0,8854.78158205431
Hosakerehalli,2376.0,3.0,203.0,3.0,8543.771043771043
Cox Town,1975.0,3.0,150.0,3.0,7594.93670886076
Kammasandra,674.0,2.0,33.0,2.0,4896.142433234421
Kaggadasapura,1185.0,2.0,41.0,2.0,3459.915611814346
Thanisandra,445.0,1.0,28.0,1.0,6292.134831460674
other,900.0,7.0,76.0,6.0,8444.444444444445
Hsr Layout,1475.0,3.0,75.0,3.0,5084.745762711865
Gottigere,1618.0,3.0,82.5,3.0,5098.887515451174
Koramangala,1120.0,2.0,65.0,2.0,5803.571428571428
Marathahalli,2181.0,3.0,152.0,4.0,6969.280146721688
Vidyaranyapura,1200.0,4.0,90.0,4.0,7500.0
other,600.0,4.0,65.0,6.0,10833.333333333334
Bannerghatta Road,1179.0,2.0,66.02,2.0,5599.660729431722
Thanisandra,1296.0,2.0,83.0,2.0,6404.320987654321
Kaggadasapura,1275.0,2.0,52.0,2.0,4078.4313725490197
other,1875.0,2.0,300.0,7.0,16000.0
Gottigere,1222.0,2.0,63.0,2.0,5155.482815057283
Tumkur Road,1779.0,3.0,112.0,3.0,6295.6717256885895
Jp Nagar,4000.0,2.0,453.0,4.0,11325.0
other,1602.0,2.0,75.0,3.0,4681.647940074907
Padmanabhanagar,1176.0,2.0,62.0,2.0,5272.108843537415
Hbr Layout,675.0,3.0,59.0,4.0,8740.74074074074
other,1352.0,3.0,135.0,3.0,9985.207100591717
Kasavanhalli,1717.0,3.0,99.0,3.0,5765.87070471753
Vittasandra,1246.0,2.0,67.3,2.0,5401.284109149277
Anandapura,1141.0,2.0,42.79,2.0,3750.219106047327
Hennur Road,1157.0,2.0,84.0,2.0,7260.155574762316
Chandapura,1025.0,2.0,27.68,2.0,2700.487804878049
Yelahanka New Town,650.0,1.0,33.0,1.0,5076.923076923077
Hebbal,1349.0,2.0,98.0,2.0,7264.6404744255005
Narayanapura,1566.0,3.0,83.3,3.0,5319.284802043423
Sahakara Nagar,2830.0,3.0,195.0,4.0,6890.459363957597
other,1780.0,3.0,84.83,3.0,4765.730337078651
Rachenahalli,3670.0,4.0,300.0,4.0,8174.386920980926
Yeshwanthpur,1950.0,4.0,130.0,4.0,6666.666666666667
Yelahanka,1705.0,3.0,95.0,3.0,5571.847507331378
Kalyan Nagar,1375.0,3.0,75.0,3.0,5454.545454545455
Kanakpura Road,525.0,1.0,30.0,1.0,5714.285714285715
7Th Phase Jp Nagar,1450.0,2.0,100.0,3.0,6896.551724137931
other,460.0,1.0,15.0,2.0,3260.8695652173915
Vasanthapura,1022.0,2.0,40.0,2.0,3913.894324853229
Hebbal,1000.0,2.0,45.0,2.0,4500.0
Electronic City,1128.0,2.0,68.75,2.0,6094.858156028369
Tc Palaya,1000.0,6.0,69.0,6.0,6900.0
Nagarbhavi,1200.0,2.0,150.0,2.0,12500.0
other,3761.0,3.0,660.0,3.0,17548.524328636002
Kanakpura Road,1339.0,2.0,75.0,2.0,5601.194921583271
Yelachenahalli,1400.0,2.0,55.0,3.0,3928.5714285714284
other,1200.0,3.0,95.0,4.0,7916.666666666667
Sarjapur Road,1691.0,3.0,113.0,3.0,6682.436428149024
1St Block Jayanagar,1630.0,3.0,194.0,3.0,11901.840490797545
Bannerghatta Road,1115.0,2.0,58.935,2.0,5285.650224215246
Mallasandra,1665.0,3.0,86.58,3.0,5200.0
Brookefield,1142.0,2.0,70.0,2.0,6129.5971978984235
other,1976.0,3.0,184.0,3.0,9311.74089068826
other,5500.0,4.0,600.0,4.0,10909.09090909091
Kothannur,1853.0,3.0,82.0,3.0,4425.256341068538
Vijayanagar,600.0,4.0,72.0,8.0,12000.0
Kasturi Nagar,1567.0,2.0,92.0,2.0,5871.091257179323
Raja Rajeshwari Nagar,1200.0,4.0,125.0,6.0,10416.666666666666
Subramanyapura,1200.0,2.0,52.0,2.0,4333.333333333333
other,900.0,3.0,80.0,5.0,8888.888888888889
Kr Puram,1225.0,2.0,46.55,2.0,3800.0
Electronic City,1342.0,2.0,73.3,2.0,5461.997019374068
Kodigehaali,1320.0,3.0,65.0,3.0,4924.242424242424
Hosa Road,1652.0,3.0,85.0,3.0,5145.2784503631965
Arekere,1740.0,2.0,95.0,3.0,5459.770114942528
Electronic City,1360.0,2.0,71.0,3.0,5220.588235294118
Sarjapur Road,1278.0,2.0,95.0,2.0,7433.489827856025
Electronic City Phase Ii,630.0,1.0,40.0,1.0,6349.206349206349
other,1200.0,3.0,95.0,3.0,7916.666666666667
other,2500.0,6.0,115.0,7.0,4600.0
Chandapura,520.0,1.0,15.135,1.0,2910.576923076923
Hosur Road,3300.0,5.0,240.0,5.0,7272.727272727273
Basaveshwara Nagar,4500.0,5.0,415.0,5.0,9222.222222222223
Gunjur,1356.0,2.0,66.0,3.0,4867.256637168141
other,823.0,2.0,28.0,2.0,3402.187120291616
other,1180.0,2.0,69.0,2.0,5847.457627118644
Varthur,1000.0,1.0,70.0,1.0,7000.0
Whitefield,1897.0,3.0,130.0,3.0,6852.925672113864
Green Glen Layout,1575.0,3.0,125.0,3.0,7936.507936507936
Subramanyapura,975.0,2.0,65.0,2.0,6666.666666666667
Hennur Road,1904.0,3.0,120.0,3.0,6302.5210084033615
Kengeri Satellite Town,930.0,1.0,30.0,1.0,3225.8064516129034
Kanakpura Road,525.0,1.0,26.0,1.0,4952.380952380952
other,1410.0,1.0,233.0,2.0,16524.822695035462
Sarjapur Road,2238.0,3.0,140.0,3.0,6255.585344057194
Harlur,1174.0,2.0,69.0,2.0,5877.342419080068
Thubarahalli,3800.0,4.0,239.0,4.0,6289.473684210527
Whitefield,2225.0,2.0,125.0,3.0,5617.9775280898875
other,1250.0,2.0,200.0,2.0,16000.0
Jigani,918.0,2.0,52.0,2.0,5664.488017429194
Sarjapur Road,1800.0,3.0,110.0,3.0,6111.111111111111
other,1300.0,1.0,200.0,1.0,15384.615384615385
Bannerghatta Road,793.0,2.0,45.0,2.0,5674.653215636822
Jakkur,1710.0,3.0,107.0,3.0,6257.309941520468
Kambipura,1082.0,2.0,57.5,3.0,5314.232902033272
Naganathapura,1001.0,2.0,33.03,2.0,3299.7002997002996
other,1500.0,4.0,180.0,4.0,12000.0
other,2400.0,2.0,80.0,3.0,3333.3333333333335
Horamavu Banaswadi,1554.0,3.0,55.0,3.0,3539.253539253539
Bellandur,4239.0,5.0,423.0,5.0,9978.768577494691
Konanakunte,884.0,1.0,58.0,2.0,6561.085972850678
Hosa Road,1045.0,2.0,98.89,2.0,9463.157894736842
Ambedkar Nagar,1935.0,4.0,130.0,3.0,6718.3462532299745
Lakshminarayana Pura,1680.0,3.0,150.0,3.0,8928.57142857143
Hebbal,2470.0,5.0,247.0,4.0,10000.0
1St Phase Jp Nagar,2825.0,4.0,250.0,4.0,8849.557522123894
Hosakerehalli,2480.0,3.0,330.0,3.0,13306.451612903225
5Th Phase Jp Nagar,1260.0,11.0,290.0,9.0,23015.873015873014
Ramamurthy Nagar,1800.0,4.0,187.0,5.0,10388.888888888889
Whitefield,3606.0,2.0,304.0,4.0,8430.393788130892
Attibele,400.0,1.0,11.0,1.0,2750.0
other,1282.0,2.0,87.0,2.0,6786.271450858035
Ngr Layout,1020.0,2.0,45.9,2.0,4500.0
Kammanahalli,1080.0,3.0,155.0,4.0,14351.851851851852
Kasavanhalli,3260.0,4.0,240.0,4.0,7361.963190184049
other,1611.0,2.0,64.44,3.0,4000.0
Koramangala,3500.0,5.0,425.0,4.0,12142.857142857143
other,1500.0,2.0,95.0,3.0,6333.333333333333
Sahakara Nagar,1500.0,2.0,95.0,3.0,6333.333333333333
Yelahanka,3206.0,5.0,270.0,4.0,8421.70929507174
Hosa Road,1639.0,3.0,80.0,3.0,4881.0250152532035
Marathahalli,700.0,4.0,72.0,4.0,10285.714285714286
Koramangala,1005.0,1.0,110.0,2.0,10945.273631840795
Kammasandra,650.0,1.0,18.41,1.0,2832.3076923076924
Kothannur,600.0,4.0,95.0,3.0,15833.333333333334
other,1300.0,1.0,115.0,2.0,8846.153846153846
Seegehalli,901.0,2.0,35.14,2.0,3900.110987791343
Sarjapur,900.0,2.0,42.0,3.0,4666.666666666667
Beml Layout,1060.0,2.0,55.0,2.0,5188.679245283019
Ngr Layout,1020.0,2.0,48.45,2.0,4750.0
Varthur,1535.0,3.0,65.99,3.0,4299.022801302931
other,530.0,1.0,20.0,1.0,3773.5849056603774
other,1350.0,2.0,80.0,2.0,5925.925925925926
Ramamurthy Nagar,1640.0,4.0,240.0,5.0,14634.146341463415
Giri Nagar,650.0,2.0,42.0,2.0,6461.538461538462
Jakkur,1396.0,2.0,86.51,3.0,6196.991404011461
Thanisandra,1825.0,3.0,100.0,3.0,5479.45205479452
Nri Layout,1565.0,2.0,75.0,3.0,4792.332268370607
Hennur Road,1891.0,3.0,109.0,3.0,5764.1459545214175
other,900.0,2.0,27.0,2.0,3000.0
Sarjapur,633.0,1.0,17.535,1.0,2770.142180094787
other,2400.0,6.0,125.0,8.0,5208.333333333333
Yeshwanthpur,665.0,1.0,36.85,1.0,5541.353383458647
Itpl,1200.0,3.0,56.12,3.0,4676.666666666667
Somasundara Palya,1255.0,2.0,67.0,2.0,5338.645418326693
Hegde Nagar,2112.95,4.0,145.0,3.0,6862.443503159091
Raja Rajeshwari Nagar,600.0,1.0,22.0,1.0,3666.6666666666665
Haralur Road,1810.0,3.0,100.0,3.0,5524.861878453039
Harlur,1033.0,2.0,49.0,2.0,4743.465634075508
Itpl,1548.0,3.0,89.5,3.0,5781.6537467700255
Horamavu Banaswadi,1611.0,3.0,66.0,3.0,4096.83426443203
Margondanahalli,2400.0,2.0,82.0,2.0,3416.6666666666665
Pattandur Agrahara,1025.0,2.0,44.5,2.0,4341.463414634146
other,600.0,3.0,65.0,4.0,10833.333333333334
other,1225.0,2.0,53.0,2.0,4326.530612244898
5Th Phase Jp Nagar,1256.0,2.0,62.8,2.0,5000.0
Whitefield,2268.0,3.0,163.0,4.0,7186.94885361552
other,1141.0,2.0,62.0,2.0,5433.829973707274
Attibele,400.0,1.0,12.0,1.0,3000.0
Chandapura,1400.0,2.0,60.0,2.0,4285.714285714285
other,4100.0,7.0,140.0,7.0,3414.6341463414633
other,1175.0,2.0,48.27,2.0,4108.085106382979
Sahakara Nagar,1100.0,2.0,56.0,2.0,5090.909090909091
1St Phase Jp Nagar,1200.0,7.0,240.0,8.0,20000.0
Horamavu Banaswadi,1460.0,2.0,80.5,2.0,5513.698630136986
Rachenahalli,1530.0,2.0,74.5,3.0,4869.281045751634
Hsr Layout,1467.0,2.0,55.0,2.0,3749.147920927062
other,950.0,1.0,40.0,1.0,4210.526315789473
Vittasandra,1246.0,2.0,64.5,2.0,5176.565008025682
Kanakapura,711.0,1.0,38.0,1.0,5344.585091420535
Nagasandra,1500.0,5.0,130.0,6.0,8666.666666666666
Nagappa Reddy Layout,1209.0,2.0,50.0,2.0,4135.6492969396195
other,4200.0,5.0,225.0,5.0,5357.142857142857
Btm 1St Stage,1215.0,4.0,205.0,4.0,16872.427983539095
other,1800.0,3.0,90.0,3.0,5000.0
other,1600.0,4.0,125.0,5.0,7812.5
other,3968.0,5.0,900.0,6.0,22681.451612903227
other,1563.0,3.0,52.0,3.0,3326.935380678183
other,900.0,10.0,170.0,9.0,18888.88888888889
Iblur Village,3235.0,3.0,235.0,3.0,7264.296754250387
Hsr Layout,1140.0,2.0,46.0,2.0,4035.0877192982457
7Th Phase Jp Nagar,1500.0,3.0,170.0,3.0,11333.333333333334
Horamavu Agara,1560.0,3.0,75.0,3.0,4807.692307692308
Jp Nagar,1100.0,2.0,70.0,2.0,6363.636363636364
Hebbal,1036.0,2.0,50.0,2.0,4826.254826254826
Akshaya Nagar,1662.0,3.0,85.1,3.0,5120.336943441636
Yelachenahalli,1464.0,2.0,105.0,3.0,7172.131147540984
Yelahanka,1234.0,2.0,80.0,2.0,6482.982171799027
other,915.0,4.0,54.9,4.0,6000.0
2Nd Stage Nagarbhavi,3000.0,8.0,451.0,6.0,15033.333333333334
Hebbal,3900.0,4.0,410.0,4.0,10512.820512820514
Yeshwanthpur,850.0,4.0,90.0,5.0,10588.235294117647
2Nd Stage Nagarbhavi,2400.0,8.0,450.0,6.0,18750.0
Vasanthapura,1135.0,2.0,39.73,2.0,3500.440528634361
other,1405.0,2.0,70.0,2.0,4982.20640569395
Kanakpura Road,1290.0,2.0,74.0,2.0,5736.434108527132
other,1480.0,3.0,90.0,3.0,6081.081081081081
Btm 1St Stage,3300.0,14.0,500.0,9.0,15151.515151515152
Banashankari,1470.0,2.0,88.64,3.0,6029.931972789115
Ananth Nagar,500.0,1.0,14.0,1.0,2800.0
other,1600.0,3.0,90.0,3.0,5625.0
Naganathapura,720.0,2.0,120.0,2.0,16666.666666666668
other,1200.0,4.0,135.0,4.0,11250.0
Basapura,1200.0,2.0,35.0,2.0,2916.6666666666665
Channasandra,1340.0,2.0,48.33,3.0,3606.716417910448
Devanahalli,6136.0,4.0,560.0,4.0,9126.466753585397
Jigani,918.0,2.0,48.0,2.0,5228.75816993464
other,1500.0,3.0,115.0,3.0,7666.666666666667
Yelahanka,1315.0,2.0,85.0,2.0,6463.878326996198
Uttarahalli,1390.0,2.0,62.55,3.0,4500.0
Uttarahalli,1330.0,2.0,56.0,3.0,4210.526315789473
Jalahalli,3100.0,4.0,265.0,5.0,8548.387096774193
other,1824.0,3.0,125.0,3.0,6853.070175438596
7Th Phase Jp Nagar,1420.0,2.0,96.0,3.0,6760.56338028169
other,750.0,1.0,56.25,1.0,7500.0
Jalahalli East,1260.0,2.0,60.0,3.0,4761.9047619047615
Hennur Road,1561.0,3.0,95.0,3.0,6085.842408712364
5Th Phase Jp Nagar,812.0,6.0,165.0,9.0,20320.197044334975
other,1060.0,2.0,42.0,2.0,3962.264150943396
Hoodi,1120.0,8.0,145.0,8.0,12946.42857142857
Thanisandra,2144.0,3.0,135.0,3.0,6296.641791044776
Kengeri,1200.0,6.0,140.0,7.0,11666.666666666666
Hoodi,1639.0,3.0,110.0,3.0,6711.4093959731545
Thanisandra,1240.0,2.0,62.0,3.0,5000.0
Kambipura,1082.0,2.0,56.0,3.0,5175.6007393715345
Electronic City,1691.0,2.0,102.0,3.0,6031.933767001774
other,1500.0,3.0,62.0,3.0,4133.333333333333
Hosakerehalli,3205.0,5.0,380.0,4.0,11856.474258970358
Kammanahalli,1666.0,4.0,150.0,5.0,9003.60144057623
Choodasandra,1115.0,2.0,50.0,2.0,4484.304932735426
Indira Nagar,1128.0,2.0,105.0,2.0,9308.510638297872
other,1339.0,2.0,55.0,2.0,4107.542942494399
Mahadevpura,1192.0,2.0,75.0,2.0,6291.946308724832
Haralur Road,1920.0,3.0,115.0,3.0,5989.583333333333
Hennur,1255.0,2.0,52.32,2.0,4168.924302788844
other,1600.0,3.0,75.0,3.0,4687.5
other,1225.0,2.0,55.11,2.0,4498.775510204082
Whitefield,2400.0,4.0,200.0,4.0,8333.333333333334
Kasturi Nagar,1570.0,3.0,80.0,3.0,5095.541401273886
Thanisandra,1093.0,2.0,70.0,2.0,6404.391582799634
Basaveshwara Nagar,1865.0,3.0,145.0,3.0,7774.798927613941
R.T. Nagar,1200.0,7.0,165.0,6.0,13750.0
Kaikondrahalli,1039.0,2.0,80.0,2.0,7699.711260827719
Vittasandra,1246.0,2.0,64.5,2.0,5176.565008025682
other,4000.0,4.0,675.0,4.0,16875.0
other,1000.0,2.0,50.0,2.0,5000.0
Hebbal Kempapura,1800.0,3.0,175.0,3.0,9722.222222222223
Bommasandra,1035.0,2.0,41.0,2.0,3961.352657004831
Dasarahalli,1520.0,2.0,75.0,3.0,4934.210526315789
Whitefield,1360.0,2.0,95.0,2.0,6985.294117647059
other,6000.0,5.0,400.0,4.0,6666.666666666667
Kodigehaali,1117.0,2.0,56.0,2.0,5013.428827215756
Kr Puram,1200.0,4.0,120.0,4.0,10000.0
Epip Zone,1330.0,2.0,92.5,2.0,6954.887218045113
Marathahalli,1937.0,3.0,160.0,3.0,8260.196179659268
Electronic City,1128.0,2.0,65.49,2.0,5805.851063829787
Neeladri Nagar,1053.0,2.0,45.0,2.0,4273.504273504273
Panathur,1198.0,2.0,77.0,2.0,6427.378964941569
1St Block Jayanagar,1200.0,6.0,125.0,6.0,10416.666666666666
Kundalahalli,1397.0,3.0,105.0,3.0,7516.1059413027915
Yeshwanthpur,1523.0,3.0,170.0,3.0,11162.179908076165
Kambipura,883.0,2.0,45.0,2.0,5096.262740656852
Kaggalipura,700.0,1.0,38.0,1.0,5428.571428571428
Yelahanka,1170.0,2.0,62.5,2.0,5341.880341880342
other,2400.0,3.0,170.0,3.0,7083.333333333333
other,1480.0,2.0,65.0,2.0,4391.891891891892
Akshaya Nagar,1897.0,3.0,120.0,3.0,6325.77754348972
Rachenahalli,996.0,2.0,67.0,2.0,6726.907630522089
Haralur Road,1875.0,3.0,110.0,3.0,5866.666666666667
other,1500.0,2.0,98.0,3.0,6533.333333333333
other,3095.0,3.0,350.0,3.0,11308.562197092084
Ambalipura,1390.0,2.0,175.0,3.0,12589.928057553956
Yelahanka,697.0,1.0,45.0,1.0,6456.241032998565
Sarjapur Road,710.0,1.0,27.0,1.0,3802.8169014084506
other,910.0,2.0,30.5,2.0,3351.6483516483518
Sompura,1025.0,2.0,48.0,3.0,4682.926829268293
Harlur,1200.0,4.0,244.0,4.0,20333.333333333332
Sarjapur Road,3335.0,5.0,300.0,4.0,8995.502248875562
Bellandur,1281.0,2.0,74.0,2.0,5776.736924277908
Cooke Town,565.0,1.0,35.0,1.0,6194.690265486725
Banashankari,1300.0,2.0,75.0,3.0,5769.2307692307695
Doddakallasandra,1233.0,2.0,43.0,2.0,3487.42903487429
Hosur Road,1510.0,2.0,105.0,3.0,6953.64238410596
Kaggalipura,950.0,2.0,65.0,2.0,6842.105263157895
Battarahalli,1945.0,3.0,97.42,3.0,5008.740359897172
Thanisandra,1265.0,2.0,79.0,3.0,6245.059288537549
Hebbal,1255.0,2.0,77.68,3.0,6189.641434262949
Kanakpura Road,2689.0,6.0,220.0,4.0,8181.480104127929
Yelenahalli,1200.0,2.0,46.17,2.0,3847.5
Kudlu Gate,1535.0,3.0,85.0,3.0,5537.459283387622
other,1500.0,3.0,100.0,3.0,6666.666666666667
Chamrajpet,1475.0,2.0,120.0,3.0,8135.593220338983
Uttarahalli,1390.0,2.0,60.47,3.0,4350.359712230216
Raja Rajeshwari Nagar,1278.0,2.0,53.76,3.0,4206.572769953052
other,1133.0,2.0,55.0,2.0,4854.368932038835
other,1560.0,5.0,145.0,5.0,9294.871794871795
other,2900.0,5.0,90.0,5.0,3103.448275862069
Sahakara Nagar,1200.0,3.0,200.0,3.0,16666.666666666668
Whitefield,1697.0,3.0,94.79,3.0,5585.739540365351
Thanisandra,1651.0,3.0,97.38,3.0,5898.24348879467
other,1560.0,3.0,188.0,3.0,12051.28205128205
Ombr Layout,1078.0,2.0,65.0,2.0,6029.684601113173
Kasavanhalli,1349.0,2.0,78.0,2.0,5782.060785767235
Ulsoor,2300.0,8.0,210.0,9.0,9130.434782608696
7Th Phase Jp Nagar,1680.0,3.0,120.0,3.0,7142.857142857143
Rayasandra,1314.0,2.0,63.0,3.0,4794.520547945205
Garudachar Palya,1060.0,2.0,48.7,2.0,4594.33962264151
Kalyan Nagar,820.0,2.0,39.0,2.0,4756.09756097561
Whitefield,5000.0,4.0,400.0,4.0,8000.0
Beml Layout,2000.0,3.0,85.0,3.0,4250.0
Kalkere,856.0,2.0,40.0,2.0,4672.897196261682
Itpl,1200.0,3.0,68.4,3.0,5700.000000000001
other,600.0,5.0,60.0,4.0,10000.0
other,14000.0,3.0,800.0,4.0,5714.285714285715
Yelahanka New Town,500.0,1.0,20.0,1.0,4000.0
other,485.0,1.0,15.0,1.0,3092.783505154639
other,1384.0,3.0,62.28,3.0,4500.0
Devanahalli,1408.0,2.0,85.0,2.0,6036.931818181818
Akshaya Nagar,1410.0,2.0,75.0,3.0,5319.148936170212
Kaggadasapura,2150.0,4.0,100.0,4.0,4651.162790697675
Koramangala,2292.0,4.0,275.0,3.0,11998.25479930192
Malleshwaram,2006.0,3.0,297.0,3.0,14805.583250249252
other,1508.0,3.0,70.25,3.0,4658.488063660478
Tc Palaya,1240.0,2.0,60.0,2.0,4838.709677419355
Lakshminarayana Pura,1180.0,2.0,75.0,2.0,6355.932203389831
Abbigere,2200.0,6.0,68.0,6.0,3090.909090909091
Bannerghatta Road,1400.0,2.0,78.0,2.0,5571.428571428572
Raja Rajeshwari Nagar,500.0,1.0,25.0,1.0,5000.0
Whitefield,4800.0,4.0,525.0,4.0,10937.5
Sarjapur Road,1984.0,4.0,146.0,3.0,7358.870967741936
Whitefield,3000.0,5.0,250.0,4.0,8333.333333333334
Garudachar Palya,1960.0,3.0,160.0,3.0,8163.265306122449
other,2150.0,4.0,80.0,4.0,3720.9302325581393
Whitefield,1700.0,3.0,115.0,3.0,6764.705882352941
Tumkur Road,1586.0,3.0,100.0,3.0,6305.170239596469
Hennur,2264.0,2.0,155.0,3.0,6846.2897526501765
Chikka Tirupathi,2325.0,4.0,120.0,4.0,5161.290322580645
Yelahanka,1120.0,2.0,55.0,2.0,4910.714285714285
Sarjapur Road,1128.0,2.0,59.0,2.0,5230.49645390071
5Th Block Hbr Layout,1200.0,6.0,250.0,6.0,20833.333333333332
Jigani,924.0,2.0,65.0,2.0,7034.632034632034
other,1600.0,3.0,52.0,3.0,3250.0
Pai Layout,1006.0,2.0,35.0,2.0,3479.1252485089462
other,1250.0,2.0,62.0,2.0,4960.0
other,1200.0,3.0,130.0,3.0,10833.333333333334
Kannamangala,957.0,2.0,56.0,2.0,5851.619644723093
other,1050.0,2.0,67.0,2.0,6380.952380952381
Kasturi Nagar,1565.0,3.0,88.5,3.0,5654.952076677317
Whitefield,2842.0,3.0,162.0,3.0,5700.2111189303305
Electronics City Phase 1,630.0,1.0,39.0,1.0,6190.476190476191
Kanakpura Road,1542.0,2.0,85.0,3.0,5512.321660181582
Haralur Road,2750.0,4.0,220.0,4.0,8000.0
Iblur Village,3596.0,5.0,290.0,4.0,8064.5161290322585
Kengeri Satellite Town,1635.0,2.0,78.0,3.0,4770.642201834862
other,1596.0,3.0,105.0,3.0,6578.9473684210525
Channasandra,1009.0,2.0,38.34,2.0,3799.8017839445
Hosa Road,1726.0,3.0,81.99,3.0,4750.289687137891
Kudlu Gate,1535.0,3.0,86.0,3.0,5602.605863192182
other,1300.0,2.0,58.5,3.0,4500.0
Whitefield,3100.0,4.0,465.0,4.0,15000.0
other,1800.0,3.0,80.0,3.0,4444.444444444444
Binny Pete,665.0,1.0,50.75,1.0,7631.578947368421
Tc Palaya,1500.0,2.0,100.0,3.0,6666.666666666667
Kalkere,925.0,2.0,48.0,2.0,5189.189189189189
other,1395.0,2.0,63.59,2.0,4558.4229390681
Kasavanhalli,1121.0,2.0,78.0,2.0,6958.07314897413
Kr Puram,1100.0,2.0,47.0,2.0,4272.727272727273
other,4634.0,4.0,1015.0,3.0,21903.32326283988
Old Airport Road,1206.0,2.0,75.0,2.0,6218.905472636816
Malleshwaram,840.0,7.0,195.0,8.0,23214.285714285714
Rachenahalli,680.0,1.0,44.0,1.0,6470.588235294118
Hebbal,1355.0,3.0,83.87,3.0,6189.667896678967
Electronic City,1070.0,2.0,56.1,2.0,5242.990654205608
other,1200.0,3.0,85.0,3.0,7083.333333333333
Electronic City,2000.0,4.0,120.0,4.0,6000.0
Marathahalli,1610.0,3.0,90.0,3.0,5590.062111801242
Jakkur,3467.86,6.0,249.0,4.0,7180.220654813054
Rachenahalli,1530.0,2.0,74.4,3.0,4862.745098039216
Whitefield,1500.0,3.0,130.0,3.0,8666.666666666666
Whitefield,1280.0,2.0,75.0,2.0,5859.375
Thanisandra,1265.0,2.0,85.0,2.0,6719.367588932806
other,1132.0,2.0,67.0,2.0,5918.727915194347
other,1262.0,2.0,63.0,2.0,4992.076069730587
other,1515.0,3.0,88.0,3.0,5808.580858085808
Jigani,1300.0,3.0,150.0,3.0,11538.461538461539
Electronic City,890.0,2.0,45.0,2.0,5056.179775280899
other,1655.0,3.0,86.06,3.0,5200.0
Hennur Road,2060.0,3.0,149.0,3.0,7233.0097087378645
Bommanahalli,1730.0,3.0,96.0,3.0,5549.132947976878
Yelahanka,2195.0,4.0,127.0,3.0,5785.876993166287
other,1650.0,3.0,125.0,3.0,7575.757575757576
Kr Puram,1200.0,2.0,71.0,2.0,5916.666666666667
other,5000.0,7.0,299.0,7.0,5980.0
Yelahanka,1075.0,2.0,51.5,2.0,4790.697674418605
other,1380.0,2.0,80.0,2.0,5797.101449275362
other,1450.0,3.0,65.0,3.0,4482.758620689655
Thubarahalli,1200.0,2.0,78.0,2.0,6500.0
Benson Town,3200.0,4.0,350.0,3.0,10937.5
Hoodi,1639.0,3.0,98.32,3.0,5998.779743746187
other,1200.0,2.0,54.0,2.0,4500.0
other,4346.0,5.0,500.0,4.0,11504.83202945237
Old Madras Road,935.0,2.0,32.72,2.0,3499.4652406417113
Thanisandra,510.0,1.0,25.25,1.0,4950.980392156863
other,1200.0,6.0,180.0,6.0,15000.0
other,1178.0,2.0,47.0,2.0,3989.8132427843802
Beml Layout,999.0,2.0,45.0,2.0,4504.504504504504
Amruthahalli,4400.0,3.0,475.0,2.0,10795.454545454546
Marathahalli,1350.0,4.0,135.0,5.0,10000.0
Kothannur,1100.0,2.0,40.0,2.0,3636.3636363636365
Lingadheeranahalli,1519.0,3.0,93.0,3.0,6122.448979591837
Dommasandra,1267.0,3.0,56.0,3.0,4419.889502762431
Sanjay Nagar,1150.0,2.0,72.2,2.0,6278.260869565217
other,1200.0,7.0,235.0,8.0,19583.333333333332
other,2200.0,3.0,187.0,3.0,8500.0
other,3329.0,3.0,330.0,3.0,9912.886752778611
Electronics City Phase 1,785.0,1.0,55.0,1.0,7006.369426751592
Hebbal Kempapura,2900.0,4.0,300.0,3.0,10344.827586206897
Raja Rajeshwari Nagar,1610.0,3.0,74.0,3.0,4596.273291925466
Bellandur,921.0,2.0,40.0,2.0,4343.105320304017
Kengeri Satellite Town,850.0,3.0,95.0,3.0,11176.470588235294
Bannerghatta Road,2700.0,5.0,158.0,5.0,5851.851851851852
Sarjapur Road,1700.0,3.0,110.0,3.0,6470.588235294118
Sarjapur,1020.0,2.0,35.0,2.0,3431.372549019608
Billekahalli,1090.0,2.0,52.0,2.0,4770.642201834862
other,3600.0,4.0,300.0,4.0,8333.333333333334
Harlur,1197.0,2.0,84.0,2.0,7017.543859649123
other,3500.0,3.0,450.0,4.0,12857.142857142857
other,920.0,2.0,39.55,2.0,4298.91304347826
Chamrajpet,7706.9524,9.0,296.0,9.0,3840.688051998349
Raja Rajeshwari Nagar,1105.0,2.0,65.0,2.0,5882.35294117647
Judicial Layout,1300.0,3.0,64.0,3.0,4923.076923076923
other,1595.0,3.0,76.0,3.0,4764.8902821316615
Kodihalli,3073.0,5.0,696.0,4.0,22648.87731858119
Horamavu Agara,755.0,2.0,37.49,2.0,4965.562913907284
Nagasandra,4050.0,5.0,140.0,5.0,3456.7901234567903
Kanakpura Road,900.0,2.0,46.0,2.0,5111.111111111111
Banashankari Stage Iii,1145.0,2.0,58.4,2.0,5100.436681222707
other,1093.0,2.0,65.0,2.0,5946.935041171088
Bannerghatta Road,1654.0,3.0,100.0,3.0,6045.949214026602
Ngr Layout,1105.0,2.0,52.48,2.0,4749.321266968326
other,1367.0,2.0,62.0,2.0,4535.479151426482
other,750.0,2.0,75.0,3.0,10000.0
other,1535.0,3.0,95.0,3.0,6188.9250814332245
Anekal,620.0,2.0,22.0,2.0,3548.3870967741937
Horamavu Agara,982.0,2.0,47.65,2.0,4852.34215885947
Banashankari Stage Ii,1700.0,2.0,150.0,2.0,8823.529411764706
Jp Nagar,2500.0,3.0,135.0,3.0,5400.0
Yelahanka New Town,440.0,1.0,16.5,1.0,3750.0
Yelahanka,1614.0,3.0,95.0,3.0,5885.9975216852545
Neeladri Nagar,1363.0,2.0,68.0,2.0,4988.994864269993
other,1015.0,2.0,45.0,2.0,4433.4975369458125
Horamavu Banaswadi,1156.0,2.0,46.0,2.0,3979.2387543252594
other,1100.0,2.0,62.7,2.0,5700.0
other,930.0,2.0,45.0,2.0,4838.709677419355
other,1650.0,2.0,80.0,3.0,4848.484848484848
Kr Puram,1200.0,2.0,90.0,2.0,7500.0
other,700.0,1.0,150.0,1.0,21428.571428571428
Karuna Nagar,2900.0,3.0,135.0,4.0,4655.172413793103
Kadugodi,1890.0,4.0,127.0,3.0,6719.576719576719
other,2197.0,4.0,280.0,3.0,12744.651797906236
Hebbal Kempapura,3522.0,3.0,380.0,3.0,10789.324247586599
other,1240.0,2.0,46.0,3.0,3709.6774193548385
Hrbr Layout,1440.0,2.0,98.0,2.0,6805.555555555556
Kodichikkanahalli,650.0,1.0,38.0,1.0,5846.153846153846
Budigere,764.0,1.0,32.0,1.0,4188.48167539267
other,900.0,4.0,90.0,5.0,10000.0
Basapura,1100.0,2.0,60.0,2.0,5454.545454545455
Thigalarapalya,1200.0,2.0,65.0,2.0,5416.666666666667
Kasturi Nagar,1080.0,2.0,80.0,2.0,7407.407407407408
Hebbal Kempapura,2280.0,5.0,200.0,5.0,8771.929824561403
Akshaya Nagar,1360.0,2.0,85.0,3.0,6250.0
Jakkur,1865.0,3.0,124.0,3.0,6648.793565683646
Sarjapur Road,1157.0,2.0,75.0,3.0,6482.281763180639
Kammasandra,674.0,2.0,29.0,2.0,4302.670623145401
Whitefield,1405.0,2.0,78.0,3.0,5551.601423487545
other,1600.0,3.0,172.0,4.0,10750.0
Hebbal,1790.0,3.0,127.0,3.0,7094.972067039106
Electronic City,1128.0,2.0,65.65,2.0,5820.035460992909
other,1450.0,2.0,85.0,3.0,5862.068965517241
Kengeri,340.0,1.0,10.0,1.0,2941.176470588235
other,2000.0,3.0,166.0,4.0,8300.0
Vittasandra,1246.0,2.0,68.0,2.0,5457.463884430176
Hsr Layout,1372.0,2.0,61.0,2.0,4446.064139941691
Uttarahalli,1330.0,2.0,56.0,3.0,4210.526315789473
Binny Pete,2465.0,5.0,234.0,3.0,9492.90060851927
Dasarahalli,1300.0,2.0,55.0,2.0,4230.7692307692305
other,1420.0,1.0,220.0,2.0,15492.957746478873
Bannerghatta,810.0,4.0,50.0,4.0,6172.83950617284
Channasandra,1065.0,2.0,35.0,2.0,3286.3849765258215
other,700.0,2.0,27.0,2.0,3857.1428571428573
Hebbal,547.34,2.0,42.72,2.0,7805.020645302737
other,1050.0,2.0,45.0,2.0,4285.714285714285
other,1250.0,3.0,39.5,3.0,3160.0
other,1756.0,3.0,100.0,3.0,5694.760820045558
Malleshwaram,750.0,8.0,150.0,9.0,20000.0
Yelahanka,628.0,1.0,24.0,1.0,3821.6560509554142
9Th Phase Jp Nagar,1200.0,6.0,195.0,7.0,16250.0
5Th Phase Jp Nagar,1207.0,2.0,63.0,2.0,5219.552609776305
Kalena Agrahara,1765.0,3.0,125.0,3.0,7082.152974504249
other,1532.0,3.0,92.0,3.0,6005.221932114882
other,1650.0,3.0,110.0,3.0,6666.666666666667
Horamavu Banaswadi,1200.0,4.0,105.0,4.0,8750.0
Bhoganhalli,804.1,2.0,69.09,2.0,8592.214898644446
Doddathoguru,1200.0,2.0,75.0,2.0,6250.0
other,1200.0,2.0,66.0,2.0,5500.0
other,1010.0,2.0,148.0,2.0,14653.465346534653
Whitefield,2225.0,3.0,115.0,3.0,5168.539325842697
other,1180.0,2.0,48.0,2.0,4067.7966101694915
other,1525.0,2.0,122.0,3.0,8000.0
Ananth Nagar,1100.0,2.0,31.5,2.0,2863.6363636363635
other,1435.0,3.0,70.0,3.0,4878.048780487805
Attibele,400.0,1.0,14.0,1.0,3500.0
Dommasandra,1200.0,2.0,50.0,2.0,4166.666666666667
Whitefield,1272.0,2.0,95.05,2.0,7472.4842767295595
Malleshpalya,1225.0,2.0,46.86,2.0,3825.3061224489797
Ramagondanahalli,1610.0,2.0,111.0,3.0,6894.409937888198
Jalahalli,1694.0,2.0,125.0,2.0,7378.984651711924
other,600.0,3.0,75.0,3.0,12500.0
other,1560.0,2.0,66.0,3.0,4230.7692307692305
Chandapura,1500.0,2.0,60.0,2.0,4000.0
Raja Rajeshwari Nagar,1258.0,2.0,63.53,2.0,5050.079491255962
Thigalarapalya,1297.0,2.0,112.0,2.0,8635.312259059368
other,1070.0,2.0,42.0,2.0,3925.233644859813
Sarjapur Road,1282.0,2.0,72.0,2.0,5616.224648985959
other,2400.0,3.0,200.0,4.0,8333.333333333334
Chikka Tirupathi,3356.0,5.0,105.0,5.0,3128.7246722288437
Epip Zone,1330.0,2.0,86.98,2.0,6539.849624060151
Whitefield,1192.0,2.0,71.0,2.0,5956.375838926175
other,1000.0,2.0,130.0,2.0,13000.0
Thigalarapalya,1297.0,2.0,103.0,2.0,7941.403238242097
Sarjapur Road,580.0,1.0,17.835,1.0,3075.0
Rayasandra,1373.0,3.0,72.0,3.0,5243.991260014566
Kadugodi,3750.0,4.0,210.0,4.0,5600.0
Doddakallasandra,1010.0,2.0,40.39,2.0,3999.009900990099
Sarjapur,1195.0,2.0,42.0,2.0,3514.644351464435
Hsr Layout,1750.0,3.0,95.0,3.0,5428.571428571428
Malleshpalya,1052.0,2.0,50.0,2.0,4752.851711026616
Horamavu Banaswadi,1180.0,2.0,58.0,2.0,4915.254237288135
Padmanabhanagar,3680.0,4.0,440.0,5.0,11956.521739130434
Ulsoor,2700.0,3.0,450.0,3.0,16666.666666666668
other,1300.0,2.0,60.0,2.0,4615.384615384615
Yelahanka,2710.0,3.0,251.0,3.0,9261.992619926199
other,3040.0,1.0,180.0,2.0,5921.0526315789475
Banjara Layout,1294.0,2.0,48.0,3.0,3709.4281298299848
Begur,1580.0,3.0,75.0,3.0,4746.835443037975
Chikka Tirupathi,1808.0,4.0,80.27,3.0,4439.712389380531
Rajaji Nagar,3516.0,4.0,540.0,4.0,15358.361774744028
Parappana Agrahara,1194.0,2.0,47.0,2.0,3936.348408710218
Kanakpura Road,900.0,2.0,46.0,2.0,5111.111111111111
other,1310.0,2.0,50.0,3.0,3816.793893129771
Kanakpura Road,900.0,2.0,46.0,2.0,5111.111111111111
Singasandra,3850.0,6.0,195.0,4.0,5064.935064935065
Kogilu,925.0,7.0,88.0,7.0,9513.513513513513
Yelachenahalli,2400.0,1.0,150.0,2.0,6250.0
Koramangala,1290.0,2.0,100.0,2.0,7751.937984496124
Yelahanka,3770.0,6.0,110.0,6.0,2917.7718832891246
other,1390.0,3.0,120.0,3.0,8633.093525179856
other,1200.0,4.0,72.0,4.0,6000.0
Bisuvanahalli,845.0,2.0,33.0,2.0,3905.3254437869823
Yelahanka,1537.0,3.0,120.0,3.0,7807.417046193884
other,1135.0,2.0,68.0,2.0,5991.1894273127755
other,900.0,2.0,55.0,2.0,6111.111111111111
other,1378.0,2.0,42.33,3.0,3071.843251088534
Hebbal,1985.0,4.0,189.0,3.0,9521.410579345089
Kengeri,8000.0,5.0,500.0,5.0,6250.0
other,1210.0,2.0,62.0,2.0,5123.966942148761
Jp Nagar,2550.0,9.0,360.0,9.0,14117.64705882353
Sarjapur,1200.0,5.0,110.0,4.0,9166.666666666666
Ardendale,3198.0,4.0,200.0,4.0,6253.908692933083
other,1464.0,3.0,56.0,3.0,3825.136612021858
Hebbal,2483.0,5.0,215.0,4.0,8658.880386629078
Begur,1550.0,4.0,130.0,4.0,8387.09677419355
Sarjapur Road,4111.0,4.0,310.0,4.0,7540.744344441741
other,2500.0,3.0,250.0,3.0,10000.0
other,1690.0,3.0,125.0,3.0,7396.449704142012
Cooke Town,2572.0,3.0,390.0,3.0,15163.297045101088
other,2200.0,4.0,350.0,3.0,15909.09090909091
other,1600.0,3.0,80.0,3.0,5000.0
other,1250.0,3.0,39.5,3.0,3160.0
Bommanahalli,520.0,1.0,19.5,1.0,3750.0
Munnekollal,1390.0,3.0,68.0,3.0,4892.086330935252
Sahakara Nagar,1219.0,2.0,48.0,2.0,3937.653814602133
Kudlu Gate,1564.0,2.0,92.0,3.0,5882.35294117647
Sarjapur Road,3425.0,6.0,228.5,4.0,6671.532846715329
Kothannur,1300.0,2.0,60.0,3.0,4615.384615384615
Chikkabanavar,1600.0,2.0,80.0,3.0,5000.0
Hennur Road,1482.0,2.0,92.0,3.0,6207.827260458839
Marsur,1000.0,4.0,66.0,3.0,6600.0
Shampura,1200.0,2.0,53.0,2.0,4416.666666666667
Gubbalala,600.0,3.0,75.0,3.0,12500.0
Kengeri,1200.0,2.0,58.0,2.0,4833.333333333333
Kereguddadahalli,600.0,4.0,60.0,6.0,10000.0
Nagarbhavi,2400.0,3.0,160.0,3.0,6666.666666666667
Marathahalli,1469.0,3.0,89.0,3.0,6058.543226684819
Kanakapura,551.0,1.0,30.0,1.0,5444.64609800363
Balagere,1205.0,2.0,78.5,2.0,6514.522821576764
Gubbalala,1745.0,3.0,125.0,3.0,7163.323782234957
Aecs Layout,1028.0,2.0,42.0,2.0,4085.603112840467
Frazer Town,1700.0,3.0,180.0,3.0,10588.235294117647
Kodihalli,2700.0,4.0,270.0,3.0,10000.0
other,1100.0,2.0,50.0,2.0,4545.454545454545
Ramamurthy Nagar,1200.0,3.0,72.0,2.0,6000.0
other,1269.72,2.0,68.0,2.0,5355.511451343603
other,1168.0,3.0,70.0,3.0,5993.1506849315065
other,1552.0,2.0,51.0,2.0,3286.082474226804
Talaghattapura,1804.0,3.0,120.0,3.0,6651.884700665189
Attibele,500.0,1.0,17.0,1.0,3400.0
other,2100.0,4.0,155.0,4.0,7380.952380952381
other,1300.0,2.0,65.0,2.0,5000.0
other,817.0,2.0,120.0,4.0,14687.882496940025
Harlur,1310.0,2.0,50.0,2.0,3816.793893129771
Horamavu Agara,1650.0,2.0,75.0,3.0,4545.454545454545
other,1515.0,3.0,93.93,3.0,6200.0
Raja Rajeshwari Nagar,1157.0,2.0,53.8,2.0,4649.956784788245
other,2400.0,5.0,85.0,4.0,3541.6666666666665
Konanakunte,3000.0,4.0,160.0,4.0,5333.333333333333
other,1243.0,2.0,58.0,2.0,4666.130329847144
Rachenahalli,1530.0,2.0,74.39,3.0,4862.091503267974
Judicial Layout,2070.0,3.0,162.0,3.0,7826.086956521739
Sarjapur Road,3900.0,4.0,300.0,4.0,7692.307692307692
Hennur Road,1232.0,2.0,89.0,2.0,7224.025974025974
Binny Pete,1282.0,3.0,178.0,3.0,13884.555382215289
Yelahanka,654.0,1.0,38.4,1.0,5871.559633027523
Bisuvanahalli,1075.0,2.0,45.0,3.0,4186.046511627907
2Nd Stage Nagarbhavi,1200.0,4.0,245.0,4.0,20416.666666666668
other,1616.0,3.0,75.0,3.0,4641.089108910891
other,1200.0,4.0,135.0,6.0,11250.0
Whitefield,1626.0,3.0,89.0,3.0,5473.554735547355
other,2700.0,4.0,214.0,6.0,7925.925925925926
Whitefield,1585.0,3.0,88.0,3.0,5552.05047318612
Kanakpura Road,1495.0,2.0,90.0,2.0,6020.066889632107
other,2000.0,3.0,210.0,3.0,10500.0
other,2400.0,4.0,300.0,5.0,12500.0
Old Madras Road,3630.0,6.0,224.5,4.0,6184.573002754821
Kereguddadahalli,1400.0,2.0,48.0,3.0,3428.5714285714284
Kadugodi,1100.0,5.0,135.0,5.0,12272.727272727272
Whitefield,660.0,2.0,28.585,1.0,4331.060606060606
Hebbal Kempapura,1200.0,4.0,215.0,4.0,17916.666666666668
Hebbal,1080.0,2.0,54.0,2.0,5000.0
Kaikondrahalli,1645.0,3.0,100.0,3.0,6079.0273556231
other,1760.0,3.0,176.0,3.0,10000.0
other,595.0,1.0,42.0,1.0,7058.823529411765
Bommenahalli,1200.0,3.0,125.0,3.0,10416.666666666666
Jp Nagar,4000.0,4.0,314.5,4.0,7862.5
other,1410.0,2.0,67.0,2.0,4751.77304964539
other,1090.0,2.0,31.48,2.0,2888.0733944954127
Ramagondanahalli,540.0,1.0,30.0,1.0,5555.555555555556
other,1254.0,2.0,53.0,2.0,4226.475279106858
other,2800.0,7.0,125.0,7.0,4464.285714285715
Ulsoor,1275.0,2.0,120.0,2.0,9411.764705882353
other,1170.0,2.0,86.0,2.0,7350.427350427351
Panathur,1193.0,2.0,86.0,2.0,7208.717518860017
Chandapura,850.0,2.0,25.4,2.0,2988.235294117647
Gunjur,1600.0,3.0,75.0,3.0,4687.5
Electronics City Phase 1,1750.0,3.0,84.0,3.0,4800.0
other,2200.0,4.0,235.0,4.0,10681.818181818182
R.T. Nagar,1200.0,2.0,120.0,2.0,10000.0
other,1000.0,2.0,50.0,2.0,5000.0
other,2780.0,5.0,480.0,4.0,17266.187050359713
Ardendale,2422.0,4.0,160.0,4.0,6606.110652353427
Bisuvanahalli,845.0,2.0,37.0,2.0,4378.698224852071
Kambipura,883.0,2.0,39.0,2.0,4416.761041902605
Thanisandra,620.0,2.0,48.145,1.0,7765.322580645161
Whitefield,1280.0,2.0,85.0,2.0,6640.625
other,920.0,2.0,35.0,2.0,3804.3478260869565
Choodasandra,1300.0,2.0,57.0,2.0,4384.615384615385
other,1450.0,1.0,230.0,2.0,15862.068965517241
Harlur,1757.0,3.0,132.0,3.0,7512.805919180421
Anekal,600.0,1.0,16.5,1.0,2750.0
other,2400.0,3.0,142.0,4.0,5916.666666666667
Sarjapur,1240.0,2.0,44.0,2.0,3548.3870967741937
other,750.0,10.0,90.0,10.0,12000.0
Epip Zone,1330.0,2.0,93.36,2.0,7019.548872180451
Whitefield,1200.0,3.0,68.5,3.0,5708.333333333333
Laggere,1200.0,1.0,48.0,1.0,4000.0
Kammasandra,912.0,2.0,39.0,3.0,4276.315789473684
Hosa Road,1535.0397790000002,3.0,115.0,3.0,7491.662533652165
other,2400.0,5.0,625.0,5.0,26041.666666666668
Prithvi Layout,2028.0,4.0,162.0,4.0,7988.165680473373
Sarjapur Road,1050.0,2.0,62.0,2.0,5904.761904761905
Bannerghatta,2611.0,3.0,239.0,3.0,9153.581003446956
Hennur Road,1065.0,2.0,42.6,2.0,4000.0
Sanjay Nagar,1800.0,3.0,180.0,3.0,10000.0
other,1163.0,2.0,98.86,2.0,8500.42992261393
Tumkur Road,1098.0,2.0,72.0,2.0,6557.377049180328
5Th Phase Jp Nagar,1725.0,2.0,100.0,3.0,5797.101449275362
Whitefield,4000.0,4.0,330.0,4.0,8250.0
Thubarahalli,1128.0,2.0,75.0,2.0,6648.936170212766
other,1320.0,6.0,200.0,8.0,15151.515151515152
Thigalarapalya,1418.0,2.0,95.0,2.0,6699.576868829337
Ramamurthy Nagar,1500.0,3.0,160.0,3.0,10666.666666666666
Hebbal,1100.0,2.0,50.0,2.0,4545.454545454545
other,1464.0,3.0,56.0,3.0,3825.136612021858
Hebbal,812.0,2.0,55.0,2.0,6773.399014778325
Binny Pete,2695.0,2.0,204.0,4.0,7569.573283858998
other,1280.0,2.0,40.0,2.0,3125.0
Whitefield,1420.0,2.0,136.0,2.0,9577.464788732394
other,727.0,6.0,66.0,6.0,9078.40440165062
Banashankari Stage Ii,1200.0,2.0,150.0,4.0,12500.0
other,2000.0,3.0,85.0,3.0,4250.0
Indira Nagar,2800.0,3.0,330.0,3.0,11785.714285714286
other,1650.0,3.0,175.0,3.0,10606.060606060606
other,840.0,2.0,27.0,2.0,3214.285714285714
Jigani,914.0,2.0,47.0,2.0,5142.231947483589
Hennur Road,1482.0,2.0,83.73,3.0,5649.797570850203
Kundalahalli,1724.0,3.0,127.0,3.0,7366.589327146172
other,1670.0,3.0,91.86,3.0,5500.5988023952095
Banaswadi,1184.0,2.0,53.0,2.0,4476.351351351352
Kodigehaali,1200.0,2.0,55.0,2.0,4583.333333333333
Tc Palaya,1200.0,2.0,65.0,2.0,5416.666666666667
Jigani,927.0,2.0,55.0,2.0,5933.117583603021
other,1242.0,2.0,39.7,2.0,3196.45732689211
Electronic City,1360.0,2.0,75.0,3.0,5514.705882352941
Brookefield,2800.0,4.0,240.0,4.0,8571.42857142857
Whitefield,1697.0,3.0,108.0,3.0,6364.172068355922
Yelahanka New Town,550.0,2.0,26.0,2.0,4727.272727272727
Hennur,1225.0,2.0,57.0,2.0,4653.061224489796
other,1690.0,2.0,55.0,3.0,3254.437869822485
other,1488.0,3.0,57.0,3.0,3830.6451612903224
other,1250.0,2.0,80.0,3.0,6400.0
Jp Nagar,1050.0,1.0,44.0,1.0,4190.476190476191
Hsr Layout,1027.0,2.0,44.0,2.0,4284.323271665044
other,712.0,2.0,67.5,4.0,9480.337078651686
Tc Palaya,1200.0,2.0,70.0,2.0,5833.333333333333
Akshaya Nagar,1476.0,3.0,120.0,3.0,8130.081300813008
Epip Zone,2160.0,4.0,172.0,3.0,7962.962962962963
Chikkalasandra,1800.0,1.0,128.0,2.0,7111.111111111111
Koramangala,1300.0,2.0,110.0,2.0,8461.538461538461
Electronic City,770.0,1.0,40.0,2.0,5194.805194805195
other,1650.0,4.0,160.0,3.0,9696.969696969696
Bommasandra,1035.0,2.0,41.73,2.0,4031.884057971014
2Nd Stage Nagarbhavi,1200.0,4.0,285.0,5.0,23750.0
Nagarbhavi,884.0,2.0,36.0,1.0,4072.398190045249
other,1400.0,6.0,200.0,7.0,14285.714285714286
Kaikondrahalli,1115.0,2.0,50.0,2.0,4484.304932735426
Hebbal Kempapura,1200.0,2.0,125.0,2.0,10416.666666666666
Subramanyapura,975.0,2.0,58.0,2.0,5948.717948717948
Hosa Road,675.0,3.0,72.5,3.0,10740.74074074074
Chamrajpet,1900.0,2.0,170.0,4.0,8947.368421052632
Banashankari,600.0,3.0,100.0,3.0,16666.666666666668
Ombr Layout,1101.0,2.0,65.5,2.0,5949.13714804723
Sarjapur Road,1700.0,3.0,135.0,3.0,7941.176470588235
Whitefield,3606.0,4.0,312.0,4.0,8652.246256239601
Padmanabhanagar,1258.0,2.0,115.0,2.0,9141.494435612083
Kanakpura Road,1560.0,3.0,92.0,3.0,5897.4358974358975
Jp Nagar,2000.0,3.0,250.0,3.0,12500.0
Hennur Road,1482.0,2.0,87.0,3.0,5870.4453441295545
other,800.0,2.0,50.0,2.0,6250.0
Nri Layout,1300.0,2.0,120.0,2.0,9230.76923076923
other,1225.0,2.0,150.0,2.0,12244.897959183674
Banaswadi,1145.0,2.0,55.0,2.0,4803.493449781659
other,1260.0,2.0,58.0,2.0,4603.174603174603
Sarjapur Road,1691.0,3.0,119.0,3.0,7037.25606150207
other,3675.0,4.0,367.0,4.0,9986.394557823129
Basavangudi,2337.0,4.0,292.0,3.0,12494.651262302097
other,1200.0,2.0,150.0,2.0,12500.0
Domlur,1206.0,2.0,217.0,2.0,17993.366500829186
other,1350.0,4.0,130.0,5.0,9629.62962962963
other,1250.0,2.0,65.0,2.0,5200.0
other,600.0,2.0,60.0,3.0,10000.0
other,1225.0,2.0,48.0,2.0,3918.3673469387754
Kereguddadahalli,800.0,2.0,28.0,2.0,3500.0
Jalahalli East,1020.0,2.0,58.0,2.0,5686.274509803921
other,1350.0,2.0,80.0,2.0,5925.925925925926
Anekal,925.0,2.0,40.0,2.0,4324.324324324324
Yelachenahalli,1800.0,3.0,220.0,4.0,12222.222222222223
other,2000.0,3.0,100.0,3.0,5000.0
Kasavanhalli,5800.0,7.0,1200.0,5.0,20689.655172413793
other,1614.0,3.0,110.0,3.0,6815.365551425031
Yeshwanthpur,682.0,2.0,130.0,3.0,19061.58357771261
Gottigere,1200.0,2.0,95.0,2.0,7916.666666666667
Tc Palaya,900.0,2.0,55.0,2.0,6111.111111111111
Bommenahalli,1632.0,3.0,145.0,4.0,8884.803921568628
Ombr Layout,1041.0,2.0,65.5,2.0,6292.026897214217
7Th Phase Jp Nagar,5080.0,7.0,450.0,6.0,8858.267716535433
Bannerghatta,3012.0,6.0,250.0,4.0,8300.132802124834
other,1450.0,2.0,135.0,3.0,9310.344827586207
Bannerghatta Road,1200.0,2.0,75.0,2.0,6250.0
Sahakara Nagar,1200.0,4.0,130.0,4.0,10833.333333333334
Hosur Road,1508.0,2.0,110.0,3.0,7294.429708222811
other,600.0,7.0,106.0,7.0,17666.666666666668
other,1188.0,2.0,73.0,2.0,6144.781144781145
Harlur,1174.0,2.0,76.0,2.0,6473.594548551959
Frazer Town,1870.0,3.0,185.0,3.0,9893.048128342247
Kengeri,726.0,2.0,31.0,2.0,4269.972451790633
Hosur Road,1345.0,2.0,106.0,2.0,7881.0408921933085
Hormavu,1050.0,2.0,77.0,2.0,7333.333333333333
Whitefield,1204.0,4.0,125.0,4.0,10382.059800664452
Hormavu,1200.0,2.0,67.0,2.0,5583.333333333333
other,1480.0,3.0,90.0,3.0,6081.081081081081
Sarjapur,950.0,2.0,32.5,2.0,3421.0526315789475
Domlur,640.0,1.0,55.0,1.0,8593.75
Electronic City,1128.0,2.0,64.0,2.0,5673.758865248227
other,680.0,2.0,42.0,2.0,6176.470588235294
other,2400.0,2.0,95.0,2.0,3958.3333333333335
Basapura,1045.0,2.0,42.0,2.0,4019.1387559808613
other,955.0,2.0,53.55,2.0,5607.3298429319375
Doddakallasandra,1360.0,2.0,54.39,3.0,3999.264705882353
Btm Layout,1150.0,2.0,63.0,2.0,5478.260869565217
Hennur Road,3450.0,4.0,294.0,4.0,8521.739130434782
other,1115.0,2.0,56.87,2.0,5100.448430493274
Jigani,920.0,2.0,46.0,2.0,5000.0
Bommasandra Industrial Area,1030.0,2.0,41.0,2.0,3980.5825242718447
Thanisandra,1564.0,3.0,101.0,3.0,6457.800511508952
Hegde Nagar,1200.0,4.0,83.0,4.0,6916.666666666667
Subramanyapura,1277.0,2.0,55.0,2.0,4306.969459671104
other,2479.13,3.0,215.0,3.0,8672.39717158842
Sarjapur Road,1846.0,3.0,140.0,3.0,7583.965330444204
other,1100.0,2.0,106.0,2.0,9636.363636363636
other,1690.0,3.0,75.0,3.0,4437.869822485207
Hormavu,1200.0,3.0,70.0,2.0,5833.333333333333
Rajaji Nagar,1640.0,3.0,223.0,3.0,13597.560975609756
other,1068.0,2.0,40.05,2.0,3749.9999999999995
Kanakpura Road,1135.0,2.0,58.0,2.0,5110.132158590309
other,1925.0,3.0,120.0,3.0,6233.766233766234
other,650.0,1.0,26.0,1.0,4000.0
other,1200.0,9.0,120.0,9.0,10000.0
Kaggadasapura,1150.0,2.0,42.0,2.0,3652.1739130434785
Kothannur,930.0,6.0,135.0,6.0,14516.129032258064
other,1410.0,2.0,45.12,3.0,3200.0
6Th Phase Jp Nagar,600.0,2.0,100.0,3.0,16666.666666666668
other,2000.0,3.0,207.0,3.0,10350.0
Tumkur Road,1354.0,3.0,90.0,3.0,6646.971935007386
other,1050.0,2.0,110.0,2.0,10476.190476190477
Arekere,600.0,1.0,28.0,1.0,4666.666666666667
Varthur,1320.0,2.0,110.0,4.0,8333.333333333334
Kanakpura Road,3500.0,6.0,225.0,4.0,6428.571428571428
Gm Palaya,1000.0,2.0,36.0,2.0,3600.0
other,1130.0,3.0,38.0,3.0,3362.83185840708
Vittasandra,1238.0,2.0,67.0,2.0,5411.954765751211
other,2204.0,2.0,305.0,3.0,13838.47549909256
Kr Puram,1200.0,12.0,110.0,8.0,9166.666666666666
other,900.0,2.0,45.0,2.0,5000.0
Gubbalala,1745.0,3.0,104.0,3.0,5959.885386819485
other,1550.0,2.0,70.0,3.0,4516.129032258064
Sarjapura - Attibele Road,1329.0,2.0,45.95,3.0,3457.486832204665
other,916.0,2.0,42.0,2.0,4585.152838427947
Hulimavu,688.0,1.0,50.0,1.0,7267.441860465116
other,1358.0,3.0,50.0,3.0,3681.8851251840942
Kanakpura Road,1331.0,2.0,107.0,2.0,8039.068369646882
Malleshwaram,686.0,1.0,62.5,1.0,9110.787172011662
Talaghattapura,2106.0,3.0,126.0,3.0,5982.9059829059825
5Th Block Hbr Layout,1206.0,2.0,56.0,2.0,4643.449419568822
Hebbal,1075.0,2.0,52.0,2.0,4837.209302325581
Sarjapur Road,1200.0,3.0,95.0,3.0,7916.666666666667
other,1936.0,2.0,54.21,3.0,2800.103305785124
Nagavara,2172.65,3.0,120.0,4.0,5523.208984419948
Sahakara Nagar,1100.0,2.0,75.0,3.0,6818.181818181818
Btm 2Nd Stage,1260.0,5.0,185.0,3.0,14682.539682539682
other,990.0,12.0,120.0,8.0,12121.212121212122
Jalahalli East,800.0,2.0,80.0,3.0,10000.0
other,1685.0,2.0,110.0,3.0,6528.189910979228
Chamrajpet,1080.0,4.0,250.0,4.0,23148.14814814815
Magadi Road,1500.0,2.0,93.0,4.0,6200.0
Banashankari,1800.0,3.0,115.0,3.0,6388.888888888889
Yelachenahalli,1700.0,3.0,130.0,3.0,7647.058823529412
Hennur Road,1891.0,3.0,139.0,3.0,7350.608143839238
Lakshminarayana Pura,1172.0,2.0,82.0,2.0,6996.587030716723
Basaveshwara Nagar,2460.0,7.0,350.0,7.0,14227.642276422765
other,850.0,2.0,33.0,2.0,3882.3529411764707
Anekal,530.0,1.0,18.0,1.0,3396.2264150943397
other,1550.0,3.0,110.0,3.0,7096.774193548387
Kanakapura,1699.0,3.0,97.0,3.0,5709.240729841083
Ananth Nagar,500.0,2.0,14.0,1.0,2800.0
other,500.0,1.0,20.0,1.0,4000.0
other,1146.0,2.0,38.5,2.0,3359.5113438045373
Malleshwaram,2475.0,4.0,332.0,3.0,13414.141414141413
Seegehalli,800.0,1.0,50.0,2.0,6250.0
Abbigere,765.0,2.0,30.0,1.0,3921.5686274509803
Lingadheeranahalli,1521.0,3.0,94.99,3.0,6245.233399079553
other,3155.0,4.0,370.0,3.0,11727.41679873217
Hebbal Kempapura,2900.0,4.0,240.0,3.0,8275.862068965518
Amruthahalli,1900.0,3.0,135.0,3.0,7105.263157894737
other,1265.0,2.0,70.0,2.0,5533.596837944664
Bommasandra,1034.0,2.0,40.0,2.0,3868.4719535783365
other,1012.0,2.0,59.0,2.0,5830.0395256917
Electronic City,1070.0,2.0,54.0,2.0,5046.728971962617
Mahadevpura,3555.0,4.0,230.0,4.0,6469.760900140647
5Th Block Hbr Layout,1270.0,2.0,70.0,3.0,5511.811023622047
Yeshwanthpur,585.0,1.0,70.0,2.0,11965.811965811965
other,2045.0,4.0,154.0,3.0,7530.562347188264
Bellandur,1490.0,2.0,98.0,3.0,6577.181208053691
Banaswadi,6150.0,6.0,830.0,7.0,13495.934959349594
Yeshwanthpur,671.0,1.0,36.85,1.0,5491.803278688524
Haralur Road,2017.0,3.0,125.0,3.0,6197.322756569162
Thigalarapalya,3122.0,6.0,235.0,4.0,7527.226137091608
other,4400.0,9.0,120.0,7.0,2727.2727272727275
Kanakpura Road,1296.0,2.0,89.0,2.0,6867.283950617284
other,2400.0,4.0,280.0,6.0,11666.666666666666
Budigere,1139.0,2.0,62.0,2.0,5443.371378402107
other,581.91,2.0,25.0,1.0,4296.197006409926
Binny Pete,1245.0,2.0,86.28,2.0,6930.120481927711
other,1158.0,2.0,85.0,3.0,7340.241796200346
Ramamurthy Nagar,360.0,1.0,26.0,1.0,7222.222222222223
Green Glen Layout,1670.0,3.0,120.0,3.0,7185.62874251497
Horamavu Banaswadi,1307.0,2.0,51.6,2.0,3947.972456006121
Hennur Road,1703.0,3.0,101.0,3.0,5930.710510863182
Kalkere,925.0,2.0,51.0,2.0,5513.513513513513
other,1415.0,2.0,110.0,2.0,7773.851590106007
other,1210.0,2.0,60.0,2.0,4958.677685950413
Yeshwanthpur,1852.0,3.0,160.0,3.0,8639.308855291576
Hoskote,1250.0,3.0,50.0,3.0,4000.0
9Th Phase Jp Nagar,1100.0,2.0,65.0,2.0,5909.090909090909
other,1150.0,2.0,40.25,2.0,3500.0
Jakkur,1100.0,2.0,53.35,2.0,4850.0
Panathur,1546.0,3.0,99.0,3.0,6403.622250970246
Ambedkar Nagar,1424.0,2.0,90.0,2.0,6320.224719101124
Indira Nagar,1650.0,3.0,200.0,3.0,12121.212121212122
Hbr Layout,1200.0,4.0,120.0,4.0,10000.0
Brookefield,1476.0,3.0,105.0,3.0,7113.821138211382
other,500.0,2.0,70.0,2.0,14000.0
other,432.0,2.0,40.0,2.0,9259.25925925926
other,1100.0,2.0,55.0,2.0,5000.0
other,4750.0,5.0,600.0,4.0,12631.578947368422
Sarjapur,1285.0,2.0,68.0,3.0,5291.828793774319
Ambalipura,1150.0,2.0,80.0,2.0,6956.521739130435
other,1350.0,3.0,195.0,3.0,14444.444444444445
Thubarahalli,1185.0,2.0,65.0,2.0,5485.232067510548
other,2400.0,5.0,350.0,4.0,14583.333333333334
Kanakpura Road,1297.0,2.0,105.0,2.0,8095.605242868157
Chikkabanavar,1200.0,4.0,70.0,5.0,5833.333333333333
Btm 2Nd Stage,950.0,2.0,52.0,2.0,5473.684210526316
Yeshwanthpur,1250.0,2.0,95.815,2.0,7665.2
Electronic City,1571.0,3.0,89.0,3.0,5665.1814131126675
Whitefield,1485.0,2.0,90.0,2.0,6060.606060606061
Ananth Nagar,1109.0,2.0,60.0,2.0,5410.279531109108
Whitefield,950.0,1.0,50.0,1.0,5263.1578947368425
Laggere,1200.0,2.0,150.0,3.0,12500.0
Basavangudi,2350.0,3.0,300.0,3.0,12765.95744680851
other,1350.0,2.0,185.0,2.0,13703.703703703704
9Th Phase Jp Nagar,1080.0,2.0,37.0,2.0,3425.925925925926
Banaswadi,1250.0,2.0,60.0,2.0,4800.0
Brookefield,1700.0,4.0,152.0,4.0,8941.176470588236
Ramamurthy Nagar,1200.0,2.0,66.0,3.0,5500.0
other,824.0,2.0,60.0,2.0,7281.553398058252
1St Phase Jp Nagar,1875.0,3.0,167.0,3.0,8906.666666666666
Kothanur,9600.0,5.0,550.0,5.0,5729.166666666667
Kaikondrahalli,1220.0,3.0,56.0,3.0,4590.163934426229
Electronic City,1111.0,3.0,50.0,3.0,4500.450045004501
Kothannur,1197.0,2.0,47.88,2.0,4000.0
Marathahalli,2519.0,5.0,185.0,4.0,7344.184200079397
other,1340.0,2.0,100.0,3.0,7462.686567164179
Old Madras Road,1450.0,3.0,132.0,4.0,9103.448275862069
Hoodi,1837.0,3.0,145.0,3.0,7893.304300489929
Haralur Road,1200.0,4.0,245.0,4.0,20416.666666666668
Doddaballapur,1690.0,3.0,80.0,4.0,4733.7278106508875
other,1620.0,2.0,110.0,3.0,6790.123456790124
Kanakpura Road,1673.0,3.0,115.0,3.0,6873.879258816497
Margondanahalli,1090.0,2.0,58.0,2.0,5321.100917431193
Subramanyapura,985.0,2.0,58.0,2.0,5888.324873096447
Kanakpura Road,670.0,1.0,36.29,1.0,5416.417910447762
Hosa Road,1430.0,2.0,97.52,2.0,6819.580419580419
Kengeri Satellite Town,1050.0,2.0,43.0,2.0,4095.2380952380954
other,1533.0,3.0,115.0,3.0,7501.630789302022
other,2800.0,3.0,500.0,4.0,17857.14285714286
Malleshwaram,2610.0,3.0,399.0,3.0,15287.356321839081
Lakshminarayana Pura,1750.0,3.0,150.0,3.0,8571.42857142857
Prithvi Layout,1352.0,2.0,87.5,2.0,6471.89349112426
Harlur,1754.0,3.0,125.0,3.0,7126.567844925884
other,1560.0,3.0,85.0,3.0,5448.717948717948
Bannerghatta,3012.0,6.0,268.0,4.0,8897.742363877822
Channasandra,1470.0,2.0,90.0,3.0,6122.448979591837
9Th Phase Jp Nagar,1035.0,2.0,45.0,2.0,4347.826086956522
Whitefield,2400.0,5.0,329.0,4.0,13708.333333333334
Kammanahalli,1160.0,2.0,52.0,2.0,4482.758620689655
Jakkur,1100.0,2.0,52.0,2.0,4727.272727272727
Bannerghatta Road,595.0,1.0,31.83,1.0,5349.579831932773
Hsr Layout,1650.0,3.0,110.0,3.0,6666.666666666667
1St Block Jayanagar,1875.0,2.0,235.0,3.0,12533.333333333334
other,800.0,4.0,80.0,4.0,10000.0
other,1375.0,2.0,48.06,3.0,3495.2727272727275
other,750.0,1.0,25.0,1.0,3333.3333333333335
7Th Phase Jp Nagar,1400.0,3.0,115.0,3.0,8214.285714285714
other,1375.0,2.0,85.0,3.0,6181.818181818182
Attibele,2168.0,4.0,95.0,4.0,4381.918819188192
Gottigere,1200.0,8.0,90.0,8.0,7500.0
other,3800.0,3.0,580.0,3.0,15263.157894736842
Raja Rajeshwari Nagar,3125.0,9.0,350.0,9.0,11200.0
Whitefield,825.0,1.0,45.0,1.0,5454.545454545455
other,1095.0,2.0,40.0,2.0,3652.9680365296804
Ganga Nagar,720.0,3.0,65.0,3.0,9027.777777777777
other,1440.0,2.0,60.33,3.0,4189.583333333333
Panathur,1195.0,2.0,84.0,2.0,7029.28870292887
other,1200.0,2.0,49.5,2.0,4125.0
other,975.0,2.0,43.0,2.0,4410.25641025641
other,1200.0,8.0,190.0,8.0,15833.333333333334
Iblur Village,1920.0,3.0,130.0,3.0,6770.833333333333
Nagarbhavi,1200.0,5.0,240.0,6.0,20000.0
Kothanur,1140.0,4.0,90.0,4.0,7894.736842105263
other,1550.0,2.0,65.0,3.0,4193.548387096775
Kaggadasapura,1110.0,2.0,53.0,2.0,4774.774774774774
other,1500.0,10.0,165.0,8.0,11000.0
Kaggadasapura,1105.0,2.0,38.67,2.0,3499.547511312217
Anekal,1800.0,3.0,68.0,3.0,3777.777777777778
other,2800.0,4.0,200.0,5.0,7142.857142857143
Prithvi Layout,1190.0,2.0,68.0,2.0,5714.285714285715
Sarjapur Road,1929.0,4.0,103.0,3.0,5339.554173146708
Ramamurthy Nagar,1525.0,3.0,100.0,3.0,6557.377049180328
Nehru Nagar,1775.0,3.0,110.0,3.0,6197.183098591549
other,900.0,2.0,42.0,2.0,4666.666666666667
Sarjapur Road,1155.0,2.0,58.0,2.0,5021.645021645022
Hulimavu,1200.0,4.0,75.0,4.0,6250.0
Sonnenahalli,1268.0,2.0,73.0,2.0,5757.097791798107
other,1500.0,3.0,88.0,3.0,5866.666666666667
Electronic City,630.0,1.0,47.0,1.0,7460.31746031746
Kaggadasapura,1060.0,2.0,48.0,2.0,4528.301886792453
Lingadheeranahalli,1687.0,3.0,127.0,3.0,7528.156490812093
Thanisandra,1847.0,3.0,123.0,3.0,6659.447753113156
Begur Road,1410.0,2.0,53.0,3.0,3758.8652482269504
Rajaji Nagar,3526.0,4.0,492.0,4.0,13953.488372093023
Btm Layout,3000.0,3.0,338.0,3.0,11266.666666666666
Basavangudi,1500.0,2.0,143.0,3.0,9533.333333333334
other,1010.0,2.0,46.0,2.0,4554.455445544554
Haralur Road,1875.0,3.0,110.0,3.0,5866.666666666667
other,1200.0,6.0,137.0,5.0,11416.666666666666
Kanakpura Road,983.0,2.0,50.6,2.0,5147.5076297049845
Kasturi Nagar,1101.0,2.0,65.0,2.0,5903.723887375114
other,1140.0,2.0,76.0,2.0,6666.666666666667
Sarjapur Road,1215.0,2.0,110.0,2.0,9053.497942386832
Kengeri Satellite Town,1007.0,2.0,42.0,2.0,4170.8043694141015
Bellandur,2039.0,3.0,168.0,3.0,8239.333006375675
Ulsoor,1020.0,3.0,110.0,3.0,10784.313725490196
other,1198.0,2.0,84.0,2.0,7011.686143572621
other,4000.0,4.0,520.0,4.0,13000.0
other,1370.0,2.0,75.0,2.0,5474.4525547445255
other,1316.0,2.0,55.5,2.0,4217.325227963526
Gunjur Palya,1050.0,2.0,43.0,2.0,4095.2380952380954
Kr Puram,1005.03,3.0,47.405,3.0,4716.774623643076
Kr Puram,1015.0,2.0,43.0,2.0,4236.453201970443
Lakshminarayana Pura,1179.0,2.0,75.0,2.0,6361.323155216285
other,1850.0,4.0,86.0,4.0,4648.648648648648
Bellandur,1605.0,3.0,85.0,3.0,5295.95015576324
Malleshwaram,2475.0,4.0,320.0,3.0,12929.29292929293
other,3000.0,2.0,510.0,2.0,17000.0
other,2400.0,7.0,110.0,6.0,4583.333333333333
other,1000.0,1.0,55.0,2.0,5500.0
Ramamurthy Nagar,1200.0,2.0,80.0,2.0,6666.666666666667
other,1200.0,2.0,125.0,2.0,10416.666666666666
Kammasandra,1200.0,2.0,66.0,2.0,5500.0
other,1200.0,2.0,50.0,2.0,4166.666666666667
Hennur,1255.0,2.0,57.5,2.0,4581.673306772908
Kanakpura Road,1592.0,3.0,125.0,3.0,7851.75879396985
other,1313.0,2.0,58.27,2.0,4437.928408225438
Kogilu,1934.0,3.0,150.0,3.0,7755.946225439504
Harlur,1200.0,2.0,49.5,2.0,4125.0
Old Madras Road,935.0,2.0,45.0,2.0,4812.834224598931
Bommasandra,877.0,2.0,30.0,2.0,3420.752565564424
other,936.0,2.0,42.0,2.0,4487.179487179487
Nagasandra,1470.0,2.0,110.0,3.0,7482.993197278912
other,1050.0,1.0,70.0,1.0,6666.666666666667
Hennur Road,1232.0,2.0,69.61,2.0,5650.162337662337
Ambedkar Nagar,2225.0,4.0,169.0,3.0,7595.505617977528
other,1200.0,2.0,80.0,3.0,6666.666666666667
Dasarahalli,1901.0,3.0,119.0,3.0,6259.863229879011
Sarjapur Road,1819.0,3.0,100.0,3.0,5497.526113249038
other,1464.0,3.0,56.0,3.0,3825.136612021858
9Th Phase Jp Nagar,5000.0,4.0,290.0,4.0,5800.0
other,1200.0,4.0,169.0,4.0,14083.333333333334
other,1256.0,2.0,60.0,2.0,4777.070063694267
Tc Palaya,4800.0,3.0,302.0,4.0,6291.666666666667
Kothanur,1435.0,3.0,70.0,3.0,4878.048780487805
6Th Phase Jp Nagar,3245.0,4.0,250.0,4.0,7704.160246533128
Sarjapur Road,1845.0,4.0,110.0,3.0,5962.059620596206
Jigani,2400.0,4.0,130.0,3.0,5416.666666666667
Hsr Layout,1140.0,2.0,46.0,2.0,4035.0877192982457
Ulsoor,1200.0,2.0,60.0,2.0,5000.0
Talaghattapura,2254.0,3.0,170.0,3.0,7542.147293700089
Frazer Town,1750.0,3.0,150.0,3.0,8571.42857142857
Bommanahalli,515.0,1.0,25.0,1.0,4854.368932038835
Lingadheeranahalli,1893.0,3.0,140.0,3.0,7395.66825145272
other,3025.0,3.0,500.0,3.0,16528.92561983471
other,830.0,2.0,34.0,2.0,4096.385542168675
Bisuvanahalli,1075.0,2.0,90.0,3.0,8372.093023255815
Kasavanhalli,1200.0,2.0,78.0,2.0,6500.0
Sarjapur Road,1233.0,2.0,77.65,2.0,6297.6480129764805
Bannerghatta Road,1255.0,2.0,65.26,2.0,5200.000000000001
Varthur,2145.0,3.0,175.0,3.0,8158.508158508159
1St Phase Jp Nagar,1500.0,5.0,85.0,5.0,5666.666666666667
Kothannur,740.0,2.0,34.0,2.0,4594.594594594595
other,1210.0,2.0,40.0,2.0,3305.785123966942
Kogilu,540.0,1.0,36.0,1.0,6666.666666666667
Tumkur Road,1240.0,2.0,84.0,3.0,6774.193548387097
other,1865.0,3.0,350.0,3.0,18766.756032171583
other,1520.0,2.0,62.0,2.0,4078.9473684210525
Thigalarapalya,3122.0,6.0,245.0,4.0,7847.533632286995
Harlur,1290.0,2.0,85.0,2.0,6589.147286821705
other,2300.0,3.0,80.0,3.0,3478.2608695652175
Kannamangala,3000.0,4.0,200.0,4.0,6666.666666666667
Whitefield,3251.97,4.0,270.0,4.0,8302.659618631169
other,400.0,1.0,14.0,1.0,3500.0
Rajaji Nagar,1800.0,4.0,324.0,6.0,18000.0
Hennur Road,987.0,2.0,49.0,2.0,4964.5390070921985
Old Madras Road,1720.0,3.0,100.0,3.0,5813.953488372093
Hebbal,1040.0,2.0,50.0,2.0,4807.692307692308
Anandapura,900.0,2.0,64.0,2.0,7111.111111111111
Raja Rajeshwari Nagar,1030.0,2.0,50.0,2.0,4854.368932038835
Neeladri Nagar,2556.0,3.0,133.0,3.0,5203.442879499217
Kaval Byrasandra,750.0,4.0,110.0,4.0,14666.666666666666
Sahakara Nagar,1655.0,3.0,115.0,3.0,6948.640483383686
Domlur,1050.0,2.0,85.0,2.0,8095.238095238095
other,600.0,4.0,40.0,4.0,6666.666666666667
other,946.0,2.0,38.0,2.0,4016.913319238901
Cv Raman Nagar,1726.0,3.0,145.0,3.0,8400.92699884125
Sarakki Nagar,2121.0,4.0,253.0,3.0,11928.335690711929
Vittasandra,1404.0,2.0,75.0,2.0,5341.880341880342
Kengeri,1025.0,2.0,57.0,2.0,5560.975609756098
other,1575.0,4.0,150.0,5.0,9523.809523809523
other,860.0,1.0,43.0,2.0,5000.0
other,3750.0,3.0,550.0,4.0,14666.666666666666
Kothannur,1197.0,2.0,47.8,2.0,3993.316624895572
Garudachar Palya,1150.0,2.0,52.75,2.0,4586.95652173913
other,4800.0,5.0,629.0,4.0,13104.166666666666
R.T. Nagar,1040.0,2.0,46.0,2.0,4423.076923076923
Uttarahalli,1788.0,3.0,98.34,3.0,5500.0
other,1200.0,2.0,70.0,2.0,5833.333333333333
Margondanahalli,1200.0,2.0,58.5,2.0,4875.0
other,1200.0,4.0,100.0,5.0,8333.333333333334
Iblur Village,1995.0,3.0,135.0,3.0,6766.917293233083
1St Block Jayanagar,2400.0,4.0,450.0,4.0,18750.0
Pattandur Agrahara,1767.0,3.0,98.0,3.0,5546.1233729485
other,1700.0,3.0,80.0,3.0,4705.882352941177
Bellandur,1692.0,3.0,88.0,3.0,5200.945626477542
Uttarahalli,1345.0,2.0,57.0,3.0,4237.918215613383
Basapura,1100.0,2.0,60.0,2.0,5454.545454545455
Gollarapalya Hosahalli,1408.0,3.0,62.0,3.0,4403.409090909091
Banashankari Stage Iii,2400.0,4.0,240.0,4.0,10000.0
Kadugodi,1920.0,4.0,200.0,4.0,10416.666666666666
other,6040.0,4.0,170.0,5.0,2814.569536423841
Thigalarapalya,2072.0,4.0,150.0,3.0,7239.382239382239
Malleshwaram,1420.0,2.0,158.0,2.0,11126.760563380281
Electronics City Phase 1,2040.0,3.0,137.0,3.0,6715.686274509804
8Th Phase Jp Nagar,1200.0,4.0,145.0,4.0,12083.333333333334
other,1300.0,2.0,79.0,2.0,6076.923076923077
Kr Puram,1470.0,2.0,86.0,2.0,5850.340136054422
other,1311.0,2.0,48.0,2.0,3661.3272311212813
other,3500.0,4.0,350.0,4.0,10000.0
Nagarbhavi,600.0,2.0,100.0,4.0,16666.666666666668
other,1400.0,2.0,55.0,3.0,3928.5714285714284
Vidyaranyapura,1060.0,2.0,55.0,2.0,5188.679245283019
other,1000.0,2.0,110.0,3.0,11000.0
Gottigere,1300.0,3.0,65.0,3.0,5000.0
other,800.0,4.0,120.0,4.0,15000.0
Harlur,1752.12,3.0,116.0,3.0,6620.551103805676
Balagere,645.0,1.0,41.9,1.0,6496.124031007752
other,1000.0,2.0,53.0,2.0,5300.0
Yeshwanthpur,668.0,1.0,36.85,1.0,5516.4670658682635
Nagarbhavi,600.0,2.0,80.0,3.0,13333.333333333334
Thanisandra,1800.0,3.0,90.0,3.0,5000.0
Marathahalli,1583.0,3.0,105.0,3.0,6632.975363234365
Padmanabhanagar,1100.0,2.0,65.0,2.0,5909.090909090909
Thyagaraja Nagar,800.0,1.0,100.0,1.0,12500.0
Vittasandra,1246.0,2.0,65.0,2.0,5216.69341894061
Dodda Nekkundi,850.0,2.0,28.0,2.0,3294.1176470588234
Thanisandra,1697.0,3.0,114.0,3.0,6717.737183264585
Tc Palaya,1000.0,2.0,64.0,2.0,6400.0
Hrbr Layout,1567.0,3.0,90.0,3.0,5743.458838544991
Sarjapur Road,3750.0,6.0,290.0,4.0,7733.333333333333
other,950.0,2.0,45.0,2.0,4736.8421052631575
other,1022.0,2.0,52.0,2.0,5088.062622309198
Bharathi Nagar,1322.0,2.0,68.0,2.0,5143.721633888048
Marsur,1800.0,4.0,145.0,4.0,8055.555555555556
Doddakallasandra,1460.0,2.0,58.39,3.0,3999.3150684931506
other,990.0,2.0,44.55,2.0,4500.0
other,2400.0,3.0,260.0,3.0,10833.333333333334
Whitefield,1635.0,2.0,85.0,3.0,5198.7767584097855
Rajaji Nagar,3526.0,4.0,558.0,4.0,15825.2977878616
Padmanabhanagar,3400.0,3.0,210.0,4.0,6176.470588235294
other,2770.0,3.0,460.0,3.0,16606.49819494585
Epip Zone,2710.0,5.0,200.0,4.0,7380.073800738008
other,1533.0,3.0,85.0,3.0,5544.683626875408
Akshaya Nagar,1720.0,3.0,134.0,3.0,7790.697674418605
Frazer Town,2000.0,3.0,200.0,3.0,10000.0
Yeshwanthpur,1185.0,2.0,75.84,2.0,6400.0
Varthur Road,900.0,2.0,27.0,2.0,3000.0
Attibele,395.0,1.0,10.25,1.0,2594.9367088607596
Thanisandra,2650.0,4.0,240.0,4.0,9056.603773584906
Basaveshwara Nagar,2400.0,5.0,415.0,5.0,17291.666666666668
Hennur,1259.0,2.0,57.0,2.0,4527.4027005559965
Raja Rajeshwari Nagar,1570.0,3.0,88.0,3.0,5605.095541401274
Whitefield,1216.0,2.0,79.0,2.0,6496.710526315789
other,600.0,2.0,110.0,3.0,18333.333333333332
other,1475.0,3.0,70.0,3.0,4745.762711864407
Harlur,1754.0,3.0,135.0,3.0,7696.693272519954
Rayasandra,1639.0,3.0,83.0,3.0,5064.063453325199
Hennur Road,1804.0,3.0,102.0,3.0,5654.10199556541
other,1135.0,2.0,55.0,2.0,4845.814977973569
other,1440.0,5.0,110.0,5.0,7638.888888888889
Hennur Road,2160.0,3.0,160.0,3.0,7407.407407407408
Rayasandra,700.0,6.0,85.0,7.0,12142.857142857143
Margondanahalli,1200.0,2.0,67.0,2.0,5583.333333333333
Yelahanka,1300.0,2.0,65.0,2.0,5000.0
Cox Town,605.0,1.0,29.0,1.0,4793.388429752066
Vijayanagar,1230.0,4.0,210.0,6.0,17073.170731707316
Bhoganhalli,1444.0,2.0,75.97,2.0,5261.0803324099725
Kaikondrahalli,1000.0,2.0,30.0,2.0,3000.0
other,1200.0,3.0,225.0,3.0,18750.0
Bisuvanahalli,845.0,2.0,29.0,2.0,3431.9526627218934
Devarachikkanahalli,1200.0,2.0,83.0,2.0,6916.666666666667
other,1452.55,2.0,110.0,2.0,7572.889057175313
other,2357.0,3.0,151.0,3.0,6406.448875689436
Basavangudi,600.0,1.0,97.5,1.0,16250.0
other,1170.0,2.0,105.0,2.0,8974.358974358975
Somasundara Palya,1448.0,2.0,68.0,2.0,4696.132596685083
Kadugodi,1762.0,3.0,110.0,3.0,6242.905788876277
Kaggadasapura,1105.0,2.0,38.65,2.0,3497.737556561086
Yelahanka,1825.0,3.0,105.0,3.0,5753.424657534247
Bhoganhalli,296.0,1.0,22.89,1.0,7733.108108108108
other,1200.0,4.0,85.0,5.0,7083.333333333333
Bellandur,1220.0,2.0,60.0,2.0,4918.0327868852455
Old Madras Road,1200.0,2.0,72.0,2.0,6000.0
Kengeri Satellite Town,600.0,4.0,72.0,3.0,12000.0
other,1411.0,3.0,91.72,3.0,6500.3543586109145
Green Glen Layout,3250.0,4.0,230.0,4.0,7076.923076923077
Haralur Road,2475.0,4.0,130.0,3.0,5252.525252525253
Jakkur,2249.81,2.0,260.5,4.0,11578.755539356656
7Th Phase Jp Nagar,2503.0,4.0,188.0,4.0,7510.986815821015
Marathahalli,2524.0,5.0,190.0,4.0,7527.733755942948
Kaggadasapura,1063.0,2.0,42.0,2.0,3951.081843838194
other,1200.0,3.0,44.0,2.0,3666.6666666666665
Jalahalli,1045.0,2.0,76.77,2.0,7346.411483253589
other,3095.0,3.0,375.0,3.0,12116.316639741519
Sarjapur Road,1680.0,3.0,112.0,3.0,6666.666666666667
other,1350.0,2.0,67.5,2.0,5000.0
Hosakerehalli,800.0,4.0,120.0,4.0,15000.0
Kodichikkanahalli,2700.0,7.0,125.0,5.0,4629.62962962963
other,1100.0,3.0,78.0,3.0,7090.909090909091
Thanisandra,3500.0,5.0,160.0,6.0,4571.428571428572
Begur Road,1634.0,3.0,83.33,3.0,5099.7552019583845
Prithvi Layout,1352.0,2.0,85.0,2.0,6286.98224852071
other,1240.0,2.0,43.79,2.0,3531.451612903226
7Th Phase Jp Nagar,2200.0,3.0,190.0,3.0,8636.363636363636
Bommasandra Industrial Area,1020.0,2.0,39.0,2.0,3823.529411764706
other,3600.0,4.0,365.0,4.0,10138.888888888889
Raja Rajeshwari Nagar,1168.0,2.0,61.0,2.0,5222.602739726028
Yeshwanthpur,1195.0,2.0,100.0,2.0,8368.200836820084
other,1175.0,2.0,48.27,2.0,4108.085106382979
Pai Layout,1550.0,2.0,90.0,3.0,5806.451612903225
Yeshwanthpur,1826.0,3.0,165.0,3.0,9036.144578313253
Hoodi,2400.0,5.0,160.0,5.0,6666.666666666667
Yelahanka,1603.0,3.0,96.0,3.0,5988.7710542732375
Kr Puram,714.0,1.0,28.0,1.0,3921.5686274509803
Malleshpalya,1405.0,2.0,77.0,3.0,5480.427046263345
Kr Puram,1142.0,2.0,51.0,2.0,4465.84938704028
other,4000.0,4.0,170.0,4.0,4250.0
Subramanyapura,1313.0,2.0,73.0,2.0,5559.786747905559
Thanisandra,1573.0,3.0,95.0,3.0,6039.4151303242215
Sarjapur Road,1255.0,2.0,92.0,2.0,7330.677290836654
Benson Town,1400.0,3.0,91.15,4.0,6510.714285714285
Kannamangala,1235.0,2.0,43.63,2.0,3532.7935222672063
Ramamurthy Nagar,1500.0,9.0,250.0,7.0,16666.666666666668
Vittasandra,1238.0,2.0,67.0,2.0,5411.954765751211
other,1465.0,2.0,74.72,3.0,5100.341296928327
Thigalarapalya,1418.0,2.0,103.0,2.0,7263.7517630465445
other,1650.0,3.0,165.0,3.0,10000.0
Anekal,351.0,1.0,16.0,1.0,4558.404558404558
Kasavanhalli,1870.0,3.0,200.0,3.0,10695.187165775402
other,1500.0,5.0,230.0,4.0,15333.333333333334
Hebbal,2526.0,2.0,250.0,3.0,9897.070467141726
other,1550.0,2.0,150.0,3.0,9677.41935483871
other,1360.0,2.0,59.27,3.0,4358.088235294118
other,1150.0,2.0,75.0,3.0,6521.739130434783
other,1200.0,3.0,74.0,3.0,6166.666666666667
Bhoganhalli,1447.0,2.0,75.97,2.0,5250.172771250864
other,1229.0,3.0,86.03,3.0,7000.0
Malleshpalya,1065.0,2.0,50.0,2.0,4694.835680751174
other,1030.0,2.0,61.0,2.0,5922.330097087379
Mallasandra,1340.0,2.0,61.0,2.0,4552.238805970149
other,600.0,1.0,32.0,1.0,5333.333333333333
Yelahanka,1304.0,2.0,79.0,2.0,6058.2822085889575
other,2720.0,4.0,485.0,4.0,17830.882352941175
Kammasandra,990.0,2.0,31.5,2.0,3181.818181818182
Tumkur Road,596.0,1.0,30.09,1.0,5048.657718120805
Tumkur Road,1239.0,2.0,82.0,2.0,6618.240516545601
Hosa Road,1365.0,2.0,92.0,2.0,6739.92673992674
other,1165.0,2.0,135.0,2.0,11587.982832618025
Green Glen Layout,1776.42,3.0,105.0,3.0,5910.764346269463
Vidyaranyapura,900.0,4.0,175.0,4.0,19444.444444444445
other,1107.0,2.0,33.0,2.0,2981.029810298103
Nagavara,2319.0,3.0,180.0,3.0,7761.966364812419
other,1520.0,3.0,80.0,3.0,5263.1578947368425
Kannamangala,1536.0,3.0,89.0,3.0,5794.270833333333
other,3000.0,4.0,240.0,4.0,8000.0
other,1050.0,2.0,38.0,2.0,3619.0476190476193
Hoodi,1850.0,3.0,146.0,3.0,7891.891891891892
Billekahalli,1112.0,2.0,62.0,2.0,5575.5395683453235
Banashankari,2400.0,3.0,370.0,4.0,15416.666666666666
9Th Phase Jp Nagar,1164.0,2.0,56.0,2.0,4810.996563573884
Electronic City Phase Ii,1395.0,2.0,62.78,3.0,4500.358422939068
Arekere,2072.0,3.0,108.0,3.0,5212.355212355213
Bannerghatta Road,1550.0,3.0,82.0,3.0,5290.322580645161
other,1315.0,2.0,90.0,2.0,6844.106463878327
other,1210.0,2.0,72.0,2.0,5950.413223140496
Bisuvanahalli,1075.0,2.0,47.0,3.0,4372.093023255814
other,11338.0,9.0,1000.0,6.0,8819.897689186806
other,1215.0,3.0,42.2,3.0,3473.251028806584
Kaggadasapura,1470.0,2.0,75.0,3.0,5102.040816326531
Dodsworth Layout,30000.0,4.0,2100.0,4.0,7000.0
Hosur Road,1590.0,2.0,125.0,3.0,7861.635220125786
Malleshwaram,2000.0,3.0,250.0,3.0,12500.0
other,1445.0,3.0,64.0,3.0,4429.065743944637
Dodda Nekkundi,1390.0,2.0,60.0,2.0,4316.546762589928
Battarahalli,800.0,2.0,75.0,3.0,9375.0
Nagarbhavi,600.0,3.0,100.0,3.0,16666.666666666668
Thigalarapalya,1418.0,2.0,101.0,2.0,7122.708039492242
Varthur Road,1655.0,3.0,115.0,3.0,6948.640483383686
other,1170.0,2.0,68.0,2.0,5811.965811965812
Anekal,1035.0,2.0,38.3,2.0,3700.483091787439
Thanisandra,1917.0,3.0,122.0,3.0,6364.110589462703
Koramangala,1325.0,2.0,119.0,2.0,8981.132075471698
5Th Phase Jp Nagar,1400.0,2.0,88.0,3.0,6285.714285714285
Tumkur Road,1246.0,2.0,82.0,2.0,6581.0593900481545
Sarjapur,1215.0,2.0,40.0,2.0,3292.1810699588477
Munnekollal,1200.0,2.0,49.5,2.0,4125.0
other,450.0,3.0,53.0,4.0,11777.777777777777
Kodigehaali,1200.0,2.0,60.0,2.0,5000.0
Kaval Byrasandra,945.0,2.0,50.0,2.0,5291.005291005291
Benson Town,4460.0,5.0,650.0,4.0,14573.991031390135
Whitefield,920.0,2.0,63.0,2.0,6847.826086956522
Hosakerehalli,3024.0,5.0,350.0,4.0,11574.074074074075
other,1600.0,2.0,110.0,2.0,6875.0
Sanjay Nagar,750.0,2.0,110.0,4.0,14666.666666666666
other,955.0,1.0,34.01,2.0,3561.256544502618
Ardendale,1750.0,3.0,100.0,3.0,5714.285714285715
Uttarahalli,1425.0,2.0,64.0,3.0,4491.228070175439
Basavangudi,2150.0,3.0,265.0,3.0,12325.581395348838
Kaggadasapura,1050.0,2.0,48.0,2.0,4571.428571428572
other,1370.0,2.0,75.0,3.0,5474.4525547445255
Electronic City,1374.0,2.0,72.0,3.0,5240.174672489083
Harlur,1754.0,3.0,124.0,3.0,7069.555302166476
Kothanur,1847.0,3.0,110.0,3.0,5955.603681645913
Ambedkar Nagar,1850.0,4.0,139.0,3.0,7513.513513513513
Chikka Tirupathi,3297.0,3.0,135.0,3.0,4094.631483166515
other,1187.0,2.0,45.0,2.0,3791.0699241786015
other,600.0,2.0,30.0,3.0,5000.0
Chamrajpet,1350.0,2.0,180.0,2.0,13333.333333333334
Doddaballapur,3000.0,2.0,120.0,3.0,4000.0
Thanisandra,693.0,1.0,34.3,1.0,4949.494949494949
Dairy Circle,1980.0,3.0,224.0,3.0,11313.131313131313
Kr Puram,1021.0,2.0,48.0,2.0,4701.273261508325
Thigalarapalya,1165.0,2.0,95.0,2.0,8154.50643776824
Horamavu Agara,1756.0,3.0,92.0,3.0,5239.179954441914
Bharathi Nagar,1739.0,3.0,105.0,3.0,6037.952846463485
Munnekollal,950.0,2.0,46.5,2.0,4894.736842105263
Kengeri,1082.0,2.0,49.0,3.0,4528.650646950093
Arekere,1100.0,2.0,55.0,2.0,5000.0
Ardendale,3200.0,4.0,205.0,4.0,6406.25
Sarjapur Road,1311.0,2.0,78.0,2.0,5949.656750572082
Raja Rajeshwari Nagar,1608.0,3.0,67.98,3.0,4227.611940298508
Whitefield,1170.0,2.0,71.0,2.0,6068.376068376068
Hebbal,1255.0,2.0,77.68,3.0,6189.641434262949
Rayasandra,1065.0,2.0,44.95,2.0,4220.657276995305
Neeladri Nagar,674.0,1.0,21.0,1.0,3115.727002967359
Ambedkar Nagar,1936.0,4.0,126.0,3.0,6508.264462809917
Sarakki Nagar,2289.0,3.0,260.0,3.0,11358.671909130624
other,1100.0,2.0,38.45,2.0,3495.454545454546
Ramagondanahalli,2257.0,4.0,157.0,3.0,6956.136464333185
other,1700.0,3.0,97.0,3.0,5705.882352941177
Raja Rajeshwari Nagar,1575.0,2.0,78.0,3.0,4952.380952380952
Frazer Town,3500.0,4.0,330.0,3.0,9428.57142857143
other,1263.0,2.0,93.32,2.0,7388.756927949327
Kr Puram,1255.0,3.0,69.315,3.0,5523.107569721115
Kengeri Satellite Town,1043.0,2.0,65.0,2.0,6232.023010546501
Hennur,1255.0,2.0,53.5,2.0,4262.948207171315
Jp Nagar,1300.0,2.0,93.865,2.0,7220.384615384615
Yelahanka,1550.0,3.0,120.0,3.0,7741.935483870968
other,1900.0,3.0,160.0,3.0,8421.052631578947
other,1360.0,3.0,55.0,3.0,4044.1176470588234
other,1100.0,2.0,75.0,2.0,6818.181818181818
8Th Phase Jp Nagar,1455.0,3.0,73.31,3.0,5038.487972508591
Kr Puram,1035.0,2.0,40.5,2.0,3913.0434782608695
Harlur,1152.0,2.0,69.0,2.0,5989.583333333333
Bellandur,1299.0,2.0,82.0,2.0,6312.548113933795
Sarjapur Road,1157.0,2.0,75.0,3.0,6482.281763180639
Pai Layout,1050.0,2.0,40.0,2.0,3809.5238095238096
Vittasandra,1246.0,2.0,67.4,2.0,5409.309791332264
other,1929.0,3.0,115.0,3.0,5961.638154484189
Hennur,1285.0,2.0,60.0,2.0,4669.260700389105
Margondanahalli,1200.0,2.0,65.0,3.0,5416.666666666667
other,3161.0,4.0,214.0,4.0,6770.00949066751
Btm 2Nd Stage,1850.0,3.0,170.0,3.0,9189.18918918919
Sompura,1025.0,2.0,37.0,3.0,3609.756097560976
Giri Nagar,4500.0,5.0,250.0,7.0,5555.555555555556
other,1020.0,2.0,40.0,2.0,3921.5686274509803
other,3515.0,3.0,420.0,3.0,11948.790896159317
Akshaya Nagar,1410.0,2.0,80.0,3.0,5673.758865248227
Whitefield,1118.0,2.0,75.0,2.0,6708.4078711985685
Thanisandra,1098.0,2.0,68.0,2.0,6193.078324225865
Sarjapur Road,1145.0,2.0,75.0,2.0,6550.218340611354
Kadugodi,950.0,3.0,80.0,3.0,8421.052631578947
other,1051.0,2.0,33.0,2.0,3139.8667935299713
other,600.0,7.0,108.0,7.0,18000.0
Jalahalli,1478.0,2.0,125.0,2.0,8457.374830852503
Chandapura,645.0,1.0,16.45,1.0,2550.3875968992247
Hebbal,823.0,2.0,50.63,2.0,6151.883353584447
Abbigere,880.0,2.0,35.0,2.0,3977.2727272727275
Kr Puram,600.0,5.0,75.0,4.0,12500.0
Gubbalala,1745.0,3.0,115.0,3.0,6590.25787965616
other,1226.0,3.0,135.0,2.0,11011.419249592169
Begur Road,680.0,4.0,68.0,3.0,10000.0
other,1100.0,2.0,70.0,2.0,6363.636363636364
Banashankari Stage Vi,1200.0,4.0,195.0,4.0,16250.0
Singasandra,3366.0,4.0,120.0,4.0,3565.0623885918003
Sahakara Nagar,1150.0,2.0,54.0,2.0,4695.652173913043
Kaggadasapura,1132.0,2.0,42.0,2.0,3710.2473498233217
7Th Phase Jp Nagar,1500.0,5.0,220.0,4.0,14666.666666666666
Thanisandra,760.0,1.0,50.3,1.0,6618.421052631579
Kaggadasapura,1180.0,2.0,65.0,2.0,5508.474576271186
Jigani,918.0,2.0,45.0,2.0,4901.9607843137255
Rachenahalli,600.0,5.0,50.0,5.0,8333.333333333334
Margondanahalli,1200.0,1.0,53.0,2.0,4416.666666666667
Hsr Layout,1372.0,2.0,61.0,2.0,4446.064139941691
other,2400.0,7.0,355.0,7.0,14791.666666666666
Ardendale,1728.0,3.0,95.0,3.0,5497.685185185185
Malleshwaram,2215.0,3.0,275.0,3.0,12415.349887133183
Btm 2Nd Stage,1200.0,2.0,80.0,2.0,6666.666666666667
Hulimavu,800.0,4.0,110.0,4.0,13750.0
other,1455.0,2.0,56.0,3.0,3848.7972508591065
Rachenahalli,440.0,1.0,28.0,1.0,6363.636363636364
Kanakpura Road,1500.0,3.0,97.0,3.0,6466.666666666667
Whitefield,1800.0,3.0,110.0,3.0,6111.111111111111
Mysore Road,1525.0,3.0,96.0,3.0,6295.081967213115
Old Madras Road,1225.0,2.0,53.55,2.0,4371.428571428572
Kalyan Nagar,800.0,6.0,98.0,6.0,12250.0
Bannerghatta Road,1650.0,3.0,122.0,3.0,7393.939393939394
other,4200.0,4.0,255.0,4.0,6071.428571428572
other,1200.0,2.0,55.0,2.0,4583.333333333333
Sarjapur Road,1152.0,4.0,230.0,4.0,19965.277777777777
9Th Phase Jp Nagar,1005.0,2.0,42.0,2.0,4179.104477611941
Whitefield,1562.0,3.0,103.0,3.0,6594.110115236876
Devanahalli,5000.0,5.0,395.0,4.0,7900.0
Babusapalaya,810.0,5.0,95.0,6.0,11728.395061728395
Kr Puram,1550.0,2.0,71.0,2.0,4580.645161290323
Chikkalasandra,1070.0,2.0,50.0,2.0,4672.897196261682
Yelahanka,1610.0,3.0,115.0,3.0,7142.857142857143
other,700.0,1.0,41.0,1.0,5857.142857142857
other,1300.0,2.0,49.0,3.0,3769.230769230769
Hebbal,1420.0,2.0,123.0,2.0,8661.971830985916
Vidyaranyapura,1200.0,9.0,100.0,9.0,8333.333333333334
Hebbal,1069.0,3.0,65.4,3.0,6117.867165575305
Marathahalli,1900.0,3.0,123.0,3.0,6473.684210526316
Old Airport Road,1655.0,2.0,97.65,2.0,5900.302114803625
Sarjapur Road,1300.0,2.0,70.0,3.0,5384.615384615385
Doddathoguru,1030.0,2.0,42.0,2.0,4077.669902912621
Vittasandra,2105.0,2.0,70.2,2.0,3334.916864608076
Bhoganhalli,1700.0,3.0,126.0,3.0,7411.764705882353
Jakkur,1760.0,3.0,139.0,3.0,7897.727272727273
Kadugodi,6200.0,9.0,200.0,9.0,3225.8064516129034
other,1400.0,2.0,67.0,2.0,4785.714285714285
other,1200.0,2.0,53.0,2.0,4416.666666666667
Bannerghatta Road,912.0,2.0,55.0,2.0,6030.701754385965
other,1535.0,3.0,55.0,3.0,3583.061889250814
Jigani,918.0,2.0,63.2,2.0,6884.531590413943
Begur Road,1500.0,2.0,70.0,3.0,4666.666666666667
other,3000.0,3.0,250.0,3.0,8333.333333333334
Kasavanhalli,1476.0,3.0,89.0,3.0,6029.810298102981
Vijayanagar,606.0,1.0,34.78,1.0,5739.273927392739
other,1100.0,2.0,61.0,2.0,5545.454545454545
Garudachar Palya,1295.0,2.0,59.5,3.0,4594.594594594595
Neeladri Nagar,527.0,1.0,26.0,1.0,4933.586337760911
Ombr Layout,1300.0,2.0,80.0,2.0,6153.846153846154
Bommanahalli,680.0,4.0,68.0,3.0,10000.0
other,1260.0,1.0,41.0,1.0,3253.968253968254
Koramangala,1140.0,2.0,75.2,2.0,6596.491228070176
Whitefield,2321.0,4.0,128.0,3.0,5514.864282636794
Sarjapur Road,1725.0,3.0,90.0,3.0,5217.391304347826
Hebbal,3067.0,4.0,310.0,4.0,10107.597000326052
Kanakpura Road,1230.0,2.0,85.0,2.0,6910.569105691057
other,600.0,1.0,17.0,1.0,2833.3333333333335
Yeshwanthpur,1313.0,3.0,96.0,3.0,7311.500380807312
Tc Palaya,900.0,2.0,55.0,2.0,6111.111111111111
Hbr Layout,1200.0,6.0,280.0,9.0,23333.333333333332
Binny Pete,660.0,1.0,54.0,1.0,8181.818181818182
Koramangala,2700.0,4.0,450.0,4.0,16666.666666666668
Old Madras Road,1100.0,2.0,70.0,2.0,6363.636363636364
Singasandra,525.0,5.0,56.0,4.0,10666.666666666666
Electronics City Phase 1,1015.0,2.0,56.0,2.0,5517.241379310345
Gottigere,812.0,1.0,26.0,1.0,3201.9704433497536
other,1360.0,2.0,65.0,3.0,4779.411764705882
Nehru Nagar,2167.0,3.0,170.0,3.0,7844.946931241348
other,1165.0,2.0,75.0,2.0,6437.768240343347
Btm 2Nd Stage,1274.0,2.0,70.0,2.0,5494.505494505494
Vidyaranyapura,1060.0,6.0,110.0,6.0,10377.358490566037
Thubarahalli,1626.0,2.0,120.0,3.0,7380.073800738008
other,1035.0,2.0,35.77,2.0,3456.038647342996
other,1272.0,4.0,75.0,3.0,5896.226415094339
other,965.0,2.0,45.0,2.0,4663.21243523316
other,1600.0,5.0,140.0,5.0,8750.0
Kothannur,1070.0,2.0,42.79,2.0,3999.0654205607475
Raja Rajeshwari Nagar,1570.0,2.0,65.0,3.0,4140.127388535032
other,1053.0,2.0,38.0,2.0,3608.7369420702753
other,780.0,2.0,25.0,2.0,3205.128205128205
other,1000.0,2.0,65.0,3.0,6500.0
9Th Phase Jp Nagar,1200.0,3.0,188.0,4.0,15666.666666666666
Tindlu,7500.0,7.0,400.0,7.0,5333.333333333333
5Th Phase Jp Nagar,1700.0,2.0,100.0,3.0,5882.35294117647
Haralur Road,1850.0,3.0,110.0,3.0,5945.945945945946
Kereguddadahalli,904.0,2.0,30.0,2.0,3318.5840707964603
other,1121.0,2.0,43.72,2.0,3900.0892060660126
Sahakara Nagar,1270.0,2.0,69.85,2.0,5499.999999999999
other,2400.0,4.0,325.0,3.0,13541.666666666666
Mahadevpura,730.0,1.0,35.0,1.0,4794.520547945205
Kengeri,1125.0,2.0,88.0,4.0,7822.222222222223
Gunjur Palya,674.0,1.0,19.9,2.0,2952.522255192878
Nagarbhavi,600.0,3.0,83.0,3.0,13833.333333333334
Jakkur,1290.0,2.0,100.0,2.0,7751.937984496124
Kumaraswami Layout,600.0,3.0,98.0,3.0,16333.333333333334
Abbigere,795.0,2.0,32.54,2.0,4093.0817610062895
other,1463.0,1.0,142.0,2.0,9706.083390293916
Vijayanagar,1000.0,3.0,140.0,3.0,14000.0
other,1306.0,2.0,58.0,3.0,4441.04134762634
other,2401.0,3.0,185.0,3.0,7705.12286547272
Bommenahalli,1670.0,3.0,135.0,4.0,8083.832335329342
other,1875.0,2.0,235.0,3.0,12533.333333333334
Marsur,1200.0,3.0,90.0,3.0,7500.0
Dodda Nekkundi,1804.0,3.0,121.0,3.0,6707.317073170731
1St Phase Jp Nagar,2065.0,4.0,210.0,3.0,10169.49152542373
Hoskote,1225.0,3.0,40.0,3.0,3265.3061224489797
Thanisandra,934.0,2.0,58.68,2.0,6282.655246252677
Bellandur,900.0,2.0,56.0,2.0,6222.222222222223
Binny Pete,1350.0,2.0,91.0,2.0,6740.740740740741
Kaggalipura,700.0,1.0,36.0,1.0,5142.857142857143
other,1160.0,2.0,46.39,2.0,3999.137931034483
Hennur Road,1680.0,3.0,99.27,3.0,5908.928571428572
other,1043.0,2.0,55.0,2.0,5273.250239693192
Hoskote,1200.0,4.0,120.0,4.0,10000.0
Hebbal,1040.0,2.0,46.0,2.0,4423.076923076923
Tindlu,1357.0,2.0,65.0,3.0,4789.977892409727
other,1600.0,7.0,104.0,7.0,6500.0
other,1225.0,2.0,47.0,2.0,3836.734693877551
other,1500.0,6.0,80.0,9.0,5333.333333333333
Yelachenahalli,1130.0,2.0,40.0,2.0,3539.8230088495575
Basavangudi,2500.0,4.0,150.0,4.0,6000.0
Sultan Palaya,1700.0,3.0,120.0,3.0,7058.823529411765
Doddathoguru,1549.0,3.0,65.0,3.0,4196.255648805681
Yeshwanthpur,1400.0,2.0,100.0,2.0,7142.857142857143
Dodda Nekkundi,1080.0,2.0,50.0,2.0,4629.62962962963
Ulsoor,1180.0,2.0,100.0,2.0,8474.57627118644
other,780.0,7.0,150.0,7.0,19230.76923076923
other,890.0,1.0,75.0,1.0,8426.966292134832
Abbigere,1005.0,2.0,39.59,2.0,3939.303482587065
Whitefield,1320.0,2.0,95.0,2.0,7196.969696969697
Anandapura,1475.0,2.0,50.0,4.0,3389.830508474576
Kudlu Gate,1564.0,2.0,99.745,3.0,6377.557544757034
other,1110.0,2.0,51.0,2.0,4594.594594594595
other,1300.0,2.0,54.0,2.0,4153.846153846154
other,600.0,3.0,86.0,5.0,14333.333333333334
Electronic City,1128.0,2.0,65.35,2.0,5793.439716312056
Jakkur,1452.19,2.0,100.0,2.0,6886.151261198604
other,2400.0,3.0,290.0,3.0,12083.333333333334
Banashankari,2600.0,4.0,135.0,3.0,5192.307692307692
Sarakki Nagar,2500.0,4.0,325.0,3.0,13000.0
Sanjay Nagar,630.0,1.0,35.0,2.0,5555.555555555556
other,960.0,2.0,32.0,2.0,3333.3333333333335
other,1690.0,3.0,100.0,3.0,5917.15976331361
Banaswadi,1365.0,2.0,73.0,2.0,5347.985347985348
Hebbal,1420.0,2.0,99.39,2.0,6999.295774647887
Bisuvanahalli,850.0,1.0,32.0,2.0,3764.705882352941
7Th Phase Jp Nagar,1575.0,2.0,110.0,3.0,6984.126984126984
Thigalarapalya,1418.0,2.0,104.0,2.0,7334.273624823695
Hennur Road,1065.0,2.0,42.6,2.0,4000.0
Parappana Agrahara,1194.0,2.0,47.0,2.0,3936.348408710218
Abbigere,734.0,1.0,19.82,1.0,2700.272479564033
other,799.0,2.0,38.0,2.0,4755.944931163955
Ardendale,1100.0,2.0,48.0,2.0,4363.636363636364
Bellandur,1350.0,2.0,79.0,2.0,5851.851851851852
other,1355.0,3.0,61.0,3.0,4501.845018450184
Electronic City,1128.0,2.0,65.0,2.0,5762.41134751773
other,1350.0,2.0,90.0,2.0,6666.666666666667
Cunningham Road,3875.0,3.0,864.0,3.0,22296.774193548386
Kasavanhalli,1493.0,3.0,82.0,3.0,5492.297387809779
Banashankari,1900.0,2.0,170.0,3.0,8947.368421052632
other,1460.0,3.0,88.0,3.0,6027.397260273972
Frazer Town,2350.0,4.0,285.0,3.0,12127.659574468085
Horamavu Banaswadi,1600.0,5.0,140.0,5.0,8750.0
Kanakpura Road,1366.0,3.0,76.85,2.0,5625.915080527086
other,1685.0,3.0,95.0,3.0,5637.982195845697
Koramangala,1260.0,2.0,100.0,2.0,7936.507936507936
Whitefield,3010.0,3.0,200.0,3.0,6644.518272425249
Ramamurthy Nagar,1330.0,4.0,140.0,3.0,10526.315789473685
Mallasandra,1200.0,2.0,130.0,2.0,10833.333333333334
Whitefield,1346.0,2.0,96.17,2.0,7144.873699851411
Sarjapur Road,1446.0,2.0,98.94,3.0,6842.323651452282
7Th Phase Jp Nagar,1850.0,3.0,140.0,3.0,7567.5675675675675
Frazer Town,2350.0,2.0,423.0,5.0,18000.0
other,800.0,5.0,98.0,5.0,12250.0
Parappana Agrahara,1194.0,2.0,46.0,2.0,3852.5963149078725
Whitefield,3850.0,5.0,316.0,3.0,8207.792207792209
Hebbal,4235.0,4.0,365.0,4.0,8618.654073199528
other,800.0,1.0,52.0,1.0,6500.0
Rachenahalli,2250.0,3.0,195.0,3.0,8666.666666666666
Thanisandra,2002.0,3.0,112.0,3.0,5594.4055944055945
other,4000.0,5.0,280.0,4.0,7000.0
Electronics City Phase 1,1595.0,3.0,75.0,3.0,4702.194357366771
Hebbal,1100.0,2.0,47.0,2.0,4272.727272727273
Isro Layout,1180.0,2.0,52.0,2.0,4406.779661016949
Akshaya Nagar,1662.0,3.0,85.0,3.0,5114.320096269555
Hennur,1285.0,2.0,60.0,2.0,4669.260700389105
Akshaya Nagar,1080.0,4.0,75.0,4.0,6944.444444444444
other,1100.0,4.0,150.0,5.0,13636.363636363636
Ambedkar Nagar,5530.0,5.0,627.0,5.0,11338.155515370705
other,1100.0,2.0,53.0,2.0,4818.181818181818
Nagavarapalya,1392.0,2.0,99.0,2.0,7112.068965517241
Jakkur,1798.0,3.0,120.0,3.0,6674.082313681869
Babusapalaya,1675.0,3.0,75.0,3.0,4477.611940298508
other,792.0,2.0,70.0,2.0,8838.38383838384
other,2000.0,4.0,103.0,5.0,5150.0
other,600.0,7.0,89.0,7.0,14833.333333333334
Hebbal,1700.0,3.0,124.0,3.0,7294.117647058823
Kalkere,1147.0,2.0,54.0,2.0,4707.933740191805
Sultan Palaya,1100.0,2.0,40.0,2.0,3636.3636363636365
Vijayanagar,1527.0,3.0,115.0,3.0,7531.106745252128
other,2400.0,5.0,235.0,5.0,9791.666666666666
Kanakpura Road,525.0,1.0,25.0,1.0,4761.9047619047615
Kaggadasapura,1100.0,2.0,58.0,2.0,5272.727272727273
Seegehalli,1118.0,2.0,37.5,2.0,3354.2039355992843
Kanakapura,1476.0,3.0,75.0,3.0,5081.30081300813
other,2100.0,3.0,75.0,3.0,3571.4285714285716
other,1215.0,2.0,46.5,3.0,3827.1604938271603
Ambalipura,1332.0,2.0,79.0,2.0,5930.930930930931
Hennur Road,1350.0,2.0,49.0,2.0,3629.6296296296296
Kothannur,600.0,4.0,81.0,4.0,13500.0
Ngr Layout,1105.0,2.0,49.73,2.0,4500.4524886877825
Padmanabhanagar,1500.0,2.0,200.0,3.0,13333.333333333334
Kambipura,883.0,2.0,45.0,2.0,5096.262740656852
Pai Layout,1400.0,2.0,67.0,3.0,4785.714285714285
Rajaji Nagar,1800.0,3.0,260.0,3.0,14444.444444444445
Hegde Nagar,1703.0,3.0,113.0,3.0,6635.3493834409865
Nri Layout,2500.0,5.0,130.0,5.0,5200.0
Varthur,1250.0,3.0,71.0,3.0,5680.0
Jigani,933.0,2.0,43.0,2.0,4608.788853161844
other,461.82,1.0,31.7,1.0,6864.146204148803
Brookefield,1262.0,2.0,75.0,2.0,5942.947702060222
Yelahanka,915.0,2.0,48.0,2.0,5245.901639344263
Malleshpalya,1210.0,2.0,55.0,2.0,4545.454545454545
Kodihalli,2392.0,4.0,260.0,3.0,10869.565217391304
other,1500.0,2.0,85.0,3.0,5666.666666666667
other,1065.0,2.0,50.0,2.0,4694.835680751174
Rajaji Nagar,3100.0,4.0,570.0,4.0,18387.09677419355
Sarjapura - Attibele Road,1800.0,4.0,110.0,4.0,6111.111111111111
Uttarahalli,1300.0,2.0,55.0,3.0,4230.7692307692305
Jakkur,1300.0,2.0,85.0,2.0,6538.461538461538
Battarahalli,1350.0,3.0,110.0,5.0,8148.148148148148
other,1205.0,2.0,42.18,2.0,3500.414937759336
other,1260.0,2.0,75.0,2.0,5952.380952380952
other,1320.0,5.0,199.0,5.0,15075.757575757576
other,1199.0,2.0,50.0,2.0,4170.141784820684
Hennur Road,1385.0,2.0,83.09,2.0,5999.27797833935
other,1222.0,5.0,250.0,6.0,20458.265139116203
Lakshminarayana Pura,1149.0,2.0,75.0,2.0,6527.415143603133
Sarjapur Road,2180.0,3.0,170.0,3.0,7798.165137614679
Tc Palaya,1200.0,7.0,110.0,8.0,9166.666666666666
other,12000.0,12.0,525.0,10.0,4375.0
other,1200.0,5.0,195.0,5.0,16250.0
Hulimavu,1818.0,3.0,135.0,3.0,7425.742574257426
other,1070.0,2.0,33.0,2.0,3084.11214953271
Rajaji Nagar,1640.0,3.0,241.0,3.0,14695.121951219513
Chandapura,630.0,1.0,27.0,2.0,4285.714285714285
Hoodi,1430.0,2.0,113.0,2.0,7902.097902097902
Nagavara,2430.0,4.0,180.0,3.0,7407.407407407408
other,1500.0,7.0,220.0,6.0,14666.666666666666
Sarjapur Road,1084.0,2.0,55.0,2.0,5073.8007380073805
Haralur Road,3400.0,5.0,240.0,4.0,7058.823529411765
Iblur Village,3596.0,5.0,282.0,4.0,7842.046718576195
Raja Rajeshwari Nagar,1295.0,2.0,70.0,2.0,5405.405405405405
Kasavanhalli,1000.0,4.0,110.0,3.0,11000.0
other,2820.0,3.0,285.0,3.0,10106.382978723404
Hebbal,4772.0,6.0,510.0,4.0,10687.34283319363
Rajaji Nagar,1370.0,2.0,170.0,2.0,12408.759124087592
Gunjur,2000.0,3.0,95.0,4.0,4750.0
9Th Phase Jp Nagar,3500.0,4.0,300.0,4.0,8571.42857142857
2Nd Stage Nagarbhavi,1200.0,4.0,240.0,5.0,20000.0
Kengeri,2400.0,5.0,253.0,4.0,10541.666666666666
other,1950.0,3.0,130.0,3.0,6666.666666666667
Somasundara Palya,1178.0,2.0,73.0,2.0,6196.9439728353145
Dasanapura,1286.0,3.0,61.44,3.0,4777.604976671851
Jigani,918.0,2.0,55.0,2.0,5991.285403050109
Electronic City,1563.0,3.0,91.84,3.0,5875.879718490083
other,1326.0,2.0,62.17,2.0,4688.536953242836
other,1350.0,2.0,140.0,3.0,10370.37037037037
Hebbal,3960.0,5.0,386.0,4.0,9747.474747474747
Kaggadasapura,1325.0,2.0,50.0,2.0,3773.5849056603774
Cunningham Road,3875.0,3.0,800.0,3.0,20645.16129032258
Hennur Road,5600.0,5.0,515.0,5.0,9196.42857142857
Somasundara Palya,1260.0,2.0,60.0,2.0,4761.9047619047615
Arekere,1445.0,2.0,125.0,3.0,8650.519031141868
Electronics City Phase 1,1515.0,2.0,80.91,3.0,5340.59405940594
Hosa Road,1332.0,2.0,86.12,3.0,6465.465465465465
Electronic City,1652.0,3.0,70.0,3.0,4237.28813559322
Hegde Nagar,1570.0,3.0,105.0,3.0,6687.898089171975
Sarjapur Road,5400.0,4.0,725.0,4.0,13425.925925925925
other,794.0,1.0,60.0,1.0,7556.675062972292
Seegehalli,1200.0,2.0,62.0,3.0,5166.666666666667
7Th Phase Jp Nagar,3600.0,3.0,410.0,4.0,11388.888888888889
Hosakerehalli,1200.0,3.0,175.0,3.0,14583.333333333334
Jp Nagar,1650.0,3.0,220.0,4.0,13333.333333333334
other,600.0,2.0,85.0,4.0,14166.666666666666
Hrbr Layout,2800.0,3.0,250.0,3.0,8928.57142857143
Sarjapur Road,1750.0,3.0,110.0,3.0,6285.714285714285
Hebbal,1053.0,2.0,48.0,2.0,4558.404558404558
Kadubeesanahalli,1665.0,3.0,70.0,3.0,4204.204204204204
other,4051.0,4.0,345.0,4.0,8516.415699827203
Bommasandra,1447.0,3.0,80.0,3.0,5528.6800276434005
Balagere,1012.0,2.0,75.0,2.0,7411.067193675889
Narayanapura,1308.0,2.0,92.66,2.0,7084.0978593272175
Green Glen Layout,3250.0,4.0,230.0,4.0,7076.923076923077
Hormavu,1351.0,2.0,53.0,1.0,3923.019985196151
Gunjur,1140.0,2.0,49.11,2.0,4307.894736842105
Jakkur,2249.81,4.0,260.5,4.0,11578.755539356656
Uttarahalli,1250.0,2.0,55.0,3.0,4400.0
Ambedkar Nagar,1424.0,2.0,90.0,2.0,6320.224719101124
Garudachar Palya,1320.0,2.0,60.6,3.0,4590.909090909091
Akshaya Nagar,1662.0,3.0,85.5,3.0,5144.404332129964
Koramangala,1975.0,3.0,210.0,3.0,10632.911392405063
Garudachar Palya,1295.0,2.0,59.5,3.0,4594.594594594595
Battarahalli,1777.0,3.0,100.0,3.0,5627.462014631401
Kadugodi,1900.0,3.0,108.0,3.0,5684.210526315789
Sompura,1020.0,2.0,41.0,2.0,4019.607843137255
other,2100.0,3.0,170.0,3.0,8095.238095238095
Raja Rajeshwari Nagar,648.0,1.0,31.75,1.0,4899.691358024691
Neeladri Nagar,1167.0,2.0,38.0,3.0,3256.212510711225
other,1000.0,7.0,160.0,7.0,16000.0
Kogilu,2350.0,5.0,327.0,3.0,13914.893617021276
Vittasandra,1259.0,2.0,67.4,2.0,5353.455123113583
Gottigere,2000.0,4.0,82.0,4.0,4100.0
8Th Phase Jp Nagar,1800.0,3.0,80.0,3.0,4444.444444444444
other,1991.0,3.0,160.0,3.0,8036.162732295329
Bannerghatta,1665.0,3.0,110.0,3.0,6606.606606606607
other,1234.0,2.0,61.0,2.0,4943.273905996759
Old Airport Road,1075.0,2.0,60.0,2.0,5581.395348837209
Electronic City,1025.0,2.0,54.5,2.0,5317.073170731707
Thanisandra,2000.0,3.0,99.0,3.0,4950.0
Whitefield,2500.0,4.0,155.0,4.0,6200.0
Mallasandra,1325.0,2.0,70.0,2.0,5283.018867924528
Kadugodi,1314.0,2.0,68.2,2.0,5190.258751902587
Kanakpura Road,2265.0,3.0,136.0,3.0,6004.415011037528
7Th Phase Jp Nagar,4800.0,7.0,170.0,7.0,3541.6666666666665
other,1200.0,3.0,66.0,3.0,5500.0
other,2220.0,4.0,65.0,3.0,2927.927927927928
Kr Puram,1070.0,2.0,51.22,2.0,4786.915887850468
Hebbal,1420.0,2.0,99.39,2.0,6999.295774647887
Jp Nagar,1300.0,2.0,90.87,2.0,6990.0
other,3000.0,4.0,342.0,4.0,11400.0
Harlur,1290.0,2.0,87.0,2.0,6744.186046511628
other,2400.0,6.0,245.0,6.0,10208.333333333334
Whitefield,905.0,1.0,55.0,1.0,6077.348066298343
other,1069.0,2.0,55.0,2.0,5144.9953227315245
Koramangala,1900.0,2.0,200.0,2.0,10526.315789473685
Channasandra,1115.0,2.0,33.45,2.0,3000.0000000000005
Rajaji Nagar,2409.0,3.0,360.0,3.0,14943.960149439601
Hosakerehalli,2400.0,5.0,250.0,5.0,10416.666666666666
other,1375.0,2.0,105.0,2.0,7636.363636363636
Subramanyapura,1313.0,2.0,66.5,2.0,5064.737242955065
Attibele,3640.0,4.0,275.0,4.0,7554.945054945055
other,1693.0,3.0,108.0,3.0,6379.208505611341
other,1160.0,2.0,41.75,2.0,3599.137931034483
other,1200.0,3.0,200.0,3.0,16666.666666666668
Subramanyapura,1255.0,2.0,79.0,3.0,6294.820717131474
Kr Puram,1000.0,4.0,75.0,4.0,7500.0
other,900.0,2.0,45.0,2.0,5000.0
Uttarahalli,1700.0,3.0,88.0,3.0,5176.470588235294
Harlur,1749.0,3.0,115.0,3.0,6575.18582046884
other,1175.0,2.0,48.0,2.0,4085.1063829787236
other,1200.0,2.0,50.0,2.0,4166.666666666667
Ramagondanahalli,1610.0,2.0,115.0,3.0,7142.857142857143
Tc Palaya,1200.0,2.0,66.0,2.0,5500.0
9Th Phase Jp Nagar,1127.0,2.0,50.0,2.0,4436.557231588287
other,600.0,2.0,23.0,2.0,3833.3333333333335
Thigalarapalya,4190.0,4.0,380.0,4.0,9069.212410501194
other,1364.0,2.0,70.0,2.0,5131.964809384164
Whitefield,2268.0,3.0,146.0,4.0,6437.389770723104
other,1150.0,2.0,77.5,3.0,6739.130434782609
other,1146.0,2.0,39.5,2.0,3446.7713787085513
other,1110.0,2.0,41.0,2.0,3693.6936936936936
Kengeri,750.0,2.0,36.0,2.0,4800.0
other,1156.0,2.0,49.5,2.0,4282.006920415225
Pattandur Agrahara,1247.0,2.0,59.8,2.0,4795.50922213312
other,1058.0,2.0,60.0,2.0,5671.077504725898
Vasanthapura,420.0,2.0,35.0,2.0,8333.333333333334
Btm 1St Stage,600.0,2.0,90.0,4.0,15000.0
other,900.0,1.0,30.0,1.0,3333.3333333333335
Hennur Road,2350.0,3.0,174.0,3.0,7404.255319148936
other,1672.0,3.0,150.0,3.0,8971.291866028709
Laggere,2800.0,5.0,125.0,5.0,4464.285714285715
other,1500.0,2.0,65.0,3.0,4333.333333333333
other,1400.0,2.0,65.0,2.0,4642.857142857143
Whitefield,4500.0,4.0,378.0,4.0,8400.0
Bommasandra,920.0,2.0,37.46,2.0,4071.7391304347825
Sarjapur Road,1200.0,3.0,70.0,3.0,5833.333333333333
other,1250.0,3.0,139.0,3.0,11120.0
Hosakerehalli,1817.0,4.0,153.0,3.0,8420.473307649972
Cooke Town,2043.0,6.0,375.0,5.0,18355.359765051395
Hsr Layout,1140.0,2.0,46.0,2.0,4035.0877192982457
Yelahanka,4346.0,4.0,450.0,4.0,10354.348826507134
other,1468.0,3.0,130.0,2.0,8855.58583106267
Electronics City Phase 1,1555.0,2.0,82.0,3.0,5273.311897106109
Munnekollal,1200.0,4.0,110.0,6.0,9166.666666666666
Kadubeesanahalli,970.0,2.0,35.0,2.0,3608.2474226804125
Banashankari,2500.0,4.0,95.0,4.0,3800.0
other,1166.0,2.0,53.0,2.0,4545.454545454545
Konanakunte,2779.0,3.0,317.0,3.0,11406.980928391507
Electronic City,1350.0,3.0,58.0,3.0,4296.2962962962965
other,900.0,2.0,46.0,2.0,5111.111111111111
other,1190.0,3.0,55.0,3.0,4621.848739495798
Kodichikkanahalli,1495.0,2.0,75.0,3.0,5016.722408026756
Green Glen Layout,940.0,2.0,56.8,2.0,6042.553191489362
Raja Rajeshwari Nagar,1100.0,2.0,55.0,2.0,5000.0
Kaikondrahalli,1300.0,2.0,61.0,2.0,4692.307692307692
other,1480.0,2.0,145.0,3.0,9797.297297297297
Sarjapur Road,2600.0,3.0,200.0,3.0,7692.307692307692
Yelahanka,1517.0,3.0,76.3,3.0,5029.663810151615
Horamavu Banaswadi,3800.0,8.0,200.0,6.0,5263.1578947368425
other,1500.0,3.0,65.0,3.0,4333.333333333333
Kodigehalli,1086.0,2.0,33.66,2.0,3099.4475138121543
Hennur Road,1586.0,3.0,93.94,3.0,5923.076923076923
Hennur,1100.0,2.0,60.0,2.0,5454.545454545455
Tc Palaya,1500.0,2.0,120.0,3.0,8000.0
7Th Phase Jp Nagar,1575.0,2.0,120.0,3.0,7619.047619047619
Hennur Road,1975.0,3.0,123.0,3.0,6227.848101265823
other,820.0,2.0,24.0,2.0,2926.829268292683
Gubbalala,1745.0,3.0,110.0,3.0,6303.7249283667625
Ananth Nagar,1200.0,2.0,65.0,3.0,5416.666666666667
Basaveshwara Nagar,1200.0,2.0,90.0,2.0,7500.0
Binny Pete,665.0,1.0,46.08,1.0,6929.3233082706765
Bharathi Nagar,1351.0,2.0,70.0,2.0,5181.347150259067
Hebbal,1355.0,3.0,83.87,3.0,6189.667896678967
Amruthahalli,900.0,2.0,60.0,2.0,6666.666666666667
other,440.0,3.0,50.0,3.0,11363.636363636364
Harlur,3385.0,4.0,260.0,4.0,7680.945347119646
other,2280.0,3.0,285.0,3.0,12500.0
other,2000.0,3.0,200.0,3.0,10000.0
Balagere,1020.07,2.0,68.38,2.0,6703.461527150097
Gunjur Palya,1033.0,2.0,32.0,3.0,3097.773475314618
other,1460.0,2.0,73.0,3.0,5000.0
Garudachar Palya,1150.0,2.0,52.8,2.0,4591.304347826087
Babusapalaya,1141.0,2.0,46.0,2.0,4031.5512708150745
Doddaballapur,4200.0,4.0,325.0,4.0,7738.0952380952385
Hosa Road,1665.0,2.0,125.0,3.0,7507.507507507507
other,1080.0,2.0,75.0,3.0,6944.444444444444
Kaggalipura,1000.0,2.0,60.0,2.0,6000.0
Whitefield,613.0,1.0,32.79,1.0,5349.10277324633
Thanisandra,1697.0,3.0,115.0,3.0,6776.664702416028
Hosa Road,615.0,1.0,28.29,1.0,4600.0
Banashankari,1350.0,2.0,83.0,3.0,6148.148148148148
Gottigere,1460.0,2.0,65.0,3.0,4452.054794520548
Babusapalaya,1084.0,2.0,58.0,2.0,5350.553505535056
Bommasandra,1035.0,2.0,41.43,2.0,4002.8985507246375
other,2400.0,2.0,150.0,3.0,6250.0
Hosur Road,460.0,1.0,21.0,1.0,4565.217391304348
other,950.0,5.0,90.0,5.0,9473.684210526315
Sarjapur,1200.0,3.0,78.0,3.0,6500.0
other,1070.0,2.0,35.0,2.0,3271.0280373831774
Hegde Nagar,1801.0,3.0,140.0,3.0,7773.459189339256
Whitefield,1697.0,3.0,115.0,3.0,6776.664702416028
Aecs Layout,1199.0,2.0,65.0,2.0,5421.184320266889
Iblur Village,2300.0,3.0,220.0,3.0,9565.217391304348
Jigani,600.0,5.0,50.0,5.0,8333.333333333334
other,1125.0,2.0,75.0,2.0,6666.666666666667
Anandapura,1200.0,2.0,67.0,2.0,5583.333333333333
Subramanyapura,1050.0,2.0,41.0,2.0,3904.7619047619046
Sarjapur,1000.0,2.0,30.0,2.0,3000.0
other,1596.0,3.0,95.0,3.0,5952.380952380952
other,1200.0,5.0,150.0,6.0,12500.0
Kanakpura Road,1296.0,2.0,89.06,2.0,6871.913580246914
other,1200.0,7.0,170.0,6.0,14166.666666666666
other,1639.0,3.0,123.0,3.0,7504.5759609518
Bannerghatta Road,1218.0,2.0,73.0,2.0,5993.431855500821
other,920.0,2.0,37.0,2.0,4021.7391304347825
other,525.0,1.0,26.0,1.0,4952.380952380952
Ramagondanahalli,920.0,2.0,65.0,2.0,7065.217391304348
other,1740.0,3.0,199.0,3.0,11436.781609195403
Lingadheeranahalli,1530.0,2.0,90.0,3.0,5882.35294117647
other,1372.0,2.0,90.0,3.0,6559.766763848396
Nehru Nagar,2363.0,5.0,120.0,4.0,5078.290308929327
Jakkur,1950.0,3.0,131.0,3.0,6717.948717948718
other,885.0,2.0,40.0,2.0,4519.774011299435
Kumaraswami Layout,1270.0,4.0,128.0,5.0,10078.740157480315
Vijayanagar,1380.0,2.0,225.0,2.0,16304.347826086956
Bhoganhalli,1451.5,4.0,121.0,4.0,8336.203926972097
other,6200.0,5.0,720.0,5.0,11612.90322580645
other,1490.0,2.0,59.6,3.0,4000.0
other,1650.0,4.0,99.0,4.0,6000.0
Bellandur,1286.0,2.0,57.0,2.0,4432.348367029549
other,925.0,2.0,63.0,2.0,6810.810810810811
Bellandur,3016.0,4.0,230.0,4.0,7625.994694960213
other,1200.0,3.0,95.0,4.0,7916.666666666667
Lakshminarayana Pura,1336.0,2.0,100.0,2.0,7485.029940119761
Yeshwanthpur,673.0,1.0,36.85,1.0,5475.482912332838
Anandapura,1200.0,2.0,58.0,2.0,4833.333333333333
other,600.0,7.0,63.0,6.0,10500.0
Malleshwaram,1600.0,3.0,160.0,3.0,10000.0
other,1200.0,2.0,79.0,2.0,6583.333333333333
other,2500.0,3.0,270.0,3.0,10800.0
Devanahalli,2400.0,5.0,100.0,5.0,4166.666666666667
other,1584.0,3.0,145.0,4.0,9154.040404040405
Koramangala,2292.0,3.0,286.0,3.0,12478.184991273996
Kothanur,1460.0,3.0,71.0,3.0,4863.013698630137
Kasturi Nagar,1500.0,2.0,80.0,3.0,5333.333333333333
Yelahanka,1200.0,4.0,140.0,5.0,11666.666666666666
Sanjay Nagar,3300.0,3.0,250.0,5.0,7575.757575757576
Chikkalasandra,1230.0,2.0,48.0,2.0,3902.439024390244
Yelahanka New Town,650.0,1.0,20.0,1.0,3076.923076923077
Benson Town,1480.0,2.0,120.0,2.0,8108.108108108108
other,1570.0,3.0,115.0,3.0,7324.84076433121
other,3000.0,3.0,400.0,3.0,13333.333333333334
Mallasandra,1665.0,3.0,86.91,3.0,5219.81981981982
Sarjapur Road,4000.0,5.0,600.0,4.0,15000.0
Ramamurthy Nagar,1100.0,2.0,68.0,2.0,6181.818181818182
Kasavanhalli,1719.0,3.0,116.0,3.0,6748.109365910413
Budigere,664.0,1.0,35.0,1.0,5271.084337349397
other,2400.0,6.0,130.0,6.0,5416.666666666667
other,1680.0,3.0,85.0,3.0,5059.523809523809
Yeshwanthpur,704.0,2.0,49.475,2.0,7027.698863636364
Thyagaraja Nagar,700.0,4.0,110.0,4.0,15714.285714285714
Whitefield,1520.0,2.0,150.0,3.0,9868.421052631578
Kothanur,1760.0,3.0,150.0,3.0,8522.727272727272
Pattandur Agrahara,875.0,2.0,33.0,2.0,3771.4285714285716
Hennur,1231.0,2.0,48.0,2.0,3899.268887083672
Somasundara Palya,1174.0,2.0,74.0,2.0,6303.236797274276
Munnekollal,1560.0,3.0,75.0,3.0,4807.692307692308
other,1464.0,2.0,56.0,2.0,3825.136612021858
Kanakpura Road,2200.0,3.0,130.0,3.0,5909.090909090909
other,1750.0,3.0,180.0,3.0,10285.714285714286
other,1500.0,1.0,160.0,2.0,10666.666666666666
other,2100.0,6.0,275.0,6.0,13095.238095238095
Kodihalli,2408.0,4.0,260.0,3.0,10797.34219269103
Indira Nagar,2070.0,3.0,225.0,3.0,10869.565217391304
Mahalakshmi Layout,1575.0,5.0,158.0,4.0,10031.746031746032
Kodichikkanahalli,3250.0,4.0,180.0,4.0,5538.461538461538
Channasandra,1030.0,2.0,34.5,2.0,3349.5145631067962
Hebbal,1440.0,2.0,115.0,2.0,7986.111111111111
Thanisandra,1380.0,1.0,62.1,1.0,4500.0
other,1200.0,2.0,50.0,2.0,4166.666666666667
other,705.0,1.0,36.5,1.0,5177.304964539007
Harlur,2240.0,5.0,155.0,3.0,6919.642857142857
Hegde Nagar,1584.01,3.0,103.0,3.0,6502.484201488627
other,1340.0,3.0,77.0,3.0,5746.268656716418
other,1800.0,3.0,70.0,3.0,3888.8888888888887
R.T. Nagar,1200.0,2.0,45.0,2.0,3750.0
Sarjapur Road,685.0,1.0,40.0,1.0,5839.41605839416
Kalkere,925.0,2.0,42.0,2.0,4540.540540540541
other,1230.0,2.0,57.0,2.0,4634.1463414634145
other,1200.0,5.0,185.0,5.0,15416.666666666666
Hebbal,1100.0,2.0,54.0,2.0,4909.090909090909
Jigani,2400.0,3.0,149.0,3.0,6208.333333333333
Uttarahalli,1200.0,7.0,225.0,7.0,18750.0
other,1260.0,1.0,41.0,1.0,3253.968253968254
Ambedkar Nagar,3530.0,4.0,290.0,4.0,8215.297450424929
Hsr Layout,1185.0,2.0,60.0,2.0,5063.291139240507
other,1200.0,2.0,216.0,2.0,18000.0
Hennur,1255.0,2.0,58.0,2.0,4621.5139442231075
Rajaji Nagar,3436.0,6.0,475.0,4.0,13824.214202561117
Kudlu Gate,1335.0,3.0,89.0,3.0,6666.666666666667
Dodda Nekkundi,1999.0,3.0,132.0,3.0,6603.301650825412
other,1200.0,2.0,125.0,2.0,10416.666666666666
Kundalahalli,1397.0,3.0,110.0,3.0,7874.0157480314965
Jigani,1200.0,10.0,105.0,10.0,8750.0
Cooke Town,3950.0,4.0,450.0,4.0,11392.405063291139
Yelahanka New Town,1200.0,2.0,130.0,2.0,10833.333333333334
Chikka Tirupathi,1616.0,3.0,95.0,3.0,5878.712871287129
other,1270.0,2.0,175.0,4.0,13779.527559055117
Kanakpura Road,525.0,1.0,30.0,1.0,5714.285714285715
Varthur,1200.0,2.0,98.0,3.0,8166.666666666667
other,700.0,1.0,162.0,1.0,23142.85714285714
Balagere,1205.47,2.0,81.0,2.0,6719.370867794304
other,1200.0,3.0,130.0,3.0,10833.333333333334
Electronic City,1700.0,3.0,75.0,3.0,4411.764705882353
Thanisandra,750.0,4.0,62.0,5.0,8266.666666666666
Yeshwanthpur,3600.0,5.0,220.0,4.0,6111.111111111111
Thanisandra,923.0,1.0,60.84,1.0,6591.549295774648
other,3595.0,6.0,360.0,4.0,10013.908205841446
Green Glen Layout,1050.0,2.0,48.0,2.0,4571.428571428572
Hennur Road,1482.0,2.0,93.865,3.0,6333.670715249663
Narayanapura,1485.0,3.0,85.0,3.0,5723.905723905724
Dommasandra,1033.0,2.0,31.5,3.0,3049.3707647628266
Indira Nagar,500.0,1.0,70.0,1.0,14000.0
other,1100.0,2.0,39.5,2.0,3590.909090909091
Thanisandra,1743.0,3.0,93.25,3.0,5349.971313826735
other,2500.0,3.0,425.0,3.0,17000.0
Mysore Road,1512.0,2.0,110.0,3.0,7275.132275132275
other,3100.0,5.0,385.0,4.0,12419.354838709678
Cox Town,1650.0,3.0,100.0,3.0,6060.606060606061
other,1219.0,2.0,40.0,2.0,3281.3781788351107
other,1200.0,4.0,150.0,4.0,12500.0
Sarjapura - Attibele Road,2400.0,3.0,85.0,3.0,3541.6666666666665
Anandapura,1151.0,2.0,43.1,2.0,3744.5699391833186
Bommenahalli,832.0,3.0,77.0,3.0,9254.807692307691
other,3259.0,3.0,270.0,3.0,8284.749923289353
Bannerghatta Road,1115.0,2.0,65.12,2.0,5840.358744394619
Kaggadasapura,1200.0,2.0,53.0,2.0,4416.666666666667
Bellandur,1457.0,2.0,85.0,2.0,5833.905284831846
Kannamangala,1262.0,2.0,55.0,2.0,4358.161648177496
Beml Layout,1196.0,3.0,150.0,4.0,12541.80602006689
Attibele,420.0,1.0,17.0,1.0,4047.6190476190477
Jp Nagar,1315.0,2.0,85.4,3.0,6494.296577946768
Babusapalaya,1500.0,2.0,57.0,2.0,3800.0
Hsr Layout,1127.0,2.0,68.0,2.0,6033.717834960071
Kundalahalli,1397.0,3.0,104.0,3.0,7444.523979957051
Sompura,1090.0,2.0,28.0,2.0,2568.8073394495414
Sarjapur Road,2720.0,5.0,210.0,3.0,7720.588235294118
Jakkur,1230.0,2.0,76.0,2.0,6178.861788617886
other,3200.0,3.0,190.0,4.0,5937.5
Talaghattapura,1868.0,3.0,121.0,3.0,6477.516059957174
Uttarahalli,1689.28,3.0,91.2,3.0,5398.74976321273
Vishwapriya Layout,600.0,3.0,73.0,4.0,12166.666666666666
Subramanyapura,1200.0,6.0,170.0,6.0,14166.666666666666
Tindlu,1350.0,2.0,100.0,2.0,7407.407407407408
Channasandra,4200.0,6.0,180.0,6.0,4285.714285714285
Uttarahalli,1310.0,2.0,85.0,3.0,6488.5496183206105
Haralur Road,2805.0,2.0,175.0,4.0,6238.859180035651
other,970.0,2.0,40.0,2.0,4123.711340206186
Kundalahalli,1397.0,3.0,108.0,3.0,7730.851825340014
Sarjapur,1157.0,2.0,40.0,2.0,3457.216940363008
Sarjapur Road,1241.0,2.0,82.0,2.0,6607.57453666398
Binny Pete,660.0,1.0,62.0,1.0,9393.939393939394
other,596.0,1.0,42.0,1.0,7046.979865771812
other,1200.0,4.0,110.0,4.0,9166.666666666666
other,1910.0,3.0,190.0,3.0,9947.643979057591
Brookefield,1139.0,2.0,80.0,2.0,7023.705004389815
Chandapura,877.0,2.0,42.0,2.0,4789.053591790193
Electronics City Phase 1,1340.0,2.0,75.0,2.0,5597.014925373134
other,1405.0,2.0,70.0,3.0,4982.20640569395
other,1800.0,3.0,65.0,3.0,3611.1111111111113
other,1750.0,3.0,149.0,3.0,8514.285714285714
other,1360.0,2.0,65.0,3.0,4779.411764705882
Malleshwaram,675.0,2.0,148.0,3.0,21925.925925925927
other,985.0,2.0,63.0,2.0,6395.9390862944165
other,1300.0,2.0,129.0,2.0,9923.076923076924
7Th Phase Jp Nagar,1850.0,3.0,150.0,3.0,8108.108108108108
other,1490.0,2.0,88.0,3.0,5906.040268456376
other,620.0,1.0,25.0,2.0,4032.2580645161293
Yelachenahalli,1080.0,2.0,55.0,2.0,5092.592592592592
Singasandra,3126.0,4.0,120.0,4.0,3838.7715930902114
Hennur Road,1290.0,2.0,94.5,3.0,7325.581395348837
Hosa Road,1318.0,2.0,85.28,3.0,6470.40971168437
Electronic City,1128.0,2.0,68.0,2.0,6028.368794326241
other,4428.0,4.0,255.0,4.0,5758.807588075881
Kanakpura Road,1051.0,2.0,56.74,2.0,5398.667935299714
Kengeri,3500.0,5.0,275.0,3.0,7857.142857142857
Kannamangala,2400.0,4.0,130.0,4.0,5416.666666666667
Yelahanka,1327.0,2.0,85.0,2.0,6405.42577241899
Basapura,1301.0,2.0,55.0,2.0,4227.517294388932
other,650.0,1.0,30.0,1.0,4615.384615384615
Varthur,1200.0,3.0,67.75,3.0,5645.833333333333
other,1500.0,2.0,89.99,3.0,5999.333333333333
other,2700.0,6.0,675.0,4.0,25000.0
Nagadevanahalli,1350.0,4.0,145.0,4.0,10740.74074074074
Jakkur,1819.18,3.0,160.0,3.0,8795.17145087347
Nagarbhavi,900.0,1.0,175.0,1.0,19444.444444444445
Hebbal,1355.0,3.0,83.87,3.0,6189.667896678967
Sarakki Nagar,2145.0,4.0,270.0,3.0,12587.412587412588
Malleshwaram,2475.0,4.0,300.0,3.0,12121.212121212122
Kaggadasapura,1118.0,2.0,30.0,2.0,2683.3631484794278
other,910.0,1.0,42.0,1.0,4615.384615384615
other,1250.0,3.0,39.0,3.0,3120.0
Hebbal,3500.0,3.0,395.0,3.0,11285.714285714286
Hoodi,1132.0,2.0,89.37,2.0,7894.876325088339
other,2000.0,3.0,85.0,3.0,4250.0
Hebbal,2400.0,5.0,550.0,7.0,22916.666666666668
other,794.0,1.0,65.0,1.0,8186.39798488665
Gottigere,1500.0,3.0,70.0,3.0,4666.666666666667
1St Phase Jp Nagar,2059.0,3.0,225.0,3.0,10927.634774162214
Kanakpura Road,525.0,1.0,30.0,1.0,5714.285714285715
Bhoganhalli,1447.0,2.0,75.97,2.0,5250.172771250864
Whitefield,1269.0,2.0,75.0,2.0,5910.16548463357
other,4800.0,4.0,700.0,4.0,14583.333333333334
Laggere,1200.0,3.0,130.0,3.0,10833.333333333334
Anekal,888.0,2.0,34.0,2.0,3828.828828828829
other,532.0,1.0,22.49,1.0,4227.443609022556
other,1060.0,3.0,62.0,3.0,5849.056603773585
Electronic City,700.0,1.0,35.0,1.0,5000.0
other,902.0,2.0,42.0,2.0,4656.319290465632
other,600.0,3.0,95.0,6.0,15833.333333333334
Binny Pete,1365.0,2.0,122.0,2.0,8937.728937728938
Doddathoguru,984.0,2.0,51.0,2.0,5182.926829268293
Jalahalli East,1475.0,3.0,96.0,3.0,6508.474576271186
5Th Block Hbr Layout,1200.0,6.0,220.0,5.0,18333.333333333332
other,1550.0,2.0,160.0,2.0,10322.58064516129
Akshaya Nagar,1666.0,3.0,95.0,3.0,5702.280912364946
Akshaya Nagar,1410.0,4.0,160.0,4.0,11347.517730496455
Yelahanka,4025.0,5.0,800.0,4.0,19875.77639751553
Sarjapura - Attibele Road,1676.0,3.0,52.0,3.0,3102.6252983293557
Uttarahalli,1137.0,2.0,63.0,2.0,5540.8970976253295
Electronic City,1360.0,2.0,70.5,3.0,5183.823529411765
other,1374.0,2.0,70.0,3.0,5094.614264919942
Judicial Layout,1700.0,3.0,155.0,3.0,9117.64705882353
other,2145.0,4.0,125.0,4.0,5827.505827505827
Koramangala,2400.0,6.0,600.0,4.0,25000.0
Kasavanhalli,2170.0,3.0,151.0,3.0,6958.52534562212
other,1080.0,2.0,55.0,2.0,5092.592592592592
Electronic City Phase Ii,1790.0,3.0,100.0,3.0,5586.592178770949
Doddathoguru,550.0,1.0,17.0,1.0,3090.909090909091
Somasundara Palya,1033.0,2.0,48.0,2.0,4646.660212971927
other,1000.0,2.0,80.0,2.0,8000.0
Binny Pete,2940.0,6.0,280.0,4.0,9523.809523809523
other,1240.0,2.0,52.6,2.0,4241.935483870968
Kambipura,883.0,2.0,39.0,2.0,4416.761041902605
other,1500.0,2.0,97.0,3.0,6466.666666666667
Marathahalli,1730.0,3.0,139.0,3.0,8034.682080924856
Whitefield,1545.0,3.0,79.0,3.0,5113.26860841424
other,1865.0,4.0,140.0,3.0,7506.702412868633
Hebbal Kempapura,1150.0,2.0,40.0,2.0,3478.2608695652175
other,1200.0,2.0,49.0,2.0,4083.3333333333335
Marsur,1200.0,3.0,120.0,3.0,10000.0
Basavangudi,2600.0,4.0,260.0,4.0,10000.0
Kaikondrahalli,1700.0,4.0,108.0,4.0,6352.941176470588
Lingadheeranahalli,1682.0,3.0,120.0,3.0,7134.36385255648
Hennur Road,901.0,2.0,49.5,2.0,5493.895671476138
Vishwapriya Layout,600.0,7.0,73.0,7.0,12166.666666666666
Ambalipura,1730.0,3.0,120.0,3.0,6936.416184971098
Konanakunte,1200.0,4.0,125.0,4.0,10416.666666666666
Epip Zone,1500.0,3.0,102.0,3.0,6800.0
Sarjapur Road,3785.0,6.0,280.0,4.0,7397.622192866578
other,3500.0,4.0,245.0,4.0,7000.0
other,1203.0,2.0,59.86,2.0,4975.893599334996
Horamavu Banaswadi,1357.0,2.0,54.0,2.0,3979.3662490788506
other,1600.0,3.0,76.0,3.0,4750.0
Yelahanka New Town,350.0,1.0,13.5,1.0,3857.1428571428573
Ramamurthy Nagar,1400.0,3.0,200.0,3.0,14285.714285714286
Sarjapur Road,835.0,1.0,46.95,1.0,5622.754491017964
other,815.0,3.0,160.0,2.0,19631.9018404908
Haralur Road,1444.0,2.0,80.0,3.0,5540.16620498615
Lingadheeranahalli,1521.0,3.0,94.71,3.0,6226.824457593689
other,1134.0,2.0,40.0,2.0,3527.336860670194
Vasanthapura,995.0,2.0,34.82,2.0,3499.497487437186
Old Madras Road,2760.0,5.0,157.0,3.0,5688.405797101449
Marathahalli,1325.0,1.0,92.0,2.0,6943.396226415094
Kothanur,4000.0,6.0,150.0,6.0,3750.0
Marathahalli,1525.0,3.0,90.0,3.0,5901.639344262295
other,1320.0,2.0,73.0,3.0,5530.30303030303
Electronics City Phase 1,650.0,1.0,23.0,1.0,3538.4615384615386
Old Airport Road,1858.0,2.0,167.0,3.0,8988.15931108719
Electronic City,1571.0,3.0,105.0,3.0,6683.64099299809
Hennur Road,1445.0,3.0,86.56,3.0,5990.311418685121
Hosur Road,1590.0,2.0,135.0,3.0,8490.566037735849
Bommasandra,902.0,2.0,49.0,2.0,5432.372505543237
Sarjapur,2238.0,3.0,140.0,3.0,6255.585344057194
other,2150.0,6.0,205.0,6.0,9534.883720930233
Kundalahalli,1920.0,3.0,150.0,3.0,7812.5
Margondanahalli,1000.0,2.0,57.0,2.0,5700.0
other,1100.0,2.0,56.1,2.0,5100.0
Thanisandra,923.0,1.0,45.69,1.0,4950.162513542795
Sarjapur Road,2900.0,3.0,285.0,3.0,9827.586206896553
Lakshminarayana Pura,1175.0,2.0,75.0,2.0,6382.978723404255
Thubarahalli,975.0,2.0,55.0,2.0,5641.025641025641
Hebbal,2400.0,4.0,180.0,3.0,7500.0
Harlur,1758.0,3.0,133.0,3.0,7565.415244596132
Nagarbhavi,1200.0,3.0,265.0,3.0,22083.333333333332
Hebbal,1255.0,2.0,77.68,3.0,6189.641434262949
Nagadevanahalli,600.0,4.0,110.0,3.0,18333.333333333332
Pai Layout,1100.0,2.0,50.0,2.0,4545.454545454545
other,2400.0,5.0,120.0,5.0,5000.0
Hebbal,1420.0,2.0,107.0,2.0,7535.211267605634
other,1200.0,4.0,300.0,4.0,25000.0
7Th Phase Jp Nagar,1045.0,6.0,160.0,6.0,15311.004784688996
Kanakpura Road,1591.0,3.0,115.0,3.0,7228.158390949088
7Th Phase Jp Nagar,1680.0,3.0,120.0,3.0,7142.857142857143
other,675.0,3.0,52.0,2.0,7703.7037037037035
Iblur Village,1918.0,3.0,129.0,3.0,6725.7559958289885
Sarjapur Road,1280.0,2.0,76.0,2.0,5937.5
Talaghattapura,2106.0,3.0,126.0,3.0,5982.9059829059825
other,1801.0,3.0,139.0,3.0,7717.9344808439755
Seegehalli,1200.0,5.0,120.0,5.0,10000.0
Rajaji Nagar,1718.0,3.0,288.0,2.0,16763.678696158324
Hebbal,1320.0,2.0,92.0,2.0,6969.69696969697
other,1350.0,2.0,65.0,3.0,4814.814814814815
other,2990.0,4.0,324.0,4.0,10836.120401337792
Kalyan Nagar,3800.0,5.0,300.0,4.0,7894.736842105263
Bannerghatta Road,1893.0,3.0,100.0,3.0,5282.620179609086
Chandapura,1107.0,2.0,43.0,3.0,3884.3721770551037
R.T. Nagar,1200.0,10.0,180.0,9.0,15000.0
Lakshminarayana Pura,1190.0,2.0,75.0,2.0,6302.5210084033615
other,2400.0,2.0,160.0,2.0,6666.666666666667
Jalahalli,2113.0,3.0,155.0,3.0,7335.541883577851
Kr Puram,1100.0,2.0,46.0,2.0,4181.818181818182
other,1200.0,4.0,160.0,5.0,13333.333333333334
other,1250.0,3.0,40.0,3.0,3200.0
other,1150.0,2.0,75.0,2.0,6521.739130434783
other,1200.0,3.0,165.0,3.0,13750.0
Kudlu Gate,703.0,1.0,52.0,1.0,7396.870554765292
other,1400.0,2.0,62.0,3.0,4428.571428571428
Bellandur,1195.0,2.0,51.0,2.0,4267.782426778243
Narayanapura,1302.0,2.0,69.1,2.0,5307.219662058371
Begur Road,1583.0,3.0,74.4,3.0,4699.936828806065
other,1488.0,2.0,60.0,3.0,4032.2580645161293
other,600.0,5.0,85.0,4.0,14166.666666666666
Whitefield,3262.0,4.0,260.0,4.0,7970.570202329859
Electronic City,1600.0,3.0,104.0,3.0,6500.0
Old Airport Road,1150.0,2.0,90.0,2.0,7826.086956521739
other,4500.0,9.0,166.0,9.0,3688.8888888888887
Sarjapur Road,1263.0,2.0,78.0,2.0,6175.771971496437
Kr Puram,1200.0,8.0,110.0,7.0,9166.666666666666
Kanakpura Road,1299.0,2.0,85.0,2.0,6543.4949961508855
other,1853.0,3.0,82.0,3.0,4425.256341068538
other,861.0,2.0,35.0,2.0,4065.040650406504
Bannerghatta Road,1600.0,3.0,95.0,3.0,5937.5
other,1256.0,2.0,62.8,2.0,5000.0
other,1390.0,2.0,80.0,3.0,5755.395683453237
other,1550.0,2.0,90.0,3.0,5806.451612903225
Hebbal,919.0,2.0,49.0,2.0,5331.882480957563
Margondanahalli,1625.0,3.0,80.0,3.0,4923.076923076923
Gunjur,1195.0,2.0,44.0,2.0,3682.0083682008367
Domlur,2400.0,4.0,600.0,6.0,25000.0
Yelenahalli,1159.0,2.0,60.0,2.0,5176.8766177739435
Harlur,1197.0,2.0,79.0,2.0,6599.832915622389
Jigani,3293.0,2.0,226.0,4.0,6863.0428180989975
Bommasandra,1295.0,2.0,50.28,3.0,3882.6254826254826
other,1310.0,2.0,37.83,3.0,2887.7862595419847
Whitefield,1132.0,2.0,79.28,2.0,7003.533568904593
other,2350.0,3.0,400.0,3.0,17021.27659574468
other,2400.0,4.0,500.0,4.0,20833.333333333332
Hebbal,1645.0,3.0,135.0,3.0,8206.686930091186
Whitefield,3000.0,4.0,330.0,4.0,11000.0
Marathahalli,1937.0,3.0,140.0,3.0,7227.671657201859
Doddathoguru,1015.0,2.0,33.5,2.0,3300.4926108374384
Nagadevanahalli,1080.0,2.0,39.0,2.0,3611.1111111111113
Kothanur,1185.0,2.0,59.0,2.0,4978.9029535864975
Hebbal,2080.0,3.0,175.0,3.0,8413.461538461539
Tindlu,1500.0,3.0,87.0,3.0,5800.0
Yelahanka,1566.0,3.0,97.0,3.0,6194.125159642401
Rajaji Nagar,2386.0,3.0,334.0,3.0,13998.323554065382
other,1500.0,4.0,110.0,4.0,7333.333333333333
Kr Puram,1290.0,2.0,49.02,2.0,3800.0
other,1531.0,3.0,72.0,3.0,4702.808621815807
other,1839.0,3.0,165.0,3.0,8972.26753670473
other,4200.0,4.0,760.0,4.0,18095.238095238095
other,1200.0,2.0,55.0,2.0,4583.333333333333
Uttarahalli,1315.0,2.0,74.0,3.0,5627.376425855513
Anandapura,1141.0,2.0,42.75,2.0,3746.7134092900965
Aecs Layout,1080.0,2.0,55.0,2.0,5092.592592592592
Hbr Layout,1200.0,2.0,60.0,2.0,5000.0
Ngr Layout,1022.0,2.0,45.9,2.0,4491.19373776908
Bannerghatta Road,1275.0,2.0,65.0,2.0,5098.0392156862745
other,900.0,2.0,70.0,2.0,7777.777777777777
Kudlu Gate,1535.0,3.0,86.0,3.0,5602.605863192182
Nagavarapalya,1392.0,2.0,130.0,2.0,9339.080459770115
Bellandur,1050.0,2.0,72.0,2.0,6857.142857142857
Hosa Road,1513.0,3.0,103.0,3.0,6807.666886979511
Gottigere,1621.0,3.0,72.0,3.0,4441.702652683529
Hebbal,1355.0,3.0,83.87,3.0,6189.667896678967
other,1250.0,5.0,300.0,5.0,24000.0
other,1650.0,9.0,345.0,7.0,20909.090909090908
other,1200.0,6.0,70.0,4.0,5833.333333333333
Indira Nagar,1400.0,2.0,168.0,2.0,12000.0
Kengeri,726.0,2.0,35.0,2.0,4820.936639118458
other,1500.0,3.0,149.0,3.0,9933.333333333334
Hebbal,3895.0,4.0,405.0,4.0,10397.946084724004
Doddathoguru,1104.0,2.0,39.0,2.0,3532.608695652174
Hormavu,4818.0,4.0,390.0,4.0,8094.64508094645
other,1650.0,2.0,52.0,3.0,3151.5151515151515
Kogilu,1559.0,3.0,127.0,3.0,8146.247594611931
other,1100.0,2.0,38.0,2.0,3454.5454545454545
Benson Town,1750.0,3.0,150.0,3.0,8571.42857142857
Talaghattapura,1868.0,3.0,135.0,3.0,7226.980728051391
Sarjapur Road,1691.0,3.0,98.0,3.0,5795.38734476641
Ardendale,4355.0,3.0,350.0,5.0,8036.739380022962
Jp Nagar,1690.0,3.0,112.0,3.0,6627.218934911242
Thigalarapalya,1418.0,2.0,103.0,2.0,7263.7517630465445
Kasturi Nagar,1896.0,3.0,125.0,4.0,6592.827004219409
Sonnenahalli,605.0,1.0,40.0,1.0,6611.570247933884
Begur Road,800.0,5.0,95.0,5.0,11875.0
other,750.0,2.0,50.0,1.0,6666.666666666667
Hoodi,780.0,3.0,62.0,3.0,7948.717948717948
Ananth Nagar,908.0,2.0,26.0,2.0,2863.4361233480176
Thanisandra,3216.0,4.0,226.0,4.0,7027.363184079602
Beml Layout,2400.0,4.0,225.0,5.0,9375.0
Iblur Village,1400.0,2.0,68.0,2.0,4857.142857142857
Electronic City,1500.0,2.0,100.0,3.0,6666.666666666667
Horamavu Banaswadi,925.0,2.0,38.0,2.0,4108.108108108108
other,600.0,3.0,75.0,2.0,12500.0
Choodasandra,1530.0,3.0,77.0,3.0,5032.679738562091
other,1605.0,2.0,85.0,3.0,5295.95015576324
Green Glen Layout,1725.0,3.0,130.0,3.0,7536.231884057971
Bisuvanahalli,1075.0,2.0,50.0,3.0,4651.162790697675
Kannamangala,1574.0,3.0,93.34,3.0,5930.114358322745
Sanjay Nagar,965.0,1.0,32.0,1.0,3316.062176165803
other,1205.0,2.0,60.0,2.0,4979.253112033195
Kambipura,1082.0,2.0,55.0,3.0,5083.179297597043
Uttarahalli,1215.0,2.0,52.85,3.0,4349.794238683127
Hebbal,2483.0,5.0,230.0,4.0,9262.988320579943
other,1200.0,3.0,46.14,2.0,3845.0
other,2360.0,4.0,600.0,4.0,25423.728813559323
Ardendale,3198.0,4.0,250.0,4.0,7817.385866166354
other,1125.0,2.0,44.0,2.0,3911.1111111111113
other,1200.0,2.0,70.0,2.0,5833.333333333333
Uttarahalli,1125.0,3.0,51.19,3.0,4550.222222222223
Hebbal,2600.0,3.0,195.0,3.0,7500.0
other,1200.0,2.0,160.0,2.0,13333.333333333334
Pai Layout,1255.0,2.0,80.0,2.0,6374.501992031873
other,1904.0,3.0,155.0,3.0,8140.756302521008
Somasundara Palya,1329.0,2.0,70.0,2.0,5267.11813393529
Chandapura,1200.0,2.0,60.0,2.0,5000.0
other,2135.0,3.0,160.0,3.0,7494.145199063232
other,2770.0,4.0,315.0,3.0,11371.841155234657
other,813.0,1.0,39.0,1.0,4797.047970479704
other,3884.0,4.0,240.0,4.0,6179.196704428425
Doddaballapur,3876.0,3.0,300.0,3.0,7739.938080495356
Akshaya Nagar,1575.0,3.0,90.0,3.0,5714.285714285715
other,1630.0,2.0,97.78,3.0,5998.773006134969
Nagadevanahalli,1090.0,2.0,36.0,2.0,3302.7522935779816
Ngr Layout,1020.0,2.0,48.45,2.0,4750.0
other,2425.0,4.0,173.0,4.0,7134.020618556701
Raja Rajeshwari Nagar,1070.0,2.0,50.0,2.0,4672.897196261682
Hoodi,1120.0,8.0,150.0,8.0,13392.857142857143
other,1150.0,2.0,56.0,2.0,4869.565217391304
other,1141.0,2.0,49.0,2.0,4294.478527607362
Jigani,937.0,2.0,44.0,2.0,4695.837780149413
Green Glen Layout,1075.0,2.0,60.0,2.0,5581.395348837209
Panathur,1000.0,2.0,65.3,2.0,6530.0
Yelachenahalli,897.0,2.0,85.0,5.0,9476.03121516165
other,936.0,2.0,43.0,2.0,4594.017094017094
other,1280.0,2.0,75.0,2.0,5859.375
Babusapalaya,1050.0,2.0,45.0,2.0,4285.714285714285
Mallasandra,1325.0,2.0,70.0,2.0,5283.018867924528
Hosur Road,1890.0,3.0,162.0,3.0,8571.42857142857
other,735.0,1.0,75.0,1.0,10204.081632653062
other,500.0,1.0,24.0,1.0,4800.0
Gottigere,1304.0,3.0,80.0,3.0,6134.9693251533745
Yelahanka,1653.0,3.0,120.0,3.0,7259.528130671506
Bisuvanahalli,1075.0,2.0,52.0,3.0,4837.209302325581
other,1100.0,2.0,50.0,2.0,4545.454545454545
Rajaji Nagar,3436.0,6.0,500.0,4.0,14551.804423748545
other,1200.0,4.0,145.0,3.0,12083.333333333334
Billekahalli,1140.0,2.0,50.0,2.0,4385.964912280701
other,1200.0,2.0,100.0,2.0,8333.333333333334
Kudlu Gate,1532.0,3.0,83.0,3.0,5417.754569190601
Doddaballapur,2776.0,4.0,195.0,3.0,7024.495677233429
other,1200.0,3.0,160.0,3.0,13333.333333333334
R.T. Nagar,2000.0,4.0,320.0,4.0,16000.0
Bannerghatta Road,1260.0,2.0,70.0,2.0,5555.555555555556
Vittasandra,1934.0,2.0,90.0,2.0,4653.567735263702
Malleshpalya,1060.0,2.0,40.0,2.0,3773.5849056603774
Kasavanhalli,1476.0,3.0,95.0,3.0,6436.314363143631
other,1185.0,2.0,85.0,2.0,7172.995780590717
other,1265.0,2.0,82.0,3.0,6482.213438735178
other,3200.0,5.0,150.0,4.0,4687.5
other,1196.0,2.0,56.81,2.0,4750.0
Epip Zone,1280.0,2.0,69.0,2.0,5390.625
Marathahalli,800.0,4.0,86.0,4.0,10750.0
other,1850.0,3.0,98.0,3.0,5297.2972972972975
Indira Nagar,2400.0,4.0,525.0,4.0,21875.0
Whitefield,1195.0,2.0,70.0,2.0,5857.740585774059
Ulsoor,2000.0,3.0,185.0,3.0,9250.0
other,600.0,4.0,100.0,7.0,16666.666666666668
Hebbal Kempapura,800.0,5.0,155.0,4.0,19375.0
Jakkur,1050.0,2.0,49.87,2.0,4749.523809523809
other,2360.0,4.0,150.0,4.0,6355.932203389831
other,1030.0,2.0,77.25,2.0,7500.0
other,1512.0,1.0,65.01,2.0,4299.603174603175
Subramanyapura,929.0,2.0,48.0,2.0,5166.846071044133
Green Glen Layout,1485.0,3.0,115.0,3.0,7744.107744107744
Electronics City Phase 1,1124.0,2.0,55.0,3.0,4893.238434163701
Tc Palaya,2400.0,6.0,370.0,6.0,15416.666666666666
Hennur Road,1482.0,2.0,97.0,3.0,6545.209176788124
other,1163.0,2.0,98.86,2.0,8500.42992261393
Jalahalli,1570.0,3.0,140.0,3.0,8917.197452229299
Whitefield,3480.0,4.0,284.0,3.0,8160.919540229885
Chandapura,520.0,1.0,14.04,1.0,2700.0
other,2000.0,3.0,160.0,3.0,8000.0
Prithvi Layout,1352.0,2.0,75.0,2.0,5547.337278106509
Electronic City,1152.0,2.0,65.0,2.0,5642.361111111111
other,1575.0,3.0,93.0,3.0,5904.761904761905
Hegde Nagar,1965.0,4.0,125.0,3.0,6361.323155216285
other,1300.0,2.0,70.0,3.0,5384.615384615385
Hoskote,1740.0,3.0,60.0,3.0,3448.2758620689656
Kanakpura Road,1080.0,6.0,65.0,5.0,6018.518518518518
Neeladri Nagar,1060.0,2.0,35.0,2.0,3301.8867924528304
other,975.0,2.0,50.0,2.0,5128.205128205128
Uttarahalli,1300.0,2.0,60.0,3.0,4615.384615384615
Garudachar Palya,1150.0,2.0,52.8,2.0,4591.304347826087
other,1380.0,2.0,75.0,2.0,5434.782608695652
Hebbal,1645.0,3.0,117.0,3.0,7112.462006079028
Babusapalaya,1141.0,2.0,45.9,2.0,4022.787028921998
other,1355.0,2.0,61.0,3.0,4501.845018450184
Dasarahalli,1150.0,2.0,70.0,2.0,6086.95652173913
other,1000.0,2.0,45.0,2.0,4500.0
Balagere,1007.0,2.0,65.0,2.0,6454.816285998014
other,3000.0,5.0,100.0,4.0,3333.3333333333335
Kothanur,1436.0,3.0,70.0,3.0,4874.651810584958
Somasundara Palya,2372.0,3.0,140.0,3.0,5902.192242833053
R.T. Nagar,1500.0,6.0,240.0,6.0,16000.0
Rajaji Nagar,1200.0,2.0,150.0,2.0,12500.0
Rayasandra,1016.0,2.0,58.0,2.0,5708.6614173228345
Dodda Nekkundi,1100.0,2.0,48.0,2.0,4363.636363636364
other,1080.0,2.0,45.0,2.0,4166.666666666667
Electronic City,1070.0,2.0,60.0,2.0,5607.476635514019
Kadubeesanahalli,1532.0,3.0,115.0,3.0,7506.527415143603
Hennur,1040.0,2.0,42.12,2.0,4050.0
other,3100.0,3.0,250.0,3.0,8064.5161290322585
Rajaji Nagar,1160.0,1.0,163.0,2.0,14051.724137931034
Itpl,3262.0,5.0,205.0,4.0,6284.488044144697
other,2100.0,7.0,410.0,7.0,19523.809523809523
other,1190.0,2.0,100.0,2.0,8403.361344537816
other,1827.0,3.0,100.0,3.0,5473.453749315819
Hrbr Layout,1210.0,2.0,75.0,2.0,6198.347107438017
other,1500.0,3.0,95.0,3.0,6333.333333333333
Hebbal,1251.0,2.0,88.73,2.0,7092.725819344524
Hsr Layout,1600.0,2.0,115.0,3.0,7187.5
Electronic City,1128.0,2.0,65.5,2.0,5806.737588652482
Budigere,1820.0,3.0,93.0,3.0,5109.89010989011
Thigalarapalya,2072.0,4.0,159.0,3.0,7673.745173745174
Hennur Road,2651.0,2.0,225.0,3.0,8487.36325914749
Kr Puram,1752.0,3.0,145.0,3.0,8276.255707762557
Sahakara Nagar,960.0,2.0,56.0,2.0,5833.333333333333
other,1180.0,2.0,63.0,2.0,5338.983050847458
Benson Town,2270.0,3.0,180.0,3.0,7929.515418502203
Nri Layout,650.0,2.0,59.0,2.0,9076.923076923076
Lakshminarayana Pura,1200.0,2.0,75.0,2.0,6250.0
Bisuvanahalli,1180.0,2.0,46.0,3.0,3898.3050847457625
other,1300.0,3.0,47.0,3.0,3615.3846153846152
Hegde Nagar,2006.0,4.0,196.0,3.0,9770.687936191425
Jakkur,1290.0,2.0,80.0,2.0,6201.550387596899
other,971.0,2.0,135.0,4.0,13903.192584963954
Yelachenahalli,1400.0,2.0,78.0,2.0,5571.428571428572
Lakshminarayana Pura,1200.0,2.0,75.0,2.0,6250.0
other,1155.0,2.0,60.0,3.0,5194.805194805195
Hormavu,1725.0,3.0,85.0,3.0,4927.536231884058
Kanakpura Road,700.0,2.0,40.0,2.0,5714.285714285715
Hoodi,1112.0,2.0,88.0,2.0,7913.669064748202
Somasundara Palya,1178.0,2.0,78.0,2.0,6621.392190152801
other,1274.0,2.0,81.0,2.0,6357.9277864992155
Doddathoguru,915.0,2.0,32.0,2.0,3497.2677595628415
6Th Phase Jp Nagar,1650.0,6.0,135.0,8.0,8181.818181818182
Hosur Road,760.0,1.0,21.28,1.0,2800.0
other,1540.0,3.0,68.0,3.0,4415.584415584415
other,1206.0,2.0,38.5,2.0,3192.3714759535656
other,1645.0,3.0,95.0,3.0,5775.075987841945
other,1200.0,4.0,170.0,4.0,14166.666666666666
other,1200.0,4.0,140.0,4.0,11666.666666666666
Nehru Nagar,2342.0,3.0,115.0,4.0,4910.333048676345
other,1200.0,2.0,55.0,3.0,4583.333333333333
Yelenahalli,1056.0,2.0,33.0,2.0,3125.0
Raja Rajeshwari Nagar,4800.0,8.0,225.0,8.0,4687.5
other,1161.0,2.0,36.69,2.0,3160.206718346253
other,1097.0,2.0,65.0,2.0,5925.2506836827715
Green Glen Layout,1715.0,3.0,115.0,3.0,6705.539358600583
Basavangudi,2300.0,3.0,317.0,3.0,13782.608695652174
other,2400.0,4.0,550.0,4.0,22916.666666666668
Banashankari,1400.0,2.0,78.0,3.0,5571.428571428572
Whitefield,1500.0,4.0,200.0,4.0,13333.333333333334
Kanakpura Road,381.0,1.0,19.695,1.0,5169.291338582677
Kalyan Nagar,1640.0,3.0,88.0,3.0,5365.8536585365855
Banashankari,1700.0,3.0,125.0,3.0,7352.941176470588
other,6600.0,4.0,986.0,4.0,14939.39393939394
Nagarbhavi,1200.0,2.0,150.0,2.0,12500.0
Yelahanka,1275.0,2.0,95.0,3.0,7450.980392156863
other,1600.0,3.0,165.0,4.0,10312.5
Uttarahalli,1627.86,3.0,88.0,3.0,5405.87028368533
other,620.0,2.0,22.0,2.0,3548.3870967741937
Whitefield,3004.0,4.0,285.0,4.0,9487.350199733688
Hennur Road,1182.0,2.0,82.5,2.0,6979.6954314720815
Tumkur Road,1500.0,3.0,100.0,3.0,6666.666666666667
Hebbal Kempapura,3900.0,5.0,360.0,4.0,9230.76923076923
Malleshwaram,2215.0,2.0,293.0,3.0,13227.990970654628
other,900.0,2.0,110.0,2.0,12222.222222222223
Kengeri Satellite Town,635.0,1.0,22.0,2.0,3464.566929133858
Ardendale,2062.0,3.0,140.0,4.0,6789.524733268671
Thanisandra,1874.0,4.0,130.0,3.0,6937.033084311633
Vidyaranyapura,600.0,3.0,78.0,4.0,13000.0
Old Madras Road,1171.0,2.0,75.0,2.0,6404.782237403928
Sarjapur,2020.0,3.0,85.0,3.0,4207.920792079208
Jakkur,1760.0,3.0,110.0,3.0,6250.0
other,1200.0,2.0,125.0,2.0,10416.666666666666
Hebbal,1645.0,3.0,121.0,3.0,7355.623100303951
Whitefield,524.0,1.0,34.385,1.0,6562.022900763359
Cooke Town,2388.0,4.0,239.0,3.0,10008.375209380234
Hosa Road,1369.1,2.0,104.0,2.0,7596.231100723103
other,1355.0,2.0,75.0,2.0,5535.055350553505
Bannerghatta Road,1150.0,2.0,65.0,2.0,5652.173913043478
Kanakapura,1938.0,3.0,113.0,3.0,5830.7533539731685
Begur Road,2462.0,4.0,124.0,4.0,5036.555645816409
Budigere,1636.0,3.0,85.0,3.0,5195.59902200489
Akshaya Nagar,1430.0,2.0,75.0,3.0,5244.755244755244
other,2000.0,3.0,85.0,3.0,4250.0
Electronic City Phase Ii,993.0,2.0,50.0,3.0,5035.246727089628
Laggere,1260.0,4.0,150.0,4.0,11904.761904761905
Yelahanka,1270.0,2.0,78.0,2.0,6141.7322834645665
other,1500.0,3.0,121.0,3.0,8066.666666666667
Koramangala,2300.0,3.0,290.0,3.0,12608.695652173914
other,7500.0,4.0,900.0,4.0,12000.0
other,1280.0,2.0,49.75,2.0,3886.71875
Sarjapur,2885.0,3.0,185.0,4.0,6412.478336221837
Banashankari,1200.0,9.0,145.0,9.0,12083.333333333334
Devanahalli,1600.0,3.0,180.0,3.0,11250.0
Kothanur,1462.0,3.0,71.0,3.0,4856.361149110807
Marathahalli,607.0,1.0,35.0,1.0,5766.062602965404
Varthur,4500.0,5.0,300.0,4.0,6666.666666666667
Sahakara Nagar,1200.0,5.0,160.0,5.0,13333.333333333334
other,4200.0,1.0,160.0,2.0,3809.5238095238096
Epip Zone,1125.0,2.0,65.0,2.0,5777.777777777777
Cv Raman Nagar,1825.0,3.0,126.0,3.0,6904.109589041096
Whitefield,1320.0,2.0,79.5,2.0,6022.727272727273
other,1490.0,2.0,300.0,3.0,20134.228187919463
other,1650.0,3.0,300.0,4.0,18181.81818181818
Whitefield,750.0,2.0,52.7,2.0,7026.666666666667
Yelahanka,1400.0,2.0,80.54,3.0,5752.857142857143
other,4104.0,4.0,360.0,4.0,8771.929824561403
Mahadevpura,3295.0,4.0,260.0,5.0,7890.743550834598
other,1150.0,3.0,110.0,4.0,9565.217391304348
Whitefield,1200.0,3.0,61.96,3.0,5163.333333333333
other,965.0,2.0,48.0,2.0,4974.093264248705
Gottigere,812.0,1.0,26.0,1.0,3201.9704433497536
Kr Puram,1100.0,2.0,43.0,2.0,3909.090909090909
Hsr Layout,1145.0,2.0,48.0,2.0,4192.139737991266
other,1215.0,2.0,49.85,2.0,4102.880658436214
Hegde Nagar,1200.0,2.0,75.0,2.0,6250.0
Kenchenahalli,1015.0,2.0,58.0,2.0,5714.285714285715
Kaggalipura,2400.0,3.0,165.0,3.0,6875.0
Whitefield,3000.0,4.0,306.0,4.0,10200.0
other,1076.0,2.0,52.0,2.0,4832.71375464684
Jp Nagar,1300.0,2.0,109.0,2.0,8384.615384615385
Hebbal Kempapura,1300.0,2.0,102.0,2.0,7846.153846153846
Hosa Road,1512.0,3.0,123.0,3.0,8134.920634920635
Bhoganhalli,1053.4,3.0,88.91,3.0,8440.288589329788
Yeshwanthpur,540.0,1.0,41.745,1.0,7730.555555555555
Hormavu,1153.0,2.0,65.0,2.0,5637.467476149176
other,2080.0,2.0,150.0,2.0,7211.538461538462
Bannerghatta Road,2835.0,5.0,260.0,4.0,9171.075837742505
Marathahalli,1583.0,3.0,109.0,3.0,6885.6601389766265
other,1505.0,2.0,90.0,2.0,5980.066445182724
other,1200.0,3.0,95.75,3.0,7979.166666666667
other,1810.0,4.0,148.0,3.0,8176.795580110497
Magadi Road,440.0,1.0,35.0,1.0,7954.545454545455
Subramanyapura,975.0,2.0,63.0,2.0,6461.538461538462
other,1250.0,2.0,39.0,2.0,3120.0
other,1530.0,2.0,97.0,3.0,6339.869281045751
Kereguddadahalli,1300.0,2.0,39.0,3.0,3000.0
Channasandra,1115.0,2.0,40.0,2.0,3587.4439461883408
Sarjapur Road,1308.0,2.0,83.0,2.0,6345.565749235474
Parappana Agrahara,1194.0,2.0,47.0,2.0,3936.348408710218
Sarjapur Road,1592.0,3.0,91.0,3.0,5716.08040201005
Balagere,656.0,1.0,53.0,1.0,8079.268292682927
Dodda Nekkundi,3400.0,4.0,530.0,4.0,15588.235294117647
Garudachar Palya,4500.0,5.0,400.0,4.0,8888.888888888889
Chandapura,1200.0,1.0,36.0,2.0,3000.0
Thanisandra,1698.0,3.0,102.0,3.0,6007.067137809187
other,1500.0,3.0,70.0,3.0,4666.666666666667
other,2000.0,5.0,80.0,4.0,4000.0
Electronic City,1152.0,2.0,65.75,2.0,5707.465277777777
Raja Rajeshwari Nagar,550.0,1.0,21.0,1.0,3818.181818181818
Pattandur Agrahara,900.0,2.0,42.0,2.0,4666.666666666667
other,1410.0,2.0,45.12,3.0,3200.0
Akshaya Nagar,1419.0,2.0,73.0,3.0,5144.46793516561
Aecs Layout,1800.0,3.0,65.0,3.0,3611.1111111111113
Ramamurthy Nagar,850.0,2.0,65.0,4.0,7647.058823529412
other,2000.0,3.0,85.0,3.0,4250.0
other,1500.0,2.0,130.0,3.0,8666.666666666666
other,1600.0,3.0,72.0,3.0,4500.0
Frazer Town,2560.0,3.0,265.0,3.0,10351.5625
Dasarahalli,2400.0,3.0,150.0,7.0,6250.0
Talaghattapura,1856.0,3.0,135.0,3.0,7273.706896551724
other,2100.0,6.0,71.0,6.0,3380.9523809523807
Sarjapur Road,1150.0,2.0,77.0,2.0,6695.652173913043
Abbigere,1200.0,4.0,98.0,5.0,8166.666666666667
Whitefield,1650.0,2.0,113.19,3.0,6860.0
other,2500.0,3.0,75.0,3.0,3000.0
Hennur Road,1036.0,2.0,59.46,2.0,5739.382239382239
Whitefield,3445.0,5.0,270.0,4.0,7837.44557329463
Dodsworth Layout,1400.0,2.0,80.0,2.0,5714.285714285715
Kenchenahalli,715.0,1.0,45.0,1.0,6293.706293706294
Magadi Road,1200.0,4.0,130.0,4.0,10833.333333333334
Rajaji Nagar,1200.0,3.0,260.0,5.0,21666.666666666668
other,1790.0,5.0,250.0,6.0,13966.480446927375
Whitefield,1700.0,3.0,140.0,3.0,8235.29411764706
Kanakpura Road,1591.0,3.0,120.0,3.0,7542.42614707731
Marathahalli,2500.0,3.0,200.0,5.0,8000.0
Nagasandra,1750.0,5.0,350.0,7.0,20000.0
Cunningham Road,3815.0,3.0,763.0,3.0,20000.0
other,1100.0,2.0,38.0,2.0,3454.5454545454545
Dairy Circle,3730.0,6.0,450.0,4.0,12064.343163538873
Chandapura,620.0,1.0,27.0,1.0,4354.8387096774195
other,2400.0,9.0,350.0,8.0,14583.333333333334
Vidyaranyapura,1200.0,7.0,130.0,8.0,10833.333333333334
Whitefield,4827.0,4.0,400.0,4.0,8286.720530350114
Whitefield,1405.0,2.0,84.5,2.0,6014.234875444839
Gunjur,1190.0,2.0,40.0,2.0,3361.344537815126
Harlur,1174.0,2.0,78.0,2.0,6643.9522998296425
Seegehalli,1155.0,2.0,72.0,2.0,6233.766233766234
Thanisandra,1411.0,3.0,93.04,3.0,6593.905031892275
other,745.0,2.0,50.0,2.0,6711.4093959731545
Jigani,923.0,2.0,50.0,2.0,5417.118093174431
other,1460.0,3.0,70.0,3.0,4794.520547945205
other,1355.0,2.0,95.0,2.0,7011.070110701107
other,833.0,1.0,49.0,1.0,5882.35294117647
other,1200.0,8.0,275.0,8.0,22916.666666666668
other,1750.0,5.0,450.0,5.0,25714.285714285714
Yeshwanthpur,669.0,1.0,36.85,1.0,5508.221225710015
Kothanur,1790.0,3.0,105.0,3.0,5865.921787709497
Ngr Layout,1020.0,2.0,45.0,2.0,4411.764705882353
other,1037.0,2.0,36.28,2.0,3498.553519768563
other,3000.0,5.0,270.0,4.0,9000.0
Kanakpura Road,1207.0,2.0,79.9,2.0,6619.718309859156
other,1220.0,2.0,68.0,2.0,5573.770491803279
other,3811.0,3.0,475.0,4.0,12463.920230910522
Sarjapur Road,1965.0,3.0,120.0,3.0,6106.8702290076335
Panathur,1000.0,2.0,68.0,2.0,6800.0
Hennur Road,1891.0,3.0,109.0,3.0,5764.1459545214175
Yelahanka,1322.0,2.0,86.0,2.0,6505.295007564297
other,1095.0,3.0,215.0,3.0,19634.703196347033
Bellandur,3600.0,4.0,260.0,4.0,7222.222222222223
Aecs Layout,1045.0,2.0,36.58,2.0,3500.4784688995214
other,1545.0,3.0,85.0,3.0,5501.6181229773465
Thanisandra,1996.0,3.0,135.0,3.0,6763.527054108216
Brookefield,1125.0,2.0,70.0,2.0,6222.222222222223
Mysore Road,1560.0,3.0,115.0,3.0,7371.794871794872
Beml Layout,2000.0,2.0,85.0,3.0,4250.0
other,3100.0,4.0,310.0,4.0,10000.0
other,780.0,2.0,35.0,2.0,4487.179487179487
other,1350.0,2.0,110.0,2.0,8148.148148148148
Sarjapur Road,2275.0,4.0,180.0,3.0,7912.087912087912
other,1350.0,2.0,41.0,2.0,3037.037037037037
Dasanapura,708.0,1.0,28.32,1.0,4000.0
Sarjapur Road,1680.0,3.0,160.0,3.0,9523.809523809523
Bellandur,1310.0,2.0,72.0,2.0,5496.18320610687
Btm Layout,3300.0,6.0,165.0,6.0,5000.0
Chikkalasandra,1428.0,2.0,80.0,3.0,5602.240896358543
Akshaya Nagar,750.0,4.0,62.0,4.0,8266.666666666666
Whitefield,3252.0,4.0,280.0,4.0,8610.086100861008
other,1200.0,2.0,68.0,3.0,5666.666666666667
other,1200.0,4.0,120.0,5.0,10000.0
Rachenahalli,440.0,1.0,28.0,1.0,6363.636363636364
Sahakara Nagar,1048.0,2.0,50.0,2.0,4770.992366412213
Thanisandra,1801.0,3.0,115.0,3.0,6385.341476957246
Hennur Road,1232.0,2.0,69.61,2.0,5650.162337662337
Whitefield,1150.0,2.0,90.0,2.0,7826.086956521739
Talaghattapura,1868.0,3.0,120.0,3.0,6423.982869379015
Hebbal Kempapura,1466.0,2.0,140.0,3.0,9549.795361527968
Jp Nagar,3860.0,3.0,402.0,3.0,10414.507772020725
Somasundara Palya,1185.0,2.0,70.0,2.0,5907.172995780591
Yeshwanthpur,3027.0,4.0,260.0,3.0,8589.362405021473
Whitefield,2400.0,4.0,147.0,4.0,6125.0
other,1150.0,2.0,49.0,2.0,4260.869565217391
other,2000.0,4.0,180.0,5.0,9000.0
other,875.0,3.0,98.0,6.0,11200.0
Pai Layout,1075.0,2.0,35.0,2.0,3255.813953488372
Hebbal,1760.0,3.0,123.0,3.0,6988.636363636364
other,910.0,4.0,140.0,4.0,15384.615384615385
Epip Zone,1734.0,3.0,125.0,3.0,7208.76585928489
Horamavu Banaswadi,1272.0,2.0,48.0,2.0,3773.5849056603774
Kereguddadahalli,1240.0,3.0,41.0,3.0,3306.451612903226
Varthur,704.0,8.0,92.0,8.0,13068.181818181818
Yelahanka,1100.0,2.0,70.0,2.0,6363.636363636364
Rachenahalli,3657.0,5.0,220.0,4.0,6015.859994531036
Btm 2Nd Stage,1200.0,2.0,35.0,2.0,2916.6666666666665
Ramagondanahalli,2800.0,4.0,155.0,4.0,5535.714285714285
Ambalipura,3500.0,3.0,198.0,3.0,5657.142857142857
other,1200.0,7.0,220.0,8.0,18333.333333333332
other,1096.0,2.0,48.0,2.0,4379.56204379562
other,580.0,2.0,95.0,2.0,16379.310344827587
other,1094.0,2.0,44.0,2.0,4021.9378427787933
other,1100.0,2.0,49.0,2.0,4454.545454545455
Koramangala,2503.0,6.0,325.0,4.0,12984.418697562924
Seegehalli,1830.0,4.0,82.0,3.0,4480.87431693989
other,1280.0,4.0,115.0,4.0,8984.375
Chandapura,645.0,1.0,16.45,1.0,2550.3875968992247
Thigalarapalya,1207.0,2.0,62.0,2.0,5136.702568351284
Thanisandra,1678.0,3.0,125.0,3.0,7449.344457687724
Kaggalipura,950.0,2.0,50.0,2.0,5263.1578947368425
Munnekollal,1200.0,7.0,240.0,10.0,20000.0
Electronic City,1070.0,2.0,55.0,2.0,5140.186915887851
Ardendale,1732.46,3.0,92.0,3.0,5310.367916142364
Marathahalli,1360.0,2.0,103.0,2.0,7573.529411764706
Malleshpalya,2592.0,4.0,250.0,4.0,9645.061728395061
other,4470.0,3.0,700.0,3.0,15659.955257270694
other,720.0,4.0,62.0,5.0,8611.111111111111
Lakshminarayana Pura,1656.0,3.0,150.0,3.0,9057.971014492754
Dodda Nekkundi,1999.0,3.0,135.0,3.0,6753.376688344172
Basavangudi,1600.0,2.0,160.0,3.0,10000.0
other,1200.0,3.0,85.0,3.0,7083.333333333333
other,1086.0,2.0,47.5,2.0,4373.848987108656
other,1655.0,3.0,155.0,3.0,9365.558912386707
Old Madras Road,2600.0,4.0,260.0,4.0,10000.0
Sarjapur Road,1418.0,2.0,78.0,2.0,5500.705218617772
Kalena Agrahara,1270.0,2.0,100.0,2.0,7874.0157480314965
other,1150.0,2.0,74.0,2.0,6434.782608695652
Ramamurthy Nagar,600.0,3.0,45.0,2.0,7500.0
other,1440.0,3.0,65.8,3.0,4569.444444444444
other,1200.0,2.0,108.0,3.0,9000.0
other,1200.0,2.0,75.0,2.0,6250.0
Chandapura,1200.0,5.0,92.0,4.0,7666.666666666667
Jalahalli,600.0,3.0,60.0,3.0,10000.0
Whitefield,624.0,1.0,35.0,1.0,5608.974358974359
Electronic City,1060.0,2.0,58.0,2.0,5471.698113207547
Hebbal,3960.0,5.0,386.0,4.0,9747.474747474747
Vidyaranyapura,1200.0,4.0,175.0,4.0,14583.333333333334
Kr Puram,950.0,2.0,40.0,2.0,4210.526315789473
Vishwapriya Layout,1235.0,2.0,60.0,2.0,4858.299595141701
Budigere,722.0,1.0,46.0,1.0,6371.191135734072
Kanakpura Road,2775.0,3.0,165.0,4.0,5945.945945945946
Sarjapur Road,1200.0,2.0,93.0,2.0,7750.0
other,1225.0,3.0,60.0,3.0,4897.959183673469
Nagavarapalya,705.0,1.0,52.5,1.0,7446.808510638298
Battarahalli,1880.0,3.0,94.36,3.0,5019.148936170212
Yelahanka,1200.0,2.0,70.0,2.0,5833.333333333333
other,1550.0,2.0,60.0,3.0,3870.967741935484
Lingadheeranahalli,1893.0,3.0,130.0,3.0,6867.406233491812
other,1650.0,3.0,75.0,3.0,4545.454545454545
other,1113.0,2.0,46.0,2.0,4132.973944294699
other,1500.0,2.0,203.0,2.0,13533.333333333334
other,1800.0,9.0,180.0,9.0,10000.0
Seegehalli,4000.0,3.0,235.0,3.0,5875.0
Haralur Road,1830.0,3.0,101.0,3.0,5519.12568306011
Kodigehalli,1200.0,2.0,48.0,2.0,4000.0
other,1800.0,2.0,72.0,3.0,4000.0
Bommasandra,1015.0,2.0,40.0,2.0,3940.886699507389
Hoodi,706.0,1.0,48.24,1.0,6832.8611898017
other,1350.0,4.0,85.0,4.0,6296.2962962962965
Kumaraswami Layout,610.0,4.0,95.0,6.0,15573.77049180328
Harlur,1200.0,4.0,243.0,4.0,20250.0
Seegehalli,3000.0,5.0,150.0,4.0,5000.0
Bisuvanahalli,1075.0,2.0,42.0,3.0,3906.9767441860463
Kanakpura Road,1290.0,2.0,80.0,2.0,6201.550387596899
Uttarahalli,1360.0,2.0,61.2,3.0,4500.0
other,4500.0,9.0,500.0,9.0,11111.111111111111
other,935.0,2.0,32.73,2.0,3500.5347593582883
Cox Town,1730.0,3.0,140.0,3.0,8092.485549132948
other,675.0,6.0,125.0,6.0,18518.51851851852
Marathahalli,4000.0,4.0,650.0,4.0,16250.0
other,600.0,3.0,85.0,2.0,14166.666666666666
other,2500.0,5.0,120.0,5.0,4800.0
Hegde Nagar,3216.0,5.0,300.0,4.0,9328.358208955224
other,800.0,3.0,120.0,6.0,15000.0
Sarjapur Road,1115.0,2.0,60.0,2.0,5381.165919282511
Judicial Layout,1200.0,6.0,300.0,6.0,25000.0
Whitefield,4356.0,5.0,850.0,4.0,19513.314967860424
9Th Phase Jp Nagar,1005.0,2.0,43.0,2.0,4278.606965174129
Kengeri,416.0,1.0,19.5,1.0,4687.5
1St Phase Jp Nagar,1394.0,2.0,100.0,2.0,7173.601147776184
other,1550.0,3.0,160.0,3.0,10322.58064516129
Nagavarapalya,1300.0,3.0,80.0,3.0,6153.846153846154
Thanisandra,1265.0,2.0,82.0,2.0,6482.213438735178
other,1140.0,2.0,52.0,2.0,4561.403508771929
other,1050.0,2.0,40.0,2.0,3809.5238095238096
Varthur,1600.0,4.0,112.0,4.0,7000.0
other,1705.0,2.0,290.0,3.0,17008.797653958944
Chikkalasandra,1070.0,2.0,42.8,2.0,4000.0
Whitefield,1700.0,3.0,95.0,3.0,5588.235294117647
Bhoganhalli,910.2,2.0,80.64,2.0,8859.591298615689
Whitefield,4960.0,4.0,400.0,4.0,8064.5161290322585
Talaghattapura,2254.0,3.0,170.0,3.0,7542.147293700089
Begur Road,2462.0,6.0,150.0,4.0,6092.607636068237
Giri Nagar,1350.0,3.0,240.0,3.0,17777.777777777777
Marathahalli,615.0,1.0,44.0,1.0,7154.471544715447
Ramamurthy Nagar,1110.0,2.0,65.0,2.0,5855.855855855856
Haralur Road,575.0,1.0,88.0,1.0,15304.347826086956
Electronic City,1025.0,2.0,54.1,2.0,5278.048780487805
other,1758.0,3.0,95.0,3.0,5403.86803185438
other,3179.0,5.0,351.0,4.0,11041.207927021076
Kaikondrahalli,1342.0,3.0,92.0,3.0,6855.439642324888
Kalyan Nagar,1800.0,3.0,85.0,3.0,4722.222222222223
Whitefield,2928.0,4.0,198.0,4.0,6762.295081967213
Raja Rajeshwari Nagar,1608.0,2.0,85.0,2.0,5286.0696517412935
Kadugodi,1645.0,2.0,82.0,3.0,4984.802431610942
Harlur,1200.0,2.0,52.0,2.0,4333.333333333333
Dodda Nekkundi,3800.0,4.0,600.0,4.0,15789.473684210527
other,909.0,2.0,40.0,3.0,4400.4400440044
other,1200.0,3.0,85.0,2.0,7083.333333333333
Kalyan Nagar,1080.0,2.0,73.0,2.0,6759.259259259259
other,1200.0,2.0,34.0,2.0,2833.3333333333335
Jalahalli,1932.0,4.0,135.0,3.0,6987.577639751553
Kr Puram,1156.0,2.0,72.0,2.0,6228.3737024221455
Thubarahalli,1330.0,2.0,75.0,2.0,5639.097744360903
Thanisandra,1917.0,4.0,113.0,3.0,5894.627021387585
other,2400.0,6.0,408.0,6.0,17000.0
other,1290.0,1.0,225.0,2.0,17441.86046511628
Kodigehalli,655.0,1.0,53.0,1.0,8091.603053435115
other,1800.0,3.0,140.0,3.0,7777.777777777777
Margondanahalli,1360.0,2.0,45.0,4.0,3308.823529411765
Bellandur,1785.0,3.0,118.0,3.0,6610.644257703081
Kadugodi,4000.0,7.0,130.0,7.0,3250.0
Hebbal,1645.0,3.0,120.0,3.0,7294.83282674772
Gottigere,1235.0,2.0,63.0,2.0,5101.214574898785
Anandapura,900.0,2.0,48.0,2.0,5333.333333333333
Thanisandra,662.0,1.0,42.0,1.0,6344.410876132931
Tc Palaya,1440.0,5.0,100.0,5.0,6944.444444444444
Bisuvanahalli,845.0,2.0,37.0,2.0,4378.698224852071
Sarjapur Road,1525.0,2.0,87.0,3.0,5704.918032786885
other,1000.0,2.0,48.0,2.0,4800.0
Hebbal,1255.0,2.0,90.0,3.0,7171.314741035857
Mysore Road,1560.0,3.0,120.0,3.0,7692.307692307692
Kodichikkanahalli,1620.0,2.0,85.0,3.0,5246.913580246914
Marathahalli,1595.0,3.0,90.0,3.0,5642.633228840125
other,1095.0,2.0,38.52,2.0,3517.8082191780827
9Th Phase Jp Nagar,835.0,2.0,37.0,2.0,4431.137724550898
Thigalarapalya,1418.0,2.0,106.0,2.0,7475.317348377997
Sanjay Nagar,1900.0,2.0,180.0,3.0,9473.684210526315
Whitefield,2700.0,5.0,175.0,3.0,6481.481481481482
Btm 2Nd Stage,1070.0,2.0,48.0,2.0,4485.981308411215
Ramamurthy Nagar,2000.0,9.0,150.0,9.0,7500.0
Electronics City Phase 1,755.0,1.0,42.41,1.0,5617.218543046358
Hebbal,1645.0,3.0,117.0,3.0,7112.462006079028
Sarjapur,2400.0,3.0,190.0,3.0,7916.666666666667
Chandapura,645.0,1.0,16.45,1.0,2550.3875968992247
other,3900.0,4.0,333.0,4.0,8538.461538461539
other,2400.0,4.0,200.0,3.0,8333.333333333334
other,2416.0,10.0,600.0,10.0,24834.437086092716
Bannerghatta Road,1725.0,3.0,110.0,3.0,6376.811594202899
Sarjapur Road,1346.0,2.0,71.32,2.0,5298.662704309063
Sarakki Nagar,880.0,6.0,75.0,6.0,8522.727272727272
Neeladri Nagar,640.0,1.0,20.5,1.0,3203.125
other,1645.0,3.0,87.5,3.0,5319.148936170212
Marathahalli,1350.0,2.0,89.0,2.0,6592.592592592592
Vittasandra,1404.0,2.0,68.8,2.0,4900.284900284901
other,1650.0,4.0,320.0,4.0,19393.939393939392
Dodda Nekkundi,1100.0,2.0,41.15,2.0,3740.909090909091
Thanisandra,1948.0,3.0,130.0,3.0,6673.511293634497
other,1252.0,2.0,55.0,2.0,4392.97124600639
Nagarbhavi,1200.0,4.0,240.0,5.0,20000.0
other,2600.0,3.0,140.0,3.0,5384.615384615385
7Th Phase Jp Nagar,1300.0,3.0,89.13,3.0,6856.153846153846
Budigere,1200.0,3.0,135.0,4.0,11250.0
Thanisandra,1690.0,3.0,125.0,3.0,7396.449704142012
Padmanabhanagar,4500.0,4.0,360.0,3.0,8000.0
other,950.0,2.0,60.0,2.0,6315.789473684211
other,2107.0,4.0,95.0,4.0,4508.780256288562
other,1450.0,3.0,68.0,3.0,4689.6551724137935
other,2431.0,3.0,100.0,3.0,4113.533525298231
Hennur Road,1804.0,3.0,102.0,3.0,5654.10199556541
Uttarahalli,1280.0,2.0,75.0,2.0,5859.375
Hebbal,1255.0,3.0,77.68,3.0,6189.641434262949
Koramangala,1320.0,2.0,150.0,2.0,11363.636363636364
other,1200.0,4.0,240.0,4.0,20000.0
Bannerghatta Road,1850.0,6.0,150.0,6.0,8108.108108108108
Ananth Nagar,870.0,2.0,36.0,2.0,4137.931034482759
Basaveshwara Nagar,800.0,6.0,110.0,6.0,13750.0
other,600.0,3.0,54.0,3.0,9000.0
other,1155.0,2.0,56.0,2.0,4848.484848484848
R.T. Nagar,1235.0,2.0,65.0,2.0,5263.1578947368425
Yelahanka,2675.0,4.0,140.0,4.0,5233.644859813084
Raja Rajeshwari Nagar,1395.0,2.0,72.0,3.0,5161.290322580645
Rachenahalli,1530.0,2.0,74.4,3.0,4862.745098039216
Dodda Nekkundi,1252.0,2.0,71.0,3.0,5670.926517571885
Hennur Road,1081.0,2.0,30.27,2.0,2800.1850138760406
Haralur Road,1255.0,3.0,130.0,3.0,10358.565737051793
Ardendale,2062.0,3.0,150.0,4.0,7274.4907856450045
Bisuvanahalli,1180.0,2.0,60.0,3.0,5084.745762711865
Sarjapur Road,715.0,1.0,29.0,1.0,4055.944055944056
Sarjapur Road,1230.0,2.0,94.5,2.0,7682.926829268293
Kaggadasapura,1035.0,2.0,45.5,2.0,4396.135265700483
Epip Zone,3360.0,5.0,225.0,4.0,6696.428571428572
Whitefield,1216.0,2.0,84.0,2.0,6907.894736842105
other,1450.0,2.0,62.63,2.0,4319.310344827586
Nagavarapalya,705.0,1.0,57.0,1.0,8085.106382978724
Gottigere,1385.0,3.0,64.0,3.0,4620.938628158845
Koramangala,1320.0,2.0,110.0,2.0,8333.333333333334
other,1900.0,3.0,205.0,3.0,10789.473684210527
other,1365.0,3.0,60.0,2.0,4395.604395604396
Begur Road,1565.0,2.0,59.76,3.0,3818.5303514376997
Karuna Nagar,1163.0,3.0,180.0,3.0,15477.214101461737
Whitefield,2882.0,5.0,204.0,4.0,7078.417765440666
Hennur Road,2320.0,3.0,170.0,3.0,7327.586206896552
Sarjapur Road,1750.0,3.0,99.0,3.0,5657.142857142857
Kudlu,1143.0,2.0,55.0,2.0,4811.898512685914
Hennur Road,1936.0,3.0,118.0,3.0,6095.0413223140495
Chandapura,700.0,1.0,19.0,2.0,2714.285714285714
other,1402.0,2.0,85.0,3.0,6062.767475035664
Hebbal,4640.0,4.0,600.0,4.0,12931.034482758621
Bommenahalli,1680.0,3.0,135.0,4.0,8035.714285714285
Kalyan Nagar,2422.0,3.0,150.0,4.0,6193.228736581338
Sarjapur Road,1145.0,2.0,62.0,2.0,5414.847161572053
Thubarahalli,1085.0,2.0,70.0,2.0,6451.612903225807
Bommasandra,1000.0,2.0,35.0,2.0,3500.0
Horamavu Agara,1169.0,2.0,64.0,2.0,5474.764756201882
other,1150.0,4.0,110.0,4.0,9565.217391304348
Whitefield,1840.0,3.0,140.0,3.0,7608.695652173913
other,1550.0,3.0,75.0,3.0,4838.709677419355
Kaval Byrasandra,997.0,2.0,53.0,2.0,5315.947843530592
Gunjur,1457.0,2.0,60.0,2.0,4118.050789293068
Isro Layout,1000.0,2.0,60.0,2.0,6000.0
Kr Puram,1000.0,2.0,60.0,2.0,6000.0
Sarjapur Road,1500.0,3.0,88.0,3.0,5866.666666666667
other,958.0,3.0,210.0,5.0,21920.668058455114
Lakshminarayana Pura,1165.0,2.0,75.0,2.0,6437.768240343347
other,1200.0,7.0,169.0,7.0,14083.333333333334
Kasavanhalli,1787.0,3.0,123.0,3.0,6883.044208170118
Raja Rajeshwari Nagar,1288.0,2.0,70.0,3.0,5434.782608695652
Hulimavu,3035.0,5.0,271.0,3.0,8929.159802306425
Doddathoguru,750.0,1.0,25.5,1.0,3400.0
Yelachenahalli,900.0,2.0,115.0,4.0,12777.777777777777
Channasandra,1200.0,3.0,67.77,3.0,5647.5
Electronic City,1500.0,2.0,78.0,3.0,5200.0
Marathahalli,780.0,1.0,55.0,1.0,7051.282051282052
Bannerghatta Road,1220.0,2.0,80.0,2.0,6557.377049180328
other,2100.0,3.0,240.0,3.0,11428.57142857143
Hosakerehalli,1380.0,9.0,150.0,9.0,10869.565217391304
Akshaya Nagar,1690.0,3.0,85.0,3.0,5029.585798816568
Bannerghatta Road,1130.0,2.0,78.0,2.0,6902.654867256637
Kengeri,900.0,2.0,45.0,2.0,5000.0
Panathur,1199.0,2.0,85.0,2.0,7089.241034195163
other,5000.0,4.0,290.0,4.0,5800.0
Bellandur,700.0,8.0,100.0,7.0,14285.714285714286
Uttarahalli,661.0,1.0,36.0,1.0,5446.293494704993
other,1804.0,2.0,285.0,2.0,15798.226164079822
Marathahalli,1710.0,3.0,100.0,3.0,5847.953216374269
Kengeri Satellite Town,1030.0,2.0,50.0,2.0,4854.368932038835
Ramamurthy Nagar,1200.0,2.0,78.0,2.0,6500.0
other,2000.0,3.0,85.0,3.0,4250.0
Nagarbhavi,300.0,1.0,20.0,1.0,6666.666666666667
Green Glen Layout,1751.0,2.0,115.0,3.0,6567.6756139348945
R.T. Nagar,800.0,1.0,170.0,2.0,21250.0
Panathur,1255.0,2.0,79.0,2.0,6294.820717131474
Whitefield,1778.0,3.0,122.0,3.0,6861.6422947131605
other,1100.0,2.0,45.0,2.0,4090.909090909091
Hennur Road,1480.0,2.0,65.0,2.0,4391.891891891892
Electronics City Phase 1,580.0,1.0,27.0,1.0,4655.172413793103
Choodasandra,1197.0,2.0,63.0,2.0,5263.1578947368425
Hrbr Layout,1200.0,2.0,170.0,4.0,14166.666666666666
Lingadheeranahalli,1705.0,3.0,110.0,3.0,6451.612903225807
other,1200.0,3.0,140.0,3.0,11666.666666666666
other,814.0,2.0,55.0,2.0,6756.756756756757
Electronic City,1575.0,3.0,90.0,3.0,5714.285714285715
Pattandur Agrahara,1302.0,2.0,66.0,2.0,5069.124423963133
Sultan Palaya,1800.0,8.0,175.0,6.0,9722.222222222223
Hegde Nagar,2006.8,4.0,196.0,3.0,9766.792904125972
other,1100.0,2.0,44.0,2.0,4000.0
other,2400.0,5.0,400.0,5.0,16666.666666666668
other,830.0,2.0,37.0,2.0,4457.831325301205
Electronic City,435.0,1.0,19.5,1.0,4482.758620689655
Thanisandra,1922.0,3.0,106.0,3.0,5515.088449531738
Thanisandra,965.0,2.0,67.0,2.0,6943.00518134715
Hoodi,1108.0,2.0,87.0,2.0,7851.985559566787
Harlur,1197.0,2.0,79.0,2.0,6599.832915622389
Dairy Circle,3754.0,6.0,430.0,4.0,11454.448588172616
Sarjapur Road,1750.0,3.0,215.0,4.0,12285.714285714286
Kasavanhalli,1691.0,3.0,104.0,3.0,6150.206978119456
Electronic City,1449.0,3.0,100.0,3.0,6901.311249137336
Bommanahalli,1360.0,2.0,87.72,3.0,6450.0
other,1100.0,2.0,48.0,2.0,4363.636363636364
other,1230.0,2.0,53.51,3.0,4350.40650406504
Green Glen Layout,1750.0,3.0,130.0,3.0,7428.571428571428
7Th Phase Jp Nagar,1450.0,3.0,100.0,3.0,6896.551724137931
Haralur Road,1810.0,3.0,126.0,3.0,6961.325966850829
Vittasandra,1246.0,2.0,62.3,2.0,5000.0
Brookefield,1420.0,3.0,85.0,3.0,5985.915492957746
other,1450.0,2.0,89.6,3.0,6179.310344827586
other,1200.0,4.0,230.0,4.0,19166.666666666668
other,1367.0,2.0,62.0,2.0,4535.479151426482
Talaghattapura,2254.0,3.0,170.0,3.0,7542.147293700089
Sanjay Nagar,1200.0,4.0,185.0,5.0,15416.666666666666
other,750.0,6.0,112.0,9.0,14933.333333333334
other,1340.0,2.0,77.0,2.0,5746.268656716418
Sarjapur Road,1846.0,3.0,145.0,3.0,7854.821235102925
Dodda Nekkundi,1155.0,2.0,46.0,2.0,3982.683982683983
Jalahalli East,1300.0,2.0,63.0,3.0,4846.153846153846
Bellandur,1051.0,2.0,60.0,2.0,5708.848715509039
Kodihalli,2500.0,4.0,260.0,3.0,10400.0
other,12000.0,9.0,1900.0,8.0,15833.333333333334
other,1135.0,2.0,32.91,2.0,2899.5594713656383
other,1745.0,3.0,77.0,3.0,4412.607449856733
Banashankari,500.0,5.0,92.0,5.0,18400.0
other,1665.0,3.0,105.0,3.0,6306.306306306306
other,1220.0,2.0,48.79,2.0,3999.1803278688526
Kanakpura Road,1868.0,3.0,113.0,3.0,6049.250535331906
Anandapura,640.0,3.0,45.0,3.0,7031.25
other,2300.0,4.0,200.0,4.0,8695.652173913044
other,1210.0,2.0,76.0,2.0,6280.99173553719
Ambalipura,1351.0,2.0,77.0,2.0,5699.481865284974
Hebbal,1636.0,3.0,119.0,3.0,7273.838630806846
R.T. Nagar,2400.0,6.0,450.0,5.0,18750.0
Attibele,418.0,1.0,12.0,1.0,2870.813397129187
Bannerghatta,2370.0,4.0,195.0,3.0,8227.848101265823
Rachenahalli,1530.0,2.0,74.5,3.0,4869.281045751634
other,1100.0,2.0,46.0,2.0,4181.818181818182
Sarjapur Road,1846.0,3.0,155.0,3.0,8396.533044420368
Hegde Nagar,1847.0,3.0,135.0,3.0,7309.1499729290745
Whitefield,3100.0,4.0,350.0,4.0,11290.322580645161
Hoodi,1430.0,2.0,110.0,2.0,7692.307692307692
Old Madras Road,935.0,2.0,45.0,2.0,4812.834224598931
Attibele,1350.0,3.0,85.0,3.0,6296.2962962962965
Kammanahalli,540.0,3.0,60.0,3.0,11111.111111111111
Hennur Road,1590.0,3.0,96.5,3.0,6069.182389937107
other,1286.0,3.0,67.0,3.0,5209.9533437014
other,1141.0,2.0,40.0,2.0,3505.6967572304998
other,1554.0,3.0,130.0,2.0,8365.508365508365
Hebbal,3520.0,3.0,430.0,3.0,12215.90909090909
Malleshwaram,7500.0,7.0,1700.0,5.0,22666.666666666668
Harlur,1749.0,3.0,112.0,3.0,6403.659233847913
other,2250.0,5.0,360.0,5.0,16000.0
other,1140.0,2.0,45.0,2.0,3947.3684210526317
Bommenahalli,1632.0,3.0,128.0,4.0,7843.137254901961
other,1065.0,2.0,58.0,2.0,5446.0093896713615
Haralur Road,1520.0,2.0,96.0,3.0,6315.789473684211
Bisuvanahalli,1075.0,2.0,43.0,3.0,4000.0
other,1342.0,2.0,115.0,2.0,8569.29955290611
Hbr Layout,1004.0,2.0,49.0,2.0,4880.478087649402
Ramagondanahalli,1295.0,2.0,95.0,2.0,7335.907335907336
Thanisandra,1098.0,2.0,74.0,2.0,6739.526411657559
Yelahanka,654.0,1.0,37.0,1.0,5657.492354740061
Koramangala,5985.0,4.0,775.0,4.0,12949.039264828738
Yelachenahalli,1080.0,2.0,38.0,2.0,3518.5185185185187
Doddakallasandra,2493.0,3.0,115.0,3.0,4612.916165262735
Electronic City,1125.0,2.0,58.0,2.0,5155.555555555556
1St Block Jayanagar,1000.0,3.0,60.0,2.0,6000.0
Banashankari Stage Ii,2400.0,3.0,510.0,5.0,21250.0
Bommanahalli,1850.0,3.0,90.0,3.0,4864.864864864865
Harlur,1174.0,2.0,75.0,2.0,6388.415672913117
Hebbal,2466.0,2.0,226.5,3.0,9184.914841849148
Sultan Palaya,1100.0,2.0,45.0,2.0,4090.909090909091
Banashankari,3580.0,3.0,411.0,3.0,11480.446927374302
Choodasandra,900.0,4.0,155.0,3.0,17222.222222222223
other,1082.0,2.0,42.0,3.0,3881.7005545286506
Kadugodi,1314.0,2.0,78.0,2.0,5936.07305936073
other,1290.0,2.0,40.63,2.0,3149.6124031007757
Kaggadasapura,1010.0,2.0,55.0,2.0,5445.544554455446
other,1636.0,3.0,97.0,3.0,5929.095354523228
9Th Phase Jp Nagar,1050.0,2.0,39.0,2.0,3714.285714285714
7Th Phase Jp Nagar,1200.0,2.0,200.0,2.0,16666.666666666668
Haralur Road,1520.0,2.0,125.0,3.0,8223.684210526315
5Th Phase Jp Nagar,2500.0,5.0,110.0,5.0,4400.0
Sarjapur Road,1067.0,2.0,60.0,2.0,5623.242736644798
Nri Layout,1060.0,2.0,35.0,2.0,3301.8867924528304
Bommasandra,955.0,2.0,35.28,2.0,3694.240837696335
Thigalarapalya,1418.0,2.0,104.0,2.0,7334.273624823695
8Th Phase Jp Nagar,1200.0,8.0,225.0,9.0,18750.0
Kanakpura Road,1366.0,2.0,83.0,2.0,6076.134699853587
other,3600.0,4.0,450.0,4.0,12500.0
Indira Nagar,1470.0,2.0,170.0,2.0,11564.625850340137
Hbr Layout,800.0,4.0,180.0,4.0,22500.0
Hennur Road,1445.0,2.0,105.0,3.0,7266.435986159169
Kundalahalli,1397.0,3.0,105.0,3.0,7516.1059413027915
Vijayanagar,606.0,1.0,40.0,1.0,6600.660066006601
Gollarapalya Hosahalli,861.0,2.0,34.5,2.0,4006.968641114983
Devarachikkanahalli,1170.0,2.0,40.0,2.0,3418.803418803419
Koramangala,2461.0,6.0,353.0,4.0,14343.762698090208
other,1224.0,4.0,200.0,8.0,16339.869281045752
Rajaji Nagar,660.0,1.0,75.0,1.0,11363.636363636364
Dommasandra,1153.0,2.0,43.5,2.0,3772.7666955767563
Ombr Layout,2400.0,5.0,275.0,5.0,11458.333333333334
Old Madras Road,4500.0,7.0,294.0,5.0,6533.333333333333
other,1450.0,3.0,42.0,3.0,2896.551724137931
Budigere,1139.0,2.0,60.0,2.0,5267.778753292362
Green Glen Layout,1530.0,3.0,105.0,3.0,6862.745098039216
Electronic City,1575.0,3.0,101.0,3.0,6412.6984126984125
Whitefield,650.0,1.0,25.0,1.0,3846.153846153846
other,1120.0,2.0,40.0,2.0,3571.4285714285716
Akshaya Nagar,1700.0,3.0,80.0,3.0,4705.882352941177
Akshaya Nagar,1897.0,4.0,93.0,3.0,4902.477596204533
other,1200.0,3.0,72.0,3.0,6000.0
Kanakpura Road,700.0,2.0,40.0,2.0,5714.285714285715
Ambedkar Nagar,1856.0,3.0,120.0,3.0,6465.517241379311
other,1500.0,2.0,65.0,3.0,4333.333333333333
Hennur Road,1036.0,2.0,59.45,2.0,5738.416988416989
other,3000.0,8.0,90.0,6.0,3000.0
Uttarahalli,1320.0,2.0,55.44,3.0,4200.0
Malleshwaram,2215.0,4.0,310.0,3.0,13995.48532731377
Marathahalli,1730.0,3.0,110.0,3.0,6358.381502890174
other,750.0,4.0,85.0,4.0,11333.333333333334
Talaghattapura,1804.0,3.0,115.0,3.0,6374.7228381374725
Thanisandra,1795.0,3.0,140.0,3.0,7799.442896935933
Dasarahalli,2100.0,3.0,120.0,3.0,5714.285714285715
other,1350.0,2.0,280.0,3.0,20740.74074074074
other,1100.0,2.0,47.0,2.0,4272.727272727273
other,1000.0,1.0,75.0,2.0,7500.0
Kanakapura,1254.0,2.0,70.0,3.0,5582.13716108453
other,600.0,8.0,70.0,8.0,11666.666666666666
Btm 2Nd Stage,1280.0,2.0,80.0,2.0,6250.0
Kasavanhalli,4260.0,4.0,272.0,4.0,6384.976525821597
Hebbal,1255.0,2.0,95.0,3.0,7569.721115537848
other,1388.0,3.0,69.99,3.0,5042.50720461095
Whitefield,905.0,1.0,52.0,1.0,5745.85635359116
other,1176.0,2.0,44.0,2.0,3741.496598639456
Uttarahalli,1390.0,2.0,61.16,3.0,4400.0
Giri Nagar,2400.0,4.0,400.0,4.0,16666.666666666668
Sahakara Nagar,1160.0,2.0,55.0,2.0,4741.379310344828
Seegehalli,2800.0,4.0,140.0,4.0,5000.0
5Th Block Hbr Layout,1200.0,4.0,205.0,4.0,17083.333333333332
Marathahalli,1583.0,3.0,115.0,3.0,7264.687302590019
other,1170.0,2.0,86.0,2.0,7350.427350427351
Bannerghatta Road,1486.0,3.0,83.22,3.0,5600.269179004038
Margondanahalli,555.0,1.0,37.0,2.0,6666.666666666667
other,4830.0,5.0,390.0,4.0,8074.534161490683
other,850.0,2.0,75.0,2.0,8823.529411764706
Binny Pete,1282.0,3.0,178.0,3.0,13884.555382215289
Sarjapur Road,2383.0,5.0,215.0,4.0,9022.24087284935
Naganathapura,1103.0,2.0,55.0,2.0,4986.400725294651
Yelahanka,1465.0,3.0,80.01,3.0,5461.433447098977
other,1600.0,3.0,64.0,3.0,4000.0
other,1100.0,2.0,55.0,2.0,5000.0
Varthur,1450.0,3.0,71.0,3.0,4896.551724137931
Old Madras Road,2266.0,3.0,169.0,3.0,7458.075904677847
other,2065.0,3.0,130.0,3.0,6295.399515738499
other,1150.0,2.0,125.0,2.0,10869.565217391304
other,1200.0,8.0,220.0,8.0,18333.333333333332
Akshaya Nagar,1884.0,3.0,98.0,3.0,5201.698513800425
1St Block Jayanagar,930.0,4.0,85.0,7.0,9139.78494623656
Lakshminarayana Pura,1145.0,2.0,75.0,2.0,6550.218340611354
Subramanyapura,950.0,2.0,55.0,2.0,5789.473684210527
other,1250.0,2.0,59.0,2.0,4720.0
other,1115.0,2.0,46.0,2.0,4125.5605381165915
Kalyan Nagar,1280.0,2.0,48.0,2.0,3750.0
Raja Rajeshwari Nagar,1420.0,2.0,60.0,3.0,4225.352112676056
Kasavanhalli,2111.0,4.0,120.0,3.0,5684.509711037423
Vidyaranyapura,1100.0,2.0,54.0,2.0,4909.090909090909
Harlur,1750.0,3.0,136.0,3.0,7771.428571428572
other,2550.0,4.0,290.0,3.0,11372.549019607843
Shampura,700.0,1.0,35.0,2.0,5000.0
Uttarahalli,1235.0,2.0,90.0,2.0,7287.44939271255
Yeshwanthpur,1200.0,4.0,110.0,4.0,9166.666666666666
Banashankari,2400.0,1.0,200.0,1.0,8333.333333333334
Marathahalli,1200.0,5.0,108.0,6.0,9000.0
Devarachikkanahalli,615.0,1.0,24.0,1.0,3902.439024390244
Rajaji Nagar,1538.0,5.0,300.0,5.0,19505.85175552666
other,3080.0,2.0,285.0,4.0,9253.246753246753
Konanakunte,1200.0,2.0,130.0,4.0,10833.333333333334
Seegehalli,1096.0,2.0,41.0,2.0,3740.875912408759
Vidyaranyapura,1200.0,7.0,140.0,7.0,11666.666666666666
R.T. Nagar,1140.0,3.0,130.0,3.0,11403.508771929824
other,1130.0,2.0,52.0,2.0,4601.769911504425
Mahadevpura,1058.0,2.0,85.0,2.0,8034.026465028355
Prithvi Layout,946.0,3.0,140.0,3.0,14799.154334038056
other,3400.0,6.0,420.0,4.0,12352.941176470587
Kanakpura Road,2689.0,6.0,245.0,4.0,9111.193752324285
Uttarahalli,1329.0,2.0,56.0,3.0,4213.694507148231
Nagarbhavi,1250.0,3.0,175.0,4.0,14000.0
other,800.0,6.0,98.0,6.0,12250.0
Kanakpura Road,1339.0,2.0,71.5,2.0,5339.805825242718
other,450.0,1.0,25.0,1.0,5555.555555555556
Btm 2Nd Stage,1100.0,2.0,70.0,2.0,6363.636363636364
Whitefield,810.0,1.0,21.0,1.0,2592.5925925925926
Bellandur,1060.0,2.0,65.0,2.0,6132.075471698113
Anandapura,1749.0,4.0,90.0,4.0,5145.797598627787
Sahakara Nagar,1200.0,2.0,75.0,3.0,6250.0
other,1100.0,2.0,85.0,2.0,7727.272727272727
Rachenahalli,660.0,1.0,32.64,1.0,4945.454545454545
Jalahalli East,720.0,4.0,48.0,4.0,6666.666666666667
Gunjur,6613.0,7.0,950.0,5.0,14365.643429608348
Kengeri,502.0,1.0,25.0,1.0,4980.0796812749
Bommenahalli,3339.0,3.0,250.0,3.0,7487.271638215035
Begur,1475.0,2.0,74.0,3.0,5016.949152542373
other,1550.0,3.0,258.0,3.0,16645.16129032258
other,966.0,2.0,49.0,2.0,5072.463768115942
other,1350.0,6.0,160.0,6.0,11851.851851851852
other,4400.0,4.0,350.0,5.0,7954.545454545455
Kogilu,1559.0,3.0,120.0,3.0,7697.2418216805645
Vittasandra,1246.0,2.0,63.0,2.0,5056.179775280899
Begur Road,1410.0,2.0,53.58,3.0,3800.0
Varthur Road,1300.0,3.0,75.0,4.0,5769.2307692307695
other,900.0,4.0,75.0,4.0,8333.333333333334
Channasandra,1104.0,2.0,35.5,2.0,3215.5797101449275
Sultan Palaya,900.0,2.0,45.0,2.0,5000.0
other,1550.0,2.0,79.0,3.0,5096.774193548387
Kanakpura Road,670.0,1.0,35.0,1.0,5223.880597014925
Jakkur,1483.0,2.0,98.0,2.0,6608.226567768038
Basapura,1540.0,2.0,70.0,3.0,4545.454545454545
Naganathapura,1200.0,7.0,100.0,8.0,8333.333333333334
Hennur,1255.0,2.0,54.5,2.0,4342.629482071713
Ombr Layout,600.0,3.0,100.0,3.0,16666.666666666668
other,1036.0,2.0,110.0,2.0,10617.760617760618
Devarachikkanahalli,1230.0,2.0,58.0,2.0,4715.447154471544
Yelenahalli,1600.0,3.0,61.37,3.0,3835.625
Hegde Nagar,2162.0,3.0,200.0,3.0,9250.693802035152
other,1070.0,2.0,38.9,2.0,3635.5140186915887
Jigani,1221.0,3.0,72.0,3.0,5896.805896805897
other,1041.0,2.0,36.44,2.0,3500.480307396734
Ambalipura,2550.0,4.0,149.0,4.0,5843.137254901961
Shampura,1400.0,3.0,70.0,3.0,5000.0
other,600.0,2.0,55.0,1.0,9166.666666666666
Nagarbhavi,710.0,2.0,40.0,1.0,5633.802816901409
Electronic City,1500.0,2.0,78.25,3.0,5216.666666666667
Thigalarapalya,3122.0,6.0,237.0,4.0,7591.287636130685
Akshaya Nagar,2061.0,3.0,175.0,3.0,8491.02377486657
Brookefield,2400.0,5.0,325.0,5.0,13541.666666666666
Hebbal,1255.0,2.0,95.0,3.0,7569.721115537848
Malleshwaram,2425.0,7.0,140.0,7.0,5773.19587628866
other,1376.0,4.0,156.0,4.0,11337.209302325582
Thigalarapalya,1418.0,2.0,105.0,2.0,7404.795486600846
Kengeri Satellite Town,1200.0,2.0,65.0,2.0,5416.666666666667
Basavangudi,1825.0,3.0,175.0,3.0,9589.04109589041
other,1508.0,3.0,75.0,3.0,4973.474801061008
Old Airport Road,946.0,2.0,58.0,2.0,6131.0782241014795
other,1110.0,2.0,58.0,2.0,5225.225225225226
Hennur Road,1832.0,3.0,125.0,3.0,6823.144104803493
Hebbal,1088.0,2.0,61.45,2.0,5647.97794117647
Thanisandra,1564.0,3.0,104.0,3.0,6649.616368286445
9Th Phase Jp Nagar,660.0,2.0,27.0,2.0,4090.909090909091
Sarjapur Road,1700.0,3.0,95.0,3.0,5588.235294117647
Btm 1St Stage,1100.0,5.0,121.0,4.0,11000.0
other,1950.0,3.0,90.0,3.0,4615.384615384615
other,1080.0,2.0,62.0,2.0,5740.740740740741
other,999.0,2.0,43.66,2.0,4370.37037037037
other,900.0,4.0,175.0,4.0,19444.444444444445
Kanakpura Road,1300.0,2.0,89.76,2.0,6904.615384615385
Hrbr Layout,1265.0,2.0,78.0,2.0,6166.00790513834
Attibele,1200.0,2.0,42.0,2.0,3500.0
other,1180.0,2.0,40.0,2.0,3389.830508474576
other,2800.0,2.0,650.0,2.0,23214.285714285714
other,1127.0,2.0,55.0,2.0,4880.212954747116
Kengeri Satellite Town,795.0,2.0,32.0,2.0,4025.1572327044023
Bommasandra Industrial Area,1020.0,2.0,29.45,2.0,2887.2549019607845
other,1475.0,2.0,200.0,3.0,13559.322033898305
other,1200.0,3.0,96.25,3.0,8020.833333333333
Kaikondrahalli,849.0,2.0,25.4,2.0,2991.7550058892816
Kanakpura Road,1706.0,3.0,135.0,3.0,7913.24736225088
Yelahanka,2100.0,4.0,180.0,4.0,8571.42857142857
Nagadevanahalli,1250.0,2.0,65.0,3.0,5200.0
Horamavu Agara,1265.0,2.0,65.0,3.0,5138.339920948617
Abbigere,1260.0,2.0,45.0,3.0,3571.4285714285716
Hebbal Kempapura,3895.0,4.0,495.0,4.0,12708.600770218229
Rachenahalli,385.0,1.0,19.8,1.0,5142.857142857143
Bellandur,1100.0,2.0,62.0,2.0,5636.363636363636
Kogilu,700.0,1.0,30.84,1.0,4405.714285714285
Hoodi,1132.0,2.0,89.0,2.0,7862.190812720848
Hennur Road,1359.0,2.0,104.0,2.0,7652.685798381162
other,2631.0,3.0,200.0,4.0,7601.672367920943
5Th Phase Jp Nagar,600.0,1.0,30.0,1.0,5000.0
Laggere,1200.0,1.0,125.0,1.0,10416.666666666666
other,830.0,2.0,60.0,2.0,7228.915662650603
Hsr Layout,1009.0,2.0,56.0,2.0,5550.049554013875
Basavangudi,1800.0,3.0,195.0,3.0,10833.333333333334
other,1500.0,2.0,88.0,2.0,5866.666666666667
Electronic City,1363.0,2.0,79.0,2.0,5796.038151137197
other,1400.0,2.0,240.0,3.0,17142.85714285714
Bommasandra Industrial Area,1165.0,2.0,33.64,2.0,2887.5536480686696
Hsr Layout,2792.0,4.0,220.0,4.0,7879.656160458453
Kammanahalli,700.0,1.0,59.0,1.0,8428.57142857143
other,1518.0,3.0,76.0,3.0,5006.587615283267
Nagappa Reddy Layout,1495.0,2.0,75.0,3.0,5016.722408026756
Sanjay Nagar,1575.0,2.0,90.0,2.0,5714.285714285715
Rajaji Nagar,1440.0,2.0,170.0,2.0,11805.555555555555
Btm Layout,1450.0,2.0,81.0,3.0,5586.206896551724
Hosur Road,1179.0,2.0,49.0,2.0,4156.064461407973
7Th Phase Jp Nagar,1650.0,3.0,110.0,3.0,6666.666666666667
other,856.0,2.0,48.0,2.0,5607.476635514019
Naganathapura,1143.0,2.0,62.0,2.0,5424.321959755031
Hebbal,1349.0,2.0,97.8,2.0,7249.814677538918
other,1280.0,2.0,45.0,3.0,3515.625
Malleshwaram,480.0,1.0,60.0,1.0,12500.0
Doddakallasandra,2493.0,3.0,115.0,3.0,4612.916165262735
Banjara Layout,1200.0,5.0,96.0,5.0,8000.0
other,1070.0,2.0,33.15,2.0,3098.1308411214955
other,1117.0,2.0,110.0,2.0,9847.806624888093
Kundalahalli,1724.0,3.0,124.0,3.0,7192.5754060324825
Jalahalli,1200.0,4.0,90.0,4.0,7500.0
other,600.0,1.0,43.0,1.0,7166.666666666667
Whitefield,1216.0,2.0,75.0,2.0,6167.763157894737
other,7500.0,4.0,425.0,4.0,5666.666666666667
Sarjapur Road,2145.0,3.0,190.0,3.0,8857.808857808857
Bommanahalli,957.0,2.0,53.0,2.0,5538.1400208986415
other,925.0,2.0,48.0,2.0,5189.189189189189
Yelahanka New Town,4000.0,2.0,899.0,4.0,22475.0
Kanakpura Road,2100.0,3.0,140.0,3.0,6666.666666666667
Bannerghatta Road,1115.0,2.0,61.0,2.0,5470.85201793722
Yelahanka,1692.0,3.0,83.0,3.0,4905.437352245863
other,1100.0,2.0,52.0,2.0,4727.272727272727
Hormavu,1385.0,2.0,69.0,3.0,4981.949458483755
Hosa Road,760.0,1.0,24.9,1.0,3276.315789473684
Bommanahalli,910.0,2.0,45.0,2.0,4945.054945054945
Hennur Road,1341.0,2.0,75.76,2.0,5649.515287099181
other,1200.0,3.0,70.0,3.0,5833.333333333333
other,2100.0,3.0,252.0,3.0,12000.0
other,2675.0,4.0,290.0,4.0,10841.121495327103
other,1016.0,2.0,45.9,2.0,4517.716535433071
other,660.0,2.0,100.0,3.0,15151.515151515152
Rajaji Nagar,2448.0,3.0,400.0,3.0,16339.869281045752
8Th Phase Jp Nagar,500.0,1.0,31.0,1.0,6200.0
other,1800.0,3.0,88.0,3.0,4888.888888888889
Whitefield,1255.0,2.0,77.0,2.0,6135.4581673306775
Hennur Road,1040.0,2.0,50.0,2.0,4807.692307692308
other,1062.0,2.0,47.0,2.0,4425.612052730697
Hosur Road,950.0,2.0,60.0,2.0,6315.789473684211
Whitefield,1216.0,2.0,73.0,2.0,6003.289473684211
Hsr Layout,1300.0,2.0,98.0,2.0,7538.461538461538
5Th Phase Jp Nagar,1390.0,2.0,65.0,2.0,4676.258992805755
Yelahanka,1033.0,2.0,52.58,2.0,5090.0290416263315
Whitefield,524.0,1.0,34.735,1.0,6628.81679389313
Yeshwanthpur,670.0,1.0,36.85,1.0,5500.0
other,1477.0,2.0,80.0,3.0,5416.384563303995
Garudachar Palya,1060.0,2.0,48.5,2.0,4575.471698113208
Sarjapur,1240.0,2.0,44.3,2.0,3572.5806451612902
other,3500.0,5.0,450.0,4.0,12857.142857142857
Kr Puram,750.0,2.0,40.0,2.0,5333.333333333333
Whitefield,1745.0,3.0,100.0,3.0,5730.659025787965
other,2080.0,4.0,440.0,4.0,21153.846153846152
other,1793.0,3.0,98.0,3.0,5465.699944227552
Yelahanka New Town,1385.0,2.0,65.0,2.0,4693.140794223827
Haralur Road,2017.0,2.0,125.0,3.0,6197.322756569162
other,960.0,2.0,33.0,2.0,3437.5
Btm Layout,600.0,4.0,122.0,4.0,20333.333333333332
Vittasandra,1246.0,2.0,67.4,2.0,5409.309791332264
Whitefield,3200.0,4.0,224.0,4.0,7000.0
Bharathi Nagar,1384.0,2.0,59.0,2.0,4263.005780346821
other,620.0,2.0,23.0,2.0,3709.6774193548385
Bommasandra,1005.0,2.0,39.77,2.0,3957.213930348259
Sarakki Nagar,1200.0,3.0,128.0,3.0,10666.666666666666
Kaggadasapura,1180.0,1.0,50.0,2.0,4237.28813559322
other,1020.0,2.0,62.0,2.0,6078.431372549019
Margondanahalli,600.0,2.0,35.0,2.0,5833.333333333333
other,3563.0,6.0,310.0,4.0,8700.533258490037
other,1165.0,2.0,47.0,2.0,4034.3347639484978
Bellandur,1685.0,3.0,100.0,3.0,5934.718100890208
Balagere,1210.0,2.0,83.0,2.0,6859.504132231405
Nagappa Reddy Layout,1100.0,2.0,43.5,2.0,3954.5454545454545
Hebbal,1255.0,3.0,77.68,3.0,6189.641434262949
Jakkur,1482.0,3.0,86.0,3.0,5802.968960863698
Hebbal,1344.0,2.0,108.0,2.0,8035.714285714285
Vidyaranyapura,462.0,3.0,38.0,3.0,8225.108225108224
other,3300.0,5.0,318.0,4.0,9636.363636363636
Panathur,1210.0,2.0,85.0,2.0,7024.793388429752
Hebbal,1320.0,3.0,226.0,3.0,17121.21212121212
Hosa Road,1532.0,3.0,98.13,3.0,6405.352480417754
Jp Nagar,1245.0,2.0,110.0,2.0,8835.341365461847
Sarjapur Road,1230.0,2.0,65.0,2.0,5284.552845528456
Indira Nagar,1000.0,5.0,180.0,5.0,18000.0
Ramagondanahalli,2257.0,3.0,159.0,3.0,7044.749667700487
Vittasandra,1246.0,2.0,65.4,2.0,5248.796147672553
Gunjur,1080.0,2.0,41.0,2.0,3796.296296296296
other,1318.8000000000002,6.0,75.0,6.0,5686.988171064603
Varthur,1360.0,2.0,85.0,3.0,6250.0
Yelenahalli,1260.0,2.0,47.88,2.0,3800.0
Kengeri Satellite Town,1200.0,3.0,110.0,4.0,9166.666666666666
Thigalarapalya,1418.0,2.0,104.0,2.0,7334.273624823695
other,1200.0,3.0,165.0,3.0,13750.0
other,1440.0,4.0,88.0,4.0,6111.111111111111
other,800.0,6.0,75.0,6.0,9375.0
Kr Puram,1310.0,2.0,62.81,3.0,4794.656488549618
Electronics City Phase 1,1175.0,2.0,69.0,2.0,5872.340425531915
other,2250.0,3.0,113.0,3.0,5022.222222222223
Whitefield,825.0,1.0,44.9,1.0,5442.424242424242
other,1250.0,3.0,43.0,3.0,3440.0
other,1718.0,3.0,223.0,3.0,12980.209545983702
other,1500.0,4.0,240.0,4.0,16000.0
Rayasandra,540.0,1.0,16.5,1.0,3055.5555555555557
Hosur Road,1194.0,2.0,71.64,2.0,6000.0
Vijayanagar,1470.0,6.0,300.0,8.0,20408.163265306124
2Nd Stage Nagarbhavi,600.0,4.0,100.0,3.0,16666.666666666668
Electronic City,1108.0,2.0,67.15,2.0,6060.469314079423
Hebbal,3895.0,2.0,451.0,4.0,11578.947368421053
Ramamurthy Nagar,600.0,1.0,43.0,1.0,7166.666666666667
other,1200.0,2.0,75.0,3.0,6250.0
other,985.0,2.0,55.0,2.0,5583.756345177665
Bellandur,982.0,2.0,55.0,2.0,5600.814663951121
9Th Phase Jp Nagar,600.0,1.0,20.0,1.0,3333.3333333333335
Old Madras Road,2640.0,5.0,142.0,3.0,5378.787878787879
other,1700.0,2.0,68.5,3.0,4029.4117647058824
1St Phase Jp Nagar,1077.0,2.0,93.0,2.0,8635.097493036212
Chandapura,1782.0,2.0,66.165,4.0,3712.9629629629635
other,2000.0,4.0,99.0,5.0,4950.0
other,1643.0,3.0,75.0,3.0,4564.820450395618
Kengeri,1200.0,3.0,67.0,3.0,5583.333333333333
Abbigere,1020.0,2.0,41.82,2.0,4100.0
Vittasandra,621.0,7.0,64.0,7.0,10305.958132045089
other,1740.0,3.0,55.0,3.0,3160.919540229885
Gm Palaya,1225.0,2.0,47.0,2.0,3836.734693877551
Thanisandra,1241.0,2.0,61.0,3.0,4915.390813859791
Hennur,1041.0,2.0,40.6,2.0,3900.0960614793466
Bommanahalli,1050.0,2.0,46.0,2.0,4380.952380952381
other,4400.0,3.0,901.0,3.0,20477.272727272728
Dodda Nekkundi,1128.0,2.0,45.0,2.0,3989.3617021276596
Old Madras Road,1065.0,2.0,47.86,2.0,4493.896713615023
Ombr Layout,1085.0,2.0,64.0,2.0,5898.617511520737
other,750.0,1.0,30.0,1.0,4000.0
Bhoganhalli,1548.3,4.0,129.0,4.0,8331.71865917458
Hebbal Kempapura,2302.0,4.0,300.0,4.0,13032.145960034752
Kalyan Nagar,1410.0,2.0,60.0,3.0,4255.31914893617
Hosa Road,1525.84,3.0,117.0,3.0,7667.90751323861
other,1030.0,2.0,80.0,2.0,7766.9902912621355
Btm 1St Stage,1852.0,2.0,95.0,3.0,5129.589632829374
Jigani,918.0,2.0,49.0,2.0,5337.690631808279
Hebbal,1255.0,2.0,90.0,3.0,7171.314741035857
Hrbr Layout,1200.0,6.0,250.0,6.0,20833.333333333332
Indira Nagar,2700.0,3.0,324.0,3.0,12000.0
other,1150.0,2.0,69.0,2.0,6000.0
Hebbal,1255.0,3.0,77.68,3.0,6189.641434262949
other,840.0,8.0,120.0,6.0,14285.714285714286
Panathur,1198.0,2.0,82.0,2.0,6844.741235392321
Devarachikkanahalli,1200.0,3.0,160.0,3.0,13333.333333333334
Frazer Town,1700.0099999999998,3.0,180.0,3.0,10588.173010746998
other,2600.0,3.0,95.0,4.0,3653.846153846154
Pattandur Agrahara,797.0,2.0,32.0,2.0,4015.056461731493
other,1350.0,2.0,68.0,3.0,5037.037037037037
Sahakara Nagar,2500.0,4.0,200.0,4.0,8000.0
Thigalarapalya,2215.0,4.0,160.0,3.0,7223.476297968397
Kanakpura Road,525.0,1.0,30.0,1.0,5714.285714285715
Bannerghatta Road,2700.0,4.0,260.0,4.0,9629.62962962963
other,1500.0,2.0,90.0,3.0,6000.0
other,900.0,2.0,55.0,2.0,6111.111111111111
Electronic City,1128.0,2.0,65.7,2.0,5824.468085106383
other,850.0,2.0,35.0,2.0,4117.64705882353
Isro Layout,1310.0,2.0,68.0,3.0,5190.839694656489
Marathahalli,2396.0,4.0,325.0,4.0,13564.273789649416
Old Madras Road,1160.0,2.0,42.0,2.0,3620.689655172414
Bannerghatta Road,1200.0,2.0,69.0,3.0,5750.0
Balagere,675.0,1.0,45.0,1.0,6666.666666666667
other,600.0,4.0,110.0,2.0,18333.333333333332
other,1250.0,2.0,60.0,2.0,4800.0
Akshaya Nagar,1690.0,3.0,85.0,3.0,5029.585798816568
Indira Nagar,850.0,1.0,57.0,1.0,6705.882352941177
7Th Phase Jp Nagar,1680.0,3.0,117.0,3.0,6964.285714285715
Indira Nagar,3250.0,8.0,600.0,8.0,18461.53846153846
other,970.0,2.0,35.0,2.0,3608.2474226804125
Bommanahalli,1200.0,7.0,125.0,5.0,10416.666666666666
Hosa Road,1100.0,2.0,85.0,3.0,7727.272727272727
Uttarahalli,1685.0,3.0,85.0,3.0,5044.510385756676
other,1148.0,2.0,59.0,2.0,5139.3728222996515
Bannerghatta Road,1465.0,2.0,76.0,3.0,5187.713310580205
Kothanur,3401.0,5.0,230.0,4.0,6762.7168479858865
Electronic City,630.0,1.0,60.0,1.0,9523.809523809523
7Th Phase Jp Nagar,1850.0,3.0,150.0,3.0,8108.108108108108
Vidyaranyapura,1200.0,9.0,175.0,9.0,14583.333333333334
other,1750.0,2.0,225.0,4.0,12857.142857142857
other,1350.0,3.0,60.0,3.0,4444.444444444444
other,1760.0,3.0,160.0,3.0,9090.90909090909
Rajaji Nagar,1440.0,2.0,185.0,2.0,12847.222222222223
Banashankari Stage Iii,1200.0,2.0,42.0,2.0,3500.0
other,1100.0,2.0,78.0,2.0,7090.909090909091
Kaggadasapura,1140.0,2.0,46.0,2.0,4035.0877192982457
Hormavu,1469.0,3.0,73.595,3.0,5009.870660313139
other,1180.0,2.0,74.0,2.0,6271.186440677966
Epip Zone,1343.0,2.0,86.0,2.0,6403.574087862993
other,1184.0,2.0,69.0,2.0,5827.7027027027025
Koramangala,2246.0,3.0,300.0,3.0,13357.079252003561
other,4510.0,4.0,200.0,3.0,4434.589800443459
Sarjapur Road,3785.0,5.0,280.0,4.0,7397.622192866578
other,1540.0,3.0,85.0,3.0,5519.480519480519
Electronic City Phase Ii,975.0,2.0,45.0,3.0,4615.384615384615
Hsr Layout,1140.0,2.0,46.0,2.0,4035.0877192982457
Old Airport Road,3200.0,4.0,700.0,4.0,21875.0
other,1033.0,2.0,31.5,3.0,3049.3707647628266
other,1800.0,3.0,230.0,3.0,12777.777777777777
Kadugodi,1762.0,3.0,112.0,3.0,6356.413166855846
Kr Puram,2000.0,6.0,85.0,6.0,4250.0
Hebbal,1138.0,2.0,110.0,2.0,9666.080843585238
Sarjapur Road,2556.0,3.0,169.0,3.0,6611.89358372457
other,1200.0,2.0,37.0,2.0,3083.3333333333335
Thanisandra,2195.8356,4.0,185.0,3.0,8425.038741515986
Whitefield,1870.0,3.0,138.0,3.0,7379.679144385027
Panathur,1199.0,2.0,86.0,2.0,7172.643869891576
other,800.0,8.0,150.0,6.0,18750.0
Doddakallasandra,1360.0,2.0,54.4,3.0,4000.0
other,2000.0,3.0,120.0,3.0,6000.0
Kasturi Nagar,1200.0,4.0,250.0,4.0,20833.333333333332
Electronic City Phase Ii,6000.0,4.0,260.0,4.0,4333.333333333333
Ramamurthy Nagar,1200.0,2.0,76.0,2.0,6333.333333333333
Kengeri Satellite Town,1255.0,2.0,44.285,2.0,3528.6852589641435
Jakkur,1645.0,3.0,100.0,3.0,6079.0273556231
Sultan Palaya,870.0,2.0,65.0,2.0,7471.264367816092
other,2000.0,3.0,145.0,3.0,7250.0
Cooke Town,1710.0,2.0,200.0,2.0,11695.906432748538
Hosur Road,1766.0,3.0,130.0,3.0,7361.268403171008
other,500.0,1.0,15.0,1.0,3000.0
Rachenahalli,680.0,1.0,46.0,1.0,6764.705882352941
Sarjapur Road,1278.0,2.0,90.0,2.0,7042.2535211267605
Kodichikkanahalli,1025.0,2.0,66.0,2.0,6439.024390243902
6Th Phase Jp Nagar,600.0,1.0,75.0,1.0,12500.0
other,850.0,2.0,42.0,2.0,4941.176470588235
other,1165.0,2.0,33.64,2.0,2887.5536480686696
Sarjapur,625.0,1.0,19.0,1.0,3040.0
Kaggadasapura,1340.0,3.0,66.0,3.0,4925.373134328358
Ananth Nagar,937.0,2.0,35.0,2.0,3735.325506937033
other,1500.0,6.0,210.0,7.0,14000.0
Jp Nagar,750.0,1.0,52.5,1.0,7000.0
Shampura,1475.0,3.0,78.0,3.0,5288.135593220339
other,2230.0,4.0,130.0,4.0,5829.596412556054
other,2200.0,5.0,100.0,4.0,4545.454545454545
Hoodi,948.0,2.0,75.0,2.0,7911.392405063291
R.T. Nagar,970.0,2.0,55.0,2.0,5670.103092783505
other,1519.0,3.0,67.23,3.0,4425.938117182357
Thanisandra,1200.0,2.0,65.0,3.0,5416.666666666667
Bhoganhalli,1760.0,3.0,127.0,3.0,7215.909090909091
Whitefield,4400.0,5.0,525.0,4.0,11931.818181818182
Sahakara Nagar,1914.0,3.0,179.0,3.0,9352.142110762801
Budigere,1820.0,3.0,93.0,3.0,5109.89010989011
Kalena Agrahara,1565.0,3.0,78.0,3.0,4984.025559105431
Sarakki Nagar,924.0,2.0,76.23,2.0,8250.0
Jigani,914.0,2.0,49.0,2.0,5361.050328227571
Kengeri,500.0,1.0,17.0,1.0,3400.0
Yelahanka,2145.0,3.0,125.0,3.0,5827.505827505827
Yelahanka,1200.0,5.0,162.0,5.0,13500.0
Electronic City,1650.0,3.0,100.0,3.0,6060.606060606061
Basaveshwara Nagar,1180.0,2.0,58.0,2.0,4915.254237288135
Ulsoor,1255.0,2.0,120.0,2.0,9561.752988047809
other,2777.29,5.0,650.0,3.0,23404.10976167415
Bommasandra,1014.0,2.0,35.0,2.0,3451.6765285996057
Shampura,920.0,2.0,90.0,4.0,9782.608695652174
Attibele,695.0,1.0,25.0,2.0,3597.122302158273
Prithvi Layout,2273.0,4.0,220.0,3.0,9678.838539375274
Gm Palaya,1140.0,2.0,48.95,2.0,4293.859649122807
Giri Nagar,3000.0,4.0,375.0,6.0,12500.0
Begur Road,2400.0,4.0,152.0,4.0,6333.333333333333
Attibele,850.0,1.0,25.0,2.0,2941.176470588235
other,3160.0,4.0,206.0,4.0,6518.987341772152
Jigani,1199.7,3.0,160.0,4.0,13336.667500208385
Bhoganhalli,1554.3,4.0,131.0,4.0,8428.231358167664
other,4920.0,5.0,1150.0,4.0,23373.983739837397
Mallasandra,905.0,2.0,40.0,2.0,4419.889502762431
Kothanur,627.0,1.0,30.0,1.0,4784.688995215311
Domlur,2180.0,3.0,285.0,3.0,13073.394495412844
Frazer Town,2400.0,3.0,260.0,3.0,10833.333333333334
Jakkur,3405.1,6.0,400.0,4.0,11747.085254471234
Whitefield,1862.0,3.0,125.0,3.0,6713.211600429646
Kaikondrahalli,674.0,1.0,19.9,2.0,2952.522255192878
Kanakpura Road,1498.0,3.0,95.0,3.0,6341.789052069425
Sarjapur Road,2180.0,3.0,240.0,3.0,11009.174311926605
other,922.0,2.0,70.0,2.0,7592.190889370932
other,850.0,2.0,72.0,2.0,8470.588235294117
other,750.0,3.0,155.0,3.0,20666.666666666668
Aecs Layout,1123.0,2.0,64.0,2.0,5699.020480854853
Raja Rajeshwari Nagar,1235.0,2.0,75.0,2.0,6072.8744939271255
Whitefield,2403.0,5.0,360.0,4.0,14981.2734082397
Sarjapur Road,1305.0,2.0,99.0,2.0,7586.206896551724
other,1200.0,1.0,65.0,2.0,5416.666666666667
other,600.0,3.0,90.0,3.0,15000.0
Old Madras Road,2010.0,3.0,125.0,4.0,6218.905472636816
Varthur Road,1277.0,2.0,59.0,2.0,4620.203602192639
Kanakpura Road,525.0,2.0,27.0,1.0,5142.857142857143
Gubbalala,2570.0,4.0,141.0,5.0,5486.381322957199
Hennur Road,2400.0,5.0,390.0,4.0,16250.0
other,1442.0,3.0,56.24,3.0,3900.138696255201
Ardendale,1224.0,2.0,70.0,2.0,5718.954248366013
Bellandur,1205.0,2.0,59.0,2.0,4896.265560165975
other,1233.0,2.0,100.0,2.0,8110.300081103001
5Th Block Hbr Layout,1312.0,2.0,69.0,2.0,5259.1463414634145
Electronic City,1449.0,3.0,90.0,3.0,6211.180124223602
Yelenahalli,1090.0,2.0,54.0,2.0,4954.128440366972
Kaggadasapura,2100.0,5.0,150.0,5.0,7142.857142857143
Uttarahalli,1390.0,2.0,62.55,3.0,4500.0
Jp Nagar,1200.0,2.0,78.0,2.0,6500.0
Mallasandra,600.0,2.0,50.0,4.0,8333.333333333334
Btm 2Nd Stage,1000.0,2.0,58.0,2.0,5800.0
Devanahalli,2400.0,5.0,190.0,4.0,7916.666666666667
Thanisandra,1732.0,3.0,85.73,3.0,4949.769053117783
other,1840.0,3.0,85.0,3.0,4619.565217391304
Thanisandra,1917.0,4.0,100.0,3.0,5216.484089723526
other,1100.0,2.0,57.0,2.0,5181.818181818182
Haralur Road,1200.0,5.0,255.0,5.0,21250.0
Devarachikkanahalli,1425.0,2.0,65.0,3.0,4561.403508771929
Whitefield,1655.0,3.0,113.0,3.0,6827.794561933535
R.T. Nagar,600.0,7.0,93.0,7.0,15500.0
other,1040.0,2.0,46.79,2.0,4499.038461538462
Kodichikkanahalli,1600.0,4.0,200.0,6.0,12500.0
Hebbal,1250.0,2.0,55.55,2.0,4444.0
Yelahanka,1800.0,4.0,180.0,4.0,10000.0
other,1200.0,2.0,53.0,2.0,4416.666666666667
other,2050.0,3.0,100.0,4.0,4878.048780487805
Whitefield,530.0,1.0,29.44,1.0,5554.7169811320755
Sarjapur,2580.0,4.0,139.5,4.0,5406.976744186047
Kambipura,883.0,2.0,37.0,2.0,4190.260475651189
Ramagondanahalli,1295.0,2.0,95.0,2.0,7335.907335907336
Sompura,1275.0,3.0,59.0,3.0,4627.450980392156
other,800.0,2.0,30.0,2.0,3750.0
Devanahalli,1200.0,1.0,95.0,1.0,7916.666666666667
Bellandur,1063.0,2.0,58.0,2.0,5456.255879586077
Balagere,656.0,1.0,43.0,1.0,6554.878048780488
other,1125.0,2.0,36.0,2.0,3200.0
other,1350.0,8.0,200.0,9.0,14814.814814814816
Bisuvanahalli,700.0,1.0,32.0,2.0,4571.428571428572
other,1936.0,3.0,110.0,3.0,5681.818181818182
Hosa Road,1680.0,3.0,101.0,3.0,6011.9047619047615
Rayasandra,1253.0,2.0,57.0,2.0,4549.082202713487
Rajaji Nagar,1640.0,3.0,230.0,3.0,14024.390243902439
Iblur Village,2100.0,4.0,145.0,3.0,6904.761904761905
Electronic City,1070.0,2.0,58.0,2.0,5420.560747663551
Raja Rajeshwari Nagar,1280.0,3.0,57.6,3.0,4500.0
other,1200.0,5.0,300.0,5.0,25000.0
Sarjapur Road,1755.0,3.0,122.0,3.0,6951.5669515669515
Talaghattapura,951.0,2.0,30.43,2.0,3199.789695057834
Electronic City,1500.0,2.0,75.0,3.0,5000.0
other,1652.5,3.0,90.0,3.0,5446.293494704993
Whitefield,905.0,1.0,50.0,1.0,5524.861878453039
Hennur Road,1685.0,3.0,95.0,3.0,5637.982195845697
Somasundara Palya,1200.0,2.0,75.0,2.0,6250.0
Anandapura,1151.0,2.0,42.9,2.0,3727.193744569939
Kengeri Satellite Town,800.0,2.0,40.0,2.0,5000.0
Chamrajpet,1050.0,2.0,162.0,2.0,15428.57142857143
other,1030.0,2.0,46.5,2.0,4514.563106796117
Whitefield,1600.0,3.0,82.0,3.0,5125.0
Choodasandra,1465.0,3.0,75.0,3.0,5119.453924914676
Jakkur,1650.0,3.0,111.0,3.0,6727.272727272727
Yelahanka New Town,680.0,1.0,80.0,2.0,11764.70588235294
Whitefield,1230.0,4.0,80.0,4.0,6504.065040650406
Koramangala,1300.0,2.0,82.0,2.0,6307.692307692308
Kr Puram,1000.0,2.0,44.5,2.0,4450.0
other,1200.0,6.0,120.0,6.0,10000.0
Indira Nagar,2601.0,4.0,312.0,3.0,11995.386389850059
other,2159.0,3.0,110.0,3.0,5094.951366373321
Hebbal Kempapura,1130.0,2.0,60.0,2.0,5309.734513274337
Padmanabhanagar,1200.0,2.0,60.0,2.0,5000.0
Tc Palaya,1500.0,8.0,150.0,8.0,10000.0
other,906.0,3.0,55.0,4.0,6070.640176600442
other,1200.0,7.0,169.0,7.0,14083.333333333334
other,850.0,7.0,100.0,6.0,11764.70588235294
Kr Puram,1200.0,2.0,47.0,2.0,3916.6666666666665
Vidyaranyapura,4700.0,10.0,130.0,9.0,2765.9574468085107
Whitefield,613.0,1.0,32.15,1.0,5244.698205546492
other,2400.0,2.0,480.0,3.0,20000.0
other,1200.0,4.0,130.0,5.0,10833.333333333334
Jalahalli,2384.0,4.0,165.0,3.0,6921.140939597315
Haralur Road,2017.0,3.0,105.0,3.0,5205.751115518096
other,1500.0,3.0,138.0,3.0,9200.0
other,700.0,2.0,43.0,2.0,6142.857142857143
Shampura,1150.0,6.0,75.0,6.0,6521.739130434783
Kothanur,1302.0,2.0,68.5,2.0,5261.136712749616
Whitefield,905.0,1.0,52.0,1.0,5745.85635359116
Electronics City Phase 1,1350.0,3.0,71.0,3.0,5259.259259259259
Gottigere,1380.0,2.0,95.0,3.0,6884.057971014493
Harlur,1620.0,3.0,110.0,3.0,6790.123456790124
Chandapura,4800.0,4.0,250.0,4.0,5208.333333333333
Ramamurthy Nagar,800.0,4.0,88.0,3.0,11000.0
other,1750.0,3.0,170.0,3.0,9714.285714285714
Anekal,997.0,3.0,55.0,3.0,5516.5496489468405
Kothanur,1760.0,3.0,111.0,3.0,6306.818181818182
Yelahanka,1322.0,2.0,75.0,2.0,5673.2223903177
other,1365.0,3.0,99.0,3.0,7252.747252747253
Sahakara Nagar,1500.0,3.0,125.0,3.0,8333.333333333334
Brookefield,941.0,2.0,48.0,2.0,5100.956429330499
Devanahalli,5000.0,4.0,465.0,4.0,9300.0
Hennur Road,1414.0,2.0,84.18,2.0,5953.323903818953
other,800.0,2.0,80.0,3.0,10000.0
Kengeri Satellite Town,4100.0,3.0,300.0,4.0,7317.073170731707
other,1800.0,3.0,105.0,6.0,5833.333333333333
other,850.0,2.0,35.0,2.0,4117.64705882353
Kanakpura Road,712.0,1.0,38.44,1.0,5398.876404494382
other,900.0,4.0,180.0,3.0,20000.0
Tc Palaya,900.0,2.0,55.0,2.0,6111.111111111111
Hebbal,1200.0,2.0,49.0,2.0,4083.3333333333335
Kengeri Satellite Town,654.0,1.0,22.0,1.0,3363.914373088685
other,708.0,1.0,55.0,2.0,7768.3615819209035
other,600.0,5.0,75.0,4.0,12500.0
other,1680.0,3.0,135.0,3.0,8035.714285714285
other,990.0,2.0,58.0,2.0,5858.585858585859
Hebbal,1088.0,2.0,62.0,2.0,5698.529411764706
other,1240.0,2.0,100.0,2.0,8064.5161290322585
other,1810.0,3.0,118.0,3.0,6519.3370165745855
other,2005.0,3.0,240.0,3.0,11970.074812967581
Kothanur,1185.0,2.0,58.0,2.0,4894.514767932489
other,1265.0,2.0,58.0,2.0,4584.98023715415
Sahakara Nagar,1100.0,2.0,55.0,2.0,5000.0
other,1035.0,2.0,44.0,2.0,4251.207729468599
Sonnenahalli,605.0,1.0,30.715,1.0,5076.859504132231
other,1000.0,2.0,97.0,2.0,9700.0
Hegde Nagar,1179.0,2.0,49.35,2.0,4185.750636132316
other,2800.0,4.0,100.0,6.0,3571.4285714285716
other,3500.0,6.0,120.0,8.0,3428.5714285714284
other,1430.0,3.0,78.65,3.0,5500.000000000001
Jp Nagar,1850.0,2.0,110.0,3.0,5945.945945945946
Sarjapur Road,4260.0,2.0,338.0,4.0,7934.2723004694835
other,600.0,2.0,30.0,2.0,5000.0
Banashankari,2582.0,5.0,250.0,3.0,9682.416731216112
Channasandra,1160.0,2.0,55.0,2.0,4741.379310344828
other,1200.0,2.0,45.0,1.0,3750.0
other,1116.0,2.0,37.6,2.0,3369.1756272401435
other,600.0,2.0,85.0,3.0,14166.666666666666
Sarakki Nagar,2663.0,4.0,338.0,3.0,12692.452121667293
other,1090.0,2.0,45.0,2.0,4128.440366972477
Kanakpura Road,1330.0,2.0,107.0,2.0,8045.112781954887
Thanisandra,2127.0,3.0,135.0,3.0,6346.967559943582
other,875.0,5.0,120.0,5.0,13714.285714285714
other,1260.0,4.0,65.0,4.0,5158.730158730159
other,2250.0,4.0,400.0,4.0,17777.777777777777
Bannerghatta Road,1500.0,4.0,239.0,3.0,15933.333333333334
Thanisandra,1349.0,3.0,115.89,3.0,8590.80800593032
other,4000.0,6.0,850.0,6.0,21250.0
Channasandra,1050.0,2.0,41.0,2.0,3904.7619047619046
Thigalarapalya,1418.0,2.0,106.0,2.0,7475.317348377997
Dodda Nekkundi,1148.0,2.0,56.0,2.0,4878.048780487805
other,1000.0,2.0,36.0,2.0,3600.0
Kudlu,1293.0,2.0,85.0,3.0,6573.859242072699
Munnekollal,1210.0,2.0,75.0,2.0,6198.347107438017
Hsr Layout,1126.0,2.0,69.0,2.0,6127.886323268206
Sarakki Nagar,1840.0,4.0,175.0,3.0,9510.869565217392
Vidyaranyapura,1440.0,2.0,70.0,3.0,4861.111111111111
other,600.0,4.0,105.0,6.0,17500.0
Whitefield,1216.0,2.0,83.0,2.0,6825.6578947368425
other,840.0,1.0,75.0,1.0,8928.57142857143
other,1240.0,5.0,300.0,5.0,24193.548387096773
Sompura,1126.0,2.0,39.0,2.0,3463.587921847247
Raja Rajeshwari Nagar,1162.0,2.0,65.0,2.0,5593.803786574871
Devanahalli,658.0,1.0,34.0,1.0,5167.173252279636
Sahakara Nagar,1350.0,3.0,250.0,3.0,18518.51851851852
Whitefield,2500.0,3.0,280.0,3.0,11200.0
1St Phase Jp Nagar,839.907117,1.0,63.0,1.0,7500.829404211371
Chandapura,1208.51,3.0,42.0,3.0,3475.3539482503247
other,1760.0,2.0,116.0,3.0,6590.909090909091
Bisuvanahalli,1075.0,2.0,52.0,3.0,4837.209302325581
other,1145.0,2.0,57.0,2.0,4978.1659388646285
Bannerghatta Road,1255.0,2.0,67.73,2.0,5396.812749003984
other,3900.0,5.0,550.0,4.0,14102.564102564103
other,3300.0,5.0,268.5,4.0,8136.363636363636
Dasarahalli,1300.0,2.0,50.0,2.0,3846.153846153846
Malleshwaram,2475.0,4.0,326.0,3.0,13171.717171717171
6Th Phase Jp Nagar,2040.0,3.0,200.0,3.0,9803.921568627451
Hosakerehalli,1200.0,1.0,150.0,1.0,12500.0
Jigani,2420.0,4.0,190.0,4.0,7851.239669421488
Thubarahalli,1216.0,2.0,80.0,2.0,6578.9473684210525
Tumkur Road,1459.0,2.0,110.0,3.0,7539.410555174777
other,1274.0,2.0,81.0,2.0,6357.9277864992155
other,600.0,1.0,52.0,2.0,8666.666666666666
Malleshpalya,1430.0,2.0,69.5,3.0,4860.1398601398605
Kammanahalli,1800.0,2.0,280.0,4.0,15555.555555555555
other,1670.0,3.0,160.0,3.0,9580.838323353293
Lakshminarayana Pura,1695.0,3.0,150.0,3.0,8849.557522123894
other,1410.0,2.0,75.0,2.0,5319.148936170212
Kengeri Satellite Town,1060.0,2.0,42.0,2.0,3962.264150943396
Hosa Road,880.0,2.0,50.0,2.0,5681.818181818182
Doddakallasandra,1425.0,2.0,56.99,3.0,3999.2982456140353
Arekere,900.0,2.0,50.0,2.0,5555.555555555556
other,2400.0,5.0,93.0,5.0,3875.0
Thanisandra,693.0,1.0,34.3,1.0,4949.494949494949
Kengeri,600.0,3.0,90.0,3.0,15000.0
Electronic City,2435.0,4.0,119.0,4.0,4887.063655030801
Iblur Village,1920.0,3.0,150.0,3.0,7812.5
Electronic City,630.0,1.0,47.0,1.0,7460.31746031746
Bisuvanahalli,1075.0,2.0,50.0,3.0,4651.162790697675
Hulimavu,1200.0,5.0,101.0,5.0,8416.666666666666
Nagavarapalya,705.0,1.0,55.0,1.0,7801.418439716312
other,1200.0,2.0,75.6,3.0,6299.999999999999
other,1330.0,2.0,93.0,2.0,6992.481203007519
other,1200.0,3.0,210.0,4.0,17500.0
1St Phase Jp Nagar,1566.0,2.0,180.0,2.0,11494.252873563219
5Th Phase Jp Nagar,1256.0,2.0,62.8,2.0,5000.0
Banashankari,1200.0,6.0,180.0,6.0,15000.0
other,2400.0,5.0,285.0,5.0,11875.0
Uttarahalli,1737.0,2.0,95.0,3.0,5469.199769717904
other,2100.0,4.0,150.0,4.0,7142.857142857143
Hosakerehalli,3600.0,6.0,145.0,8.0,4027.777777777778
other,600.0,2.0,120.0,2.0,20000.0
Harlur,1459.0,3.0,135.0,3.0,9252.912954078136
Thanisandra,2259.0,5.0,135.0,4.0,5976.095617529881
Jp Nagar,2700.0,4.0,160.0,7.0,5925.925925925926
Gubbalala,1008.0,2.0,32.25,2.0,3199.404761904762
other,1200.0,2.0,52.5,2.0,4375.0
other,2328.0,4.0,528.0,4.0,22680.41237113402
Btm 1St Stage,600.0,7.0,110.0,7.0,18333.333333333332
Rajaji Nagar,1800.0,2.0,250.0,3.0,13888.888888888889
Rajaji Nagar,3100.0,4.0,550.0,4.0,17741.935483870966
Yelahanka,602.0,1.0,26.0,1.0,4318.936877076412
Marathahalli,1710.0,3.0,100.0,3.0,5847.953216374269
Jp Nagar,1500.0,2.0,82.0,3.0,5466.666666666667
other,1539.0,3.0,60.0,3.0,3898.635477582846
other,806.0,3.0,128.0,6.0,15880.893300248139
Judicial Layout,1100.0,2.0,53.0,3.0,4818.181818181818
other,920.0,2.0,46.0,2.0,5000.0
Bannerghatta Road,1200.0,2.0,65.0,2.0,5416.666666666667
Thanisandra,1265.0,2.0,78.0,2.0,6166.00790513834
other,600.0,6.0,60.0,8.0,10000.0
Sarjapur Road,1700.0,3.0,93.5,3.0,5500.0
other,1550.0,4.0,120.0,4.0,7741.935483870968
R.T. Nagar,1560.0,3.0,125.0,3.0,8012.820512820513
Horamavu Agara,1000.0,5.0,98.0,6.0,9800.0
Raja Rajeshwari Nagar,1200.0,4.0,160.0,4.0,13333.333333333334
Doddakallasandra,1010.0,2.0,40.39,2.0,3999.009900990099
Tumkur Road,1416.0,3.0,94.0,3.0,6638.418079096045
Chamrajpet,1660.4,4.0,211.0,4.0,12707.781257528306
7Th Phase Jp Nagar,1680.0,3.0,125.0,3.0,7440.476190476191
Kanakpura Road,1507.0,2.0,95.0,3.0,6303.9150630391505
Frazer Town,2560.0,3.0,288.0,3.0,11250.0
Hennur Road,1949.0,3.0,133.0,3.0,6824.012314007183
Btm 2Nd Stage,800.0,2.0,175.0,2.0,21875.0
other,905.0,2.0,50.0,2.0,5524.861878453039
Hosakerehalli,2480.0,3.0,245.0,3.0,9879.032258064517
other,1495.0,3.0,200.0,3.0,13377.926421404682
Kaikondrahalli,1605.0,3.0,105.0,3.0,6542.056074766355
Bommanahalli,1290.0,2.0,73.0,2.0,5658.914728682171
Yelahanka,1100.0,2.0,60.0,2.0,5454.545454545455
other,2100.0,6.0,92.0,6.0,4380.952380952381
Banashankari Stage Ii,500.0,2.0,55.0,2.0,11000.0
Rajaji Nagar,3526.0,4.0,598.0,4.0,16959.727736812252
other,1455.0,2.0,55.0,3.0,3780.0687285223366
other,550.0,1.0,23.0,1.0,4181.818181818182
other,4000.0,3.0,130.0,5.0,3250.0
other,1060.0,2.0,53.0,2.0,5000.0
other,1080.0,2.0,75.0,3.0,6944.444444444444
Haralur Road,1520.0,2.0,90.0,3.0,5921.0526315789475
Sarjapur Road,1060.0,2.0,55.0,2.0,5188.679245283019
Karuna Nagar,2500.0,3.0,180.0,3.0,7200.0
Bannerghatta Road,1240.0,2.0,65.0,2.0,5241.935483870968
other,1570.0,3.0,78.0,3.0,4968.152866242038
Ngr Layout,1019.0,2.0,45.9,2.0,4504.41609421001
other,1537.0,3.0,110.0,3.0,7156.79895901106
Raja Rajeshwari Nagar,1100.0,2.0,50.0,2.0,4545.454545454545
other,1750.0,3.0,150.0,3.0,8571.42857142857
9Th Phase Jp Nagar,1466.0,2.0,71.0,2.0,4843.110504774898
Kengeri,540.0,1.0,22.5,1.0,4166.666666666667
8Th Phase Jp Nagar,950.0,3.0,130.0,3.0,13684.21052631579
other,2800.0,7.0,250.0,7.0,8928.57142857143
other,1020.0,2.0,48.0,2.0,4705.882352941177
Cunningham Road,2880.0,3.0,501.0,3.0,17395.833333333332
Hebbal,1987.0,4.0,165.0,3.0,8303.975842979366
Sarjapur,2100.0,3.0,125.0,4.0,5952.380952380952
Horamavu Banaswadi,1225.0,2.0,49.5,2.0,4040.816326530612
Hennur,1255.0,2.0,55.5,2.0,4422.310756972111
other,1191.0,2.0,90.0,2.0,7556.675062972292
other,865.0,2.0,35.11,2.0,4058.9595375722542
Marsur,497.0,1.0,17.0,2.0,3420.523138832998
Hennur Road,1232.0,2.0,89.0,2.0,7224.025974025974
Thanisandra,1732.0,3.0,85.73,3.0,4949.769053117783
Yelahanka,1614.0,2.0,100.0,3.0,6195.786864931846
Thigalarapalya,2072.0,4.0,155.0,3.0,7480.694980694981
other,2100.0,4.0,90.0,4.0,4285.714285714285
Shampura,672.0,3.0,54.0,4.0,8035.714285714285
other,800.0,6.0,110.0,8.0,13750.0
Marsur,1200.0,3.0,150.0,3.0,12500.0
other,2849.0,5.0,250.0,4.0,8775.008775008775
other,1000.0,2.0,42.0,2.0,4200.0
Whitefield,1216.0,2.0,75.0,2.0,6167.763157894737
Lingadheeranahalli,2245.0,4.0,154.0,4.0,6859.688195991092
Bannerghatta Road,1476.0,3.0,125.0,3.0,8468.834688346884
Ambedkar Nagar,1852.0,3.0,130.0,3.0,7019.438444924406
other,1225.0,2.0,47.0,2.0,3836.734693877551
Jakkur,2423.0,4.0,160.0,3.0,6603.38423442014
Marathahalli,1152.0,2.0,90.0,2.0,7812.5
Harlur,1762.0,3.0,133.0,3.0,7548.240635641317
Kammasandra,1400.0,3.0,92.0,3.0,6571.428571428572
Rachenahalli,1530.0,2.0,74.4,3.0,4862.745098039216
other,2400.0,6.0,400.0,6.0,16666.666666666668
Yelahanka,1890.0,3.0,108.0,3.0,5714.285714285715
Varthur Road,1247.0,2.0,58.0,3.0,4651.162790697675
1St Block Jayanagar,700.0,4.0,104.0,8.0,14857.142857142857
Bellandur,1201.0,2.0,59.99,2.0,4995.004163197335
Gunjur Palya,830.0,2.0,40.0,2.0,4819.277108433735
Bommanahalli,1100.0,1.0,55.0,2.0,5000.0
9Th Phase Jp Nagar,1890.0,2.0,93.0,3.0,4920.6349206349205
other,1685.0,3.0,60.0,3.0,3560.8308605341244
Sarakki Nagar,3131.0,4.0,349.0,4.0,11146.598530820824
other,827.0,2.0,45.0,2.0,5441.354292623942
other,396.0,2.0,48.0,3.0,12121.212121212122
Uttarahalli,1200.0,4.0,179.0,4.0,14916.666666666666
Electronics City Phase 1,635.0,1.0,26.0,1.0,4094.488188976378
Whitefield,4000.0,4.0,380.0,4.0,9500.0
other,1050.0,2.0,50.0,2.0,4761.9047619047615
other,600.0,4.0,76.0,5.0,12666.666666666666
Jakkur,1819.18,3.0,168.0,3.0,9234.930023417144
Kanakapura,1500.0,3.0,125.0,3.0,8333.333333333334
Yelenahalli,1500.0,2.0,57.0,3.0,3800.0
Benson Town,2850.0,4.0,470.0,3.0,16491.22807017544
other,4750.0,6.0,1102.0,4.0,23200.0
Bommasandra,1020.0,2.0,40.89,2.0,4008.823529411765
Talaghattapura,1856.0,3.0,135.0,3.0,7273.706896551724
other,4273.0,3.0,1100.0,3.0,25743.037678446057
other,1060.0,2.0,49.27,2.0,4648.11320754717
Hormavu,3000.0,4.0,100.0,4.0,3333.3333333333335
Bellandur,1325.0,2.0,65.0,2.0,4905.66037735849
other,1261.0,2.0,61.0,2.0,4837.430610626487
other,1100.0,2.0,46.0,2.0,4181.818181818182
7Th Phase Jp Nagar,1675.0,2.0,135.0,3.0,8059.701492537313
other,3400.0,4.0,190.0,4.0,5588.235294117647
Kodihalli,3260.0,5.0,388.0,4.0,11901.840490797545
other,1180.0,2.0,56.0,2.0,4745.762711864407
Sahakara Nagar,1914.0,3.0,149.0,3.0,7784.743991640544
Btm Layout,1458.0,3.0,79.0,3.0,5418.38134430727
other,1200.0,4.0,115.0,5.0,9583.333333333334
Babusapalaya,1105.0,2.0,40.0,2.0,3619.9095022624433
Hulimavu,3035.0,5.0,220.0,3.0,7248.764415156507
Bannerghatta Road,1200.0,6.0,160.0,6.0,13333.333333333334
Akshaya Nagar,1662.0,3.0,90.0,3.0,5415.162454873646
Yelahanka,1556.0,3.0,86.0,3.0,5526.9922879177375
Jigani,918.0,2.0,50.0,2.0,5446.623093681917
Sarjapur Road,1455.0,2.0,98.0,3.0,6735.395189003437
other,1205.0,2.0,70.0,2.0,5809.128630705394
Beml Layout,1194.0,2.0,65.0,2.0,5443.886097152429
Laggere,1200.0,2.0,75.0,2.0,6250.0
Subramanyapura,929.0,2.0,56.0,2.0,6027.9870828848225
Channasandra,1065.0,2.0,40.47,2.0,3800.0
Bannerghatta Road,1365.0,3.0,84.29,3.0,6175.091575091575
Kengeri,1500.0,6.0,150.0,6.0,10000.0
other,1200.0,5.0,99.0,5.0,8250.0
Anandapura,1250.0,2.0,45.0,2.0,3600.0
Marathahalli,1680.0,3.0,105.0,3.0,6250.0
other,1250.0,2.0,58.0,2.0,4640.0
other,1424.0,2.0,55.0,3.0,3862.3595505617977
Gottigere,1435.0,2.0,62.0,3.0,4320.557491289199
Devanahalli,658.0,1.0,26.91,1.0,4089.665653495441
Marathahalli,1910.0,3.0,119.0,3.0,6230.366492146597
Yelahanka,1610.0,4.0,85.0,3.0,5279.503105590062
other,1280.0,3.0,250.0,5.0,19531.25
other,1250.0,3.0,55.0,3.0,4400.0
other,2200.0,4.0,160.0,3.0,7272.727272727273
Billekahalli,2400.0,3.0,150.0,3.0,6250.0
Chandapura,876.0,2.0,29.5,2.0,3367.5799086757993
Kadugodi,1314.0,2.0,83.0,2.0,6316.590563165905
Rachenahalli,690.0,1.0,39.8,1.0,5768.115942028985
Electronic City Phase Ii,3500.0,2.0,167.5,4.0,4785.714285714285
other,1230.0,2.0,55.0,2.0,4471.544715447155
Bommasandra,920.0,2.0,37.2,2.0,4043.478260869566
Sarjapur Road,1850.0,3.0,140.0,3.0,7567.5675675675675
Electronic City,1073.0,2.0,60.0,2.0,5591.798695246971
other,1540.0,3.0,76.0,3.0,4935.064935064935
Kalyan Nagar,1198.0,2.0,65.0,2.0,5425.709515859767
other,1900.0,3.0,155.0,3.0,8157.894736842105
Ramagondanahalli,1910.0,3.0,142.0,3.0,7434.55497382199
other,1098.0,2.0,48.0,2.0,4371.584699453552
Sarakki Nagar,2400.0,4.0,358.0,4.0,14916.666666666666
other,1200.0,1.0,95.0,2.0,7916.666666666667
other,5400.0,5.0,972.0,7.0,18000.0
Hosur Road,1689.0,3.0,103.0,3.0,6098.283007696862
other,1060.0,2.0,37.0,2.0,3490.566037735849
other,1100.0,2.0,61.0,2.0,5545.454545454545
other,1350.0,4.0,225.0,4.0,16666.666666666668
other,1050.0,4.0,80.0,5.0,7619.047619047619
Hennur Road,1250.0,2.0,77.88,3.0,6230.4
other,1100.0,2.0,110.0,2.0,10000.0
Electronic City,1500.0,2.0,78.0,3.0,5200.0
other,1942.0,3.0,155.0,3.0,7981.462409886714
Haralur Road,1985.0,3.0,130.0,3.0,6549.11838790932
Sarjapur Road,950.0,1.0,39.9,1.0,4200.0
other,1200.0,4.0,80.0,3.0,6666.666666666667
Green Glen Layout,1752.0,3.0,105.0,3.0,5993.1506849315065
Abbigere,1200.0,3.0,120.0,4.0,10000.0
Mahalakshmi Layout,1200.0,5.0,200.0,5.0,16666.666666666668
Old Madras Road,1480.0,2.0,84.0,3.0,5675.675675675676
other,600.0,4.0,81.0,3.0,13500.0
Sarjapur Road,1826.0,3.0,130.0,3.0,7119.386637458927
Kasavanhalli,1667.0,3.0,92.0,3.0,5518.896220755849
Thanisandra,934.0,2.0,55.0,2.0,5888.650963597431
Jp Nagar,909.872467,3.0,69.34,3.0,7620.848252351831
Hosur Road,3600.0,5.0,180.0,5.0,5000.0
Uttarahalli,1280.0,2.0,60.0,3.0,4687.5
other,1400.0,2.0,60.0,2.0,4285.714285714285
other,1200.0,8.0,180.0,7.0,15000.0
other,1330.0,2.0,64.0,2.0,4812.0300751879695
other,1515.0,3.0,90.0,3.0,5940.59405940594
Thigalarapalya,1830.0,4.0,150.0,3.0,8196.72131147541
Btm Layout,935.0,2.0,51.5,2.0,5508.0213903743315
Jakkur,2197.0,3.0,136.0,3.0,6190.259444697314
Tc Palaya,600.0,4.0,65.0,4.0,10833.333333333334
Jakkur,1125.0,2.0,65.0,2.0,5777.777777777777
Thubarahalli,1200.0,2.0,79.0,2.0,6583.333333333333
other,1464.0,3.0,56.0,3.0,3825.136612021858
Seegehalli,920.0,2.0,27.0,2.0,2934.782608695652
Yelahanka,651.0,1.0,17.5,1.0,2688.1720430107525
Chikkabanavar,600.0,1.0,25.0,2.0,4166.666666666667
Chandapura,645.0,1.0,16.45,1.0,2550.3875968992247
Electronics City Phase 1,1190.0,2.0,68.0,2.0,5714.285714285715
Kr Puram,1200.0,1.0,65.0,2.0,5416.666666666667
Kundalahalli,7000.0,4.0,550.0,4.0,7857.142857142857
Ramamurthy Nagar,1200.0,4.0,110.0,6.0,9166.666666666666
Yelahanka New Town,500.0,2.0,24.0,1.0,4800.0
Bommasandra Industrial Area,1250.0,3.0,50.0,3.0,4000.0
Ambalipura,3300.0,4.0,329.0,4.0,9969.69696969697
Kr Puram,1482.0,2.0,70.445,3.0,4753.373819163292
other,1206.0,2.0,53.0,2.0,4394.69320066335
Seegehalli,3000.0,5.0,335.0,3.0,11166.666666666666
Brookefield,1100.0,2.0,55.0,2.0,5000.0
Vidyaranyapura,1100.0,2.0,54.0,2.0,4909.090909090909
Subramanyapura,975.0,2.0,65.0,2.0,6666.666666666667
other,1200.0,4.0,95.0,4.0,7916.666666666667
Kalena Agrahara,610.0,1.0,39.0,1.0,6393.44262295082
Bhoganhalli,1447.0,2.0,75.97,2.0,5250.172771250864
Vidyaranyapura,750.0,4.0,88.0,4.0,11733.333333333334
other,1250.0,2.0,58.0,2.0,4640.0
Horamavu Banaswadi,1272.0,2.0,51.5,2.0,4048.7421383647797
Banashankari Stage Ii,1050.0,3.0,125.0,4.0,11904.761904761905
other,625.0,2.0,24.0,2.0,3840.0
1St Phase Jp Nagar,840.0,2.0,50.0,1.0,5952.380952380952
Hennur Road,2502.0,4.0,180.0,4.0,7194.244604316546
Rayasandra,583.0,1.0,26.9,1.0,4614.065180102916
Gunjur Palya,900.0,2.0,27.0,2.0,3000.0
other,1464.0,2.0,56.0,2.0,3825.136612021858
Kanakapura,2200.0,3.0,121.0,3.0,5500.0
Whitefield,750.0,1.0,51.0,1.0,6800.0
other,1300.0,3.0,64.0,3.0,4923.076923076923
other,1200.0,1.0,69.0,1.0,5750.0
Hosakerehalli,2480.0,4.0,260.0,3.0,10483.870967741936
Vishwapriya Layout,1250.0,3.0,38.0,3.0,3040.0
Kaggadasapura,1500.0,3.0,75.0,3.0,5000.0
Dodsworth Layout,1717.0,3.0,99.0,3.0,5765.87070471753
other,2099.0,3.0,95.0,3.0,4525.964745116722
Kasturi Nagar,1100.0,2.0,58.0,2.0,5272.727272727273
other,1200.0,1.0,48.0,1.0,4000.0
Kothanur,1500.0,1.0,75.0,1.0,5000.0
other,4050.0,4.0,600.0,5.0,14814.814814814816
Haralur Road,1255.0,2.0,90.0,3.0,7171.314741035857
5Th Phase Jp Nagar,1220.0,2.0,88.0,2.0,7213.11475409836
Sultan Palaya,1765.0,3.0,80.0,3.0,4532.57790368272
Bellandur,1281.0,2.0,87.0,2.0,6791.569086651054
Kaggadasapura,1215.0,2.0,43.0,2.0,3539.0946502057614
Ananth Nagar,1200.0,3.0,87.0,4.0,7250.0
Lakshminarayana Pura,1300.0,2.0,70.0,2.0,5384.615384615385
other,900.0,3.0,51.0,4.0,5666.666666666667
Kengeri,750.0,2.0,35.5,2.0,4733.333333333333
other,1430.0,2.0,78.65,3.0,5500.000000000001
Thanisandra,1056.0,2.0,68.0,2.0,6439.393939393939
other,2108.0,3.0,85.0,3.0,4032.2580645161293
Banashankari,1650.0,3.0,101.0,3.0,6121.212121212121
Rayasandra,1198.0,2.0,54.0,2.0,4507.512520868114
other,1190.0,2.0,70.0,2.0,5882.35294117647
other,900.0,2.0,41.0,2.0,4555.555555555556
other,2690.0,4.0,185.0,4.0,6877.323420074349
Giri Nagar,2400.0,6.0,400.0,6.0,16666.666666666668
Talaghattapura,2254.0,3.0,153.0,3.0,6787.93256433008
Old Madras Road,2990.0,5.0,210.0,3.0,7023.411371237458
other,1800.0,5.0,250.0,4.0,13888.888888888889
Jp Nagar,820.0,2.0,45.0,2.0,5487.804878048781
Electronic City,1296.0,2.0,65.0,2.0,5015.432098765432
Whitefield,1173.0,2.0,77.0,2.0,6564.364876385337
Sarjapura - Attibele Road,1800.0,3.0,90.0,3.0,5000.0
Sarjapur,913.0,2.0,36.0,2.0,3943.0449069003284
Prithvi Layout,1620.0,3.0,65.0,3.0,4012.3456790123455
Billekahalli,2968.0,3.0,225.0,3.0,7580.8625336927225
Hosur Road,1345.0,2.0,106.0,2.0,7881.0408921933085
Dodsworth Layout,1594.0,3.0,99.0,3.0,6210.790464240903
other,1250.0,2.0,68.0,2.0,5440.0
Whitefield,1200.0,3.0,68.4,3.0,5700.000000000001
other,1290.0,1.0,77.5,2.0,6007.751937984496
other,1150.0,2.0,48.0,2.0,4173.913043478261
other,1464.0,2.0,145.0,2.0,9904.371584699453
Anekal,1200.0,2.0,36.0,4.0,3000.0
Gollarapalya Hosahalli,861.0,2.0,36.5,2.0,4239.256678281068
other,1200.0,2.0,75.0,2.0,6250.0
other,1200.0,10.0,190.0,10.0,15833.333333333334
other,1065.0,2.0,45.0,2.0,4225.352112676056
Rajaji Nagar,2300.0,3.0,369.0,3.0,16043.478260869566
Ramamurthy Nagar,1000.0,2.0,62.0,2.0,6200.0
Lingadheeranahalli,1682.0,3.0,113.0,3.0,6718.192627824019
Harlur,1756.0,3.0,131.0,3.0,7460.136674259681
other,4000.0,4.0,1000.0,5.0,25000.0
other,1050.0,4.0,90.0,4.0,8571.42857142857
Vittasandra,1238.0,2.0,67.32,2.0,5437.802907915992
Dasanapura,814.0,2.0,42.0,2.0,5159.7051597051595
Dodda Nekkundi,1145.0,2.0,46.5,2.0,4061.1353711790393
other,750.0,2.0,36.0,2.0,4800.0
1St Phase Jp Nagar,1590.0,3.0,131.0,3.0,8238.993710691824
Begur Road,644.0,1.0,40.0,1.0,6211.180124223602
Rayasandra,1555.0,3.0,75.17,3.0,4834.083601286174
other,2500.0,4.0,450.0,4.0,18000.0
Kaggadasapura,1225.0,2.0,48.0,2.0,3918.3673469387754
Rajaji Nagar,1640.0,3.0,220.0,3.0,13414.634146341463
Thanisandra,1595.0,3.0,110.0,3.0,6896.551724137931
Yelahanka,1859.0,3.0,108.0,3.0,5809.575040344271
9Th Phase Jp Nagar,1079.0,2.0,60.0,2.0,5560.704355885079
Thigalarapalya,1830.0,4.0,135.0,3.0,7377.049180327869
Banashankari Stage Vi,1160.0,2.0,59.0,2.0,5086.206896551724
other,1485.0,2.0,156.0,3.0,10505.050505050505
other,2070.0,3.0,135.0,3.0,6521.739130434783
Basaveshwara Nagar,750.0,4.0,150.0,6.0,20000.0
Kannamangala,957.0,2.0,52.5,2.0,5485.8934169279
Basaveshwara Nagar,2400.0,4.0,310.0,5.0,12916.666666666666
Bannerghatta Road,1268.0,2.0,69.0,2.0,5441.640378548896
Bannerghatta Road,1450.0,2.0,87.0,3.0,6000.0
other,1600.0,2.0,75.0,3.0,4687.5
Uttarahalli,1330.0,2.0,57.0,3.0,4285.714285714285
Horamavu Banaswadi,1272.0,2.0,51.5,2.0,4048.7421383647797
other,1100.0,2.0,38.49,2.0,3499.090909090909
Chikkalasandra,1075.0,2.0,46.76,2.0,4349.767441860465
other,800.0,2.0,55.0,2.0,6875.0
Vasanthapura,995.0,2.0,34.82,2.0,3499.497487437186
other,900.0,1.0,44.0,2.0,4888.888888888889
Ganga Nagar,1480.0,2.0,125.0,3.0,8445.945945945947
Talaghattapura,2106.0,3.0,148.0,3.0,7027.540360873694
Yeshwanthpur,2400.0,6.0,270.0,9.0,11250.0
other,3800.0,2.0,130.0,3.0,3421.0526315789475
other,800.0,3.0,120.0,3.0,15000.0
Marathahalli,1602.0,2.0,104.0,2.0,6491.8851435705365
Sarjapur Road,1660.0,2.0,116.0,3.0,6987.951807228916
Electronic City Phase Ii,1549.0,3.0,80.0,3.0,5164.622336991608
Marathahalli,700.0,1.0,38.0,1.0,5428.571428571428
Marathahalli,1469.0,3.0,89.0,3.0,6058.543226684819
Thanisandra,1411.0,3.0,93.15,3.0,6601.700921332388
Pai Layout,1400.0,2.0,57.5,2.0,4107.142857142857
Choodasandra,1115.0,2.0,50.0,2.0,4484.304932735426
Vidyaranyapura,1000.0,2.0,35.0,2.0,3500.0
other,1500.0,2.0,130.0,2.0,8666.666666666666
Chandapura,645.0,1.0,16.45,1.0,2550.3875968992247
Kasavanhalli,1494.0,3.0,82.0,3.0,5488.621151271754
Bhoganhalli,1949.0,3.0,129.0,3.0,6618.778860954336
Btm Layout,1020.0,2.0,46.5,2.0,4558.823529411765
Old Airport Road,3200.0,4.0,280.0,4.0,8750.0
other,2010.0,3.0,125.0,3.0,6218.905472636816
Yeshwanthpur,1240.0,2.0,80.0,2.0,6451.612903225807
Hoskote,1800.0,10.0,185.0,9.0,10277.777777777777
Bannerghatta Road,2932.0,5.0,195.0,4.0,6650.75034106412
Whitefield,3425.0,5.0,250.0,4.0,7299.270072992701
other,1504.0,2.0,100.0,3.0,6648.936170212766
Lakshminarayana Pura,1569.0,3.0,150.0,3.0,9560.229445506691
Harlur,1755.0,3.0,130.0,3.0,7407.407407407408
Vijayanagar,1760.0,3.0,140.0,3.0,7954.545454545455
Electronics City Phase 1,1450.0,3.0,72.54,3.0,5002.758620689656
5Th Phase Jp Nagar,1000.0,2.0,48.0,2.0,4800.0
other,3820.0,1.0,306.0,1.0,8010.471204188481
Thyagaraja Nagar,2000.0,4.0,145.0,5.0,7250.0
Choodasandra,1215.0,2.0,59.0,2.0,4855.9670781893
Yelachenahalli,1330.0,3.0,73.5,3.0,5526.315789473684
Raja Rajeshwari Nagar,1178.0,2.0,75.0,2.0,6366.723259762309
Hulimavu,1500.0,4.0,192.0,4.0,12800.0
other,2040.0,2.0,59.0,2.0,2892.156862745098
other,1602.0,2.0,165.0,3.0,10299.625468164793
other,1200.0,4.0,130.0,4.0,10833.333333333334
Parappana Agrahara,1194.0,2.0,46.0,2.0,3852.5963149078725
other,1800.0,3.0,220.0,3.0,12222.222222222223
Dasarahalli,2400.0,2.0,152.0,3.0,6333.333333333333
Sarjapur Road,1700.0,3.0,108.0,3.0,6352.941176470588
Jigani,1200.0,3.0,65.0,3.0,5416.666666666667
other,1500.0,3.0,72.0,3.0,4800.0
Karuna Nagar,1240.0,3.0,165.0,3.0,13306.451612903225
Whitefield,3000.0,3.0,400.0,3.0,13333.333333333334
Tc Palaya,900.0,2.0,55.0,2.0,6111.111111111111
other,1280.0,2.0,48.0,3.0,3750.0
Kambipura,883.0,2.0,44.0,2.0,4983.012457531144
Kengeri Satellite Town,750.0,2.0,33.0,2.0,4400.0
other,900.0,2.0,45.0,2.0,5000.0
7Th Phase Jp Nagar,1850.0,3.0,155.0,3.0,8378.378378378378
Hennur Road,1831.0,3.0,110.0,3.0,6007.646095030038
other,1095.0,2.0,38.33,2.0,3500.4566210045664
Electronics City Phase 1,360.0,1.0,16.9,1.0,4694.444444444443
Kadugodi,840.0,1.0,40.7,1.0,4845.238095238095
Electronic City,1140.0,2.0,70.93,2.0,6221.9298245614045
other,1145.0,2.0,58.4,2.0,5100.436681222707
other,1862.0,3.0,120.0,3.0,6444.68313641246
Devarachikkanahalli,947.0,2.0,43.0,2.0,4540.654699049631
other,7502.4383,4.0,211.0,4.0,2812.4189971678943
other,2700.0,3.0,200.0,3.0,7407.407407407408
Bommenahalli,1355.0,3.0,135.0,4.0,9963.09963099631
other,1677.0,3.0,98.0,3.0,5843.768634466309
other,2500.0,8.0,95.0,8.0,3800.0
Uttarahalli,1560.0,3.0,74.0,3.0,4743.589743589743
Arekere,2060.0,3.0,150.0,3.0,7281.553398058252
Harlur,1864.0,3.0,140.0,3.0,7510.729613733905
Electronics City Phase 1,638.0,1.0,32.0,1.0,5015.673981191223
other,1200.0,7.0,95.0,9.0,7916.666666666667
Kodigehalli,1150.0,9.0,170.0,8.0,14782.608695652174
Chandapura,937.0,2.0,30.0,2.0,3201.7075773745996
Whitefield,4003.0,6.0,525.0,4.0,13115.16362727954
Thigalarapalya,1000.0,2.0,48.53,2.0,4853.0
Basaveshwara Nagar,1200.0,2.0,80.0,2.0,6666.666666666667
Akshaya Nagar,1420.0,2.0,75.0,3.0,5281.69014084507
Sarjapur Road,1539.0,3.0,85.0,3.0,5523.066926575699
other,1550.0,3.0,59.0,3.0,3806.451612903226
other,600.0,6.0,138.0,7.0,23000.0
Seegehalli,1553.0,3.0,68.0,3.0,4378.62202189311
other,1740.0,3.0,120.0,3.0,6896.551724137931
Ombr Layout,1855.0,3.0,145.0,3.0,7816.711590296496
Kundalahalli,1724.0,3.0,146.0,3.0,8468.677494199535
other,1020.0,2.0,60.0,2.0,5882.35294117647
Banaswadi,1000.0,4.0,150.0,6.0,15000.0
Thubarahalli,1200.0,2.0,80.0,2.0,6666.666666666667
Hoskote,900.0,5.0,110.0,5.0,12222.222222222223
other,550.0,1.0,16.0,1.0,2909.090909090909
other,1492.0,2.0,65.0,2.0,4356.56836461126
Sarjapur Road,1489.0,2.0,82.0,3.0,5507.051712558764
other,1431.0,3.0,65.0,3.0,4542.278127183788
Lingadheeranahalli,1682.0,3.0,114.0,3.0,6777.645659928657
Panathur,1198.0,2.0,86.26,2.0,7200.33388981636
other,3664.0,3.0,325.0,3.0,8870.087336244542
other,690.0,2.0,42.0,2.0,6086.95652173913
Sarjapur Road,539.0,1.0,45.0,1.0,8348.794063079777
Sarakki Nagar,1200.0,4.0,85.0,4.0,7083.333333333333
Attibele,2400.0,3.0,120.0,3.0,5000.0
Thubarahalli,1200.0,2.0,79.55,2.0,6629.166666666667
Kundalahalli,2500.0,5.0,350.0,4.0,14000.0
other,1500.0,5.0,233.0,4.0,15533.333333333334
Gottigere,1500.0,4.0,100.0,5.0,6666.666666666667
Brookefield,1225.0,2.0,66.5,2.0,5428.571428571428
Bommanahalli,1350.0,2.0,72.0,2.0,5333.333333333333
other,1520.0,3.0,111.0,3.0,7302.631578947368
Whitefield,4100.0,4.0,550.0,4.0,13414.634146341463
other,1391.0,2.0,64.5,3.0,4636.951833213516
other,1200.0,4.0,86.0,4.0,7166.666666666667
other,2500.0,6.0,500.0,5.0,20000.0
Yelahanka,1322.0,2.0,80.0,2.0,6051.437216338881
Whitefield,2173.0,3.0,128.0,3.0,5890.473999079613
Sarjapur Road,1200.0,2.0,75.0,2.0,6250.0
Thubarahalli,1200.0,2.0,47.0,2.0,3916.6666666666665
Nri Layout,1125.0,2.0,45.56,2.0,4049.777777777778
Devanahalli,655.0,1.0,28.57,1.0,4361.832061068702
other,1250.0,2.0,90.0,2.0,7200.0
Chandapura,1025.0,2.0,27.68,2.0,2700.487804878049
other,1900.0,2.0,190.0,3.0,10000.0
Electronics City Phase 1,1175.0,2.0,64.98,2.0,5530.212765957447
other,1464.0,3.0,56.0,3.0,3825.136612021858
other,900.0,2.0,33.0,2.0,3666.6666666666665
Electronics City Phase 1,585.0,1.0,21.0,1.0,3589.74358974359
Jigani,3170.0,5.0,230.0,4.0,7255.520504731861
other,1602.0,2.0,170.0,3.0,10611.735330836455
Rajaji Nagar,2500.0,3.0,350.0,3.0,14000.0
Sarjapur Road,2145.0,3.0,180.0,3.0,8391.608391608392
Bannerghatta Road,960.0,2.0,58.0,2.0,6041.666666666667
Ngr Layout,907.0,1.0,38.0,1.0,4189.636163175303
Old Madras Road,1210.0,2.0,74.0,2.0,6115.702479338843
Kammanahalli,900.0,4.0,150.0,4.0,16666.666666666668
other,1230.0,2.0,70.0,2.0,5691.056910569106
5Th Phase Jp Nagar,1350.0,2.0,75.0,3.0,5555.555555555556
Sarjapur,1404.0,2.0,53.35,3.0,3799.8575498575497
Ombr Layout,1050.0,2.0,48.0,2.0,4571.428571428572
Kothanur,1020.0,10.0,155.0,8.0,15196.078431372549
Hoskote,1200.0,3.0,57.0,3.0,4750.0
other,1600.0,3.0,95.0,3.0,5937.5
9Th Phase Jp Nagar,1480.0,2.0,80.0,2.0,5405.405405405405
Kodichikkanahalli,2500.0,7.0,125.0,5.0,5000.0
Kaval Byrasandra,480.0,1.0,25.0,1.0,5208.333333333333
other,450.0,1.0,60.0,1.0,13333.333333333334
other,600.0,2.0,23.0,1.0,3833.3333333333335
Cv Raman Nagar,1590.0,2.0,85.0,3.0,5345.911949685535
Nagavara,936.0,2.0,40.2,2.0,4294.871794871795
Kengeri,1741.0,3.0,80.0,3.0,4595.060310166571
Jp Nagar,1750.0,3.0,123.0,3.0,7028.571428571428
Varthur Road,1050.0,2.0,42.7,2.0,4066.6666666666665
Tumkur Road,1027.0,2.0,60.0,2.0,5842.259006815969
other,596.0,2.0,22.0,2.0,3691.2751677852348
other,3463.0,6.0,310.0,4.0,8951.775916835115
Sahakara Nagar,1000.0,2.0,60.0,2.0,6000.0
other,1200.0,2.0,85.0,2.0,7083.333333333333
other,1200.0,2.0,35.0,2.0,2916.6666666666665
Kasturi Nagar,1570.0,3.0,110.0,3.0,7006.369426751592
Whitefield,905.0,1.0,62.0,1.0,6850.828729281768
Hsr Layout,2400.0,4.0,350.0,4.0,14583.333333333334
Koramangala,1083.0,2.0,100.0,2.0,9233.610341643584
Hormavu,1555.0,3.0,75.0,3.0,4823.15112540193
other,1200.0,2.0,45.0,2.0,3750.0
Parappana Agrahara,1194.0,2.0,47.0,2.0,3936.348408710218
Kanakapura,1450.0,3.0,75.0,3.0,5172.413793103448
Seegehalli,1639.0,3.0,120.0,3.0,7321.537522879805
Whitefield,1870.0,3.0,138.0,3.0,7379.679144385027
Hennur Road,1232.0,2.0,87.0,2.0,7061.688311688312
Kasavanhalli,1719.0,3.0,184.0,3.0,10703.89761489238
other,2000.0,4.0,130.0,3.0,6500.0
Jakkur,1230.0,2.0,79.0,2.0,6422.764227642277
other,1350.0,4.0,140.0,4.0,10370.37037037037
Kr Puram,1076.0,2.0,67.0,2.0,6226.7657992565055
other,995.0,2.0,34.82,3.0,3499.497487437186
Kodigehaali,2120.0,3.0,177.0,3.0,8349.056603773584
other,2400.0,7.0,460.0,6.0,19166.666666666668
other,850.0,6.0,78.0,6.0,9176.470588235294
Chamrajpet,505.0,1.0,85.0,1.0,16831.68316831683
Sarjapur Road,1320.0,2.0,115.0,2.0,8712.121212121212
8Th Phase Jp Nagar,1408.0,3.0,72.02,3.0,5115.056818181818
Whitefield,1320.0,2.0,99.26,2.0,7519.69696969697
Whitefield,2901.0,4.0,190.0,3.0,6549.465701482248
Gm Palaya,1315.0,2.0,65.0,3.0,4942.9657794676805
other,1000.0,2.0,44.0,2.0,4400.0
Bannerghatta Road,1750.0,3.0,130.0,3.0,7428.571428571428
Whitefield,2403.0,4.0,270.0,4.0,11235.955056179775
Old Madras Road,4050.0,2.0,341.0,4.0,8419.753086419752
other,1175.0,2.0,79.0,2.0,6723.404255319149
Talaghattapura,921.0,2.0,29.47,2.0,3199.782844733985
Sultan Palaya,1713.0,3.0,125.0,3.0,7297.139521307648
other,1200.0,2.0,43.0,2.0,3583.3333333333335
8Th Phase Jp Nagar,1900.0,4.0,90.0,3.0,4736.8421052631575
Binny Pete,1795.0,3.0,139.0,3.0,7743.732590529248
Kereguddadahalli,600.0,1.0,19.5,1.0,3250.0
Hegde Nagar,1965.0,4.0,132.0,3.0,6717.557251908397
other,600.0,4.0,99.0,3.0,16500.0
Sarjapur,4111.0,4.0,370.0,4.0,9000.243249817562
Ganga Nagar,1112.0,2.0,68.0,2.0,6115.107913669065
Mahadevpura,1136.0,2.0,64.5,2.0,5677.816901408451
Jigani,914.0,2.0,55.0,2.0,6017.505470459519
other,990.0,2.0,35.0,2.0,3535.3535353535353
Yelahanka,845.0,2.0,43.0,2.0,5088.757396449704
Whitefield,1485.0,2.0,96.51,2.0,6498.989898989899
Banashankari,720.0,1.0,60.0,1.0,8333.333333333334
7Th Phase Jp Nagar,1460.0,2.0,100.0,3.0,6849.315068493151
other,1107.0,2.0,40.0,2.0,3613.369467028004
other,1158.0,2.0,75.0,2.0,6476.683937823835
Yelachenahalli,800.0,1.0,30.0,2.0,3750.0
other,600.0,9.0,90.0,9.0,15000.0
Bhoganhalli,1760.0,3.0,128.0,3.0,7272.727272727273
other,3200.0,4.0,200.0,4.0,6250.0
other,600.0,3.0,145.0,2.0,24166.666666666668
Giri Nagar,600.0,6.0,100.0,6.0,16666.666666666668
other,1125.0,2.0,32.49,2.0,2888.0
Frazer Town,1706.0,3.0,154.0,3.0,9026.963657678782
Btm Layout,1600.0,3.0,112.0,3.0,7000.0
other,1200.0,2.0,90.0,2.0,7500.0
Whitefield,1755.0,3.0,101.0,3.0,5754.985754985755
Beml Layout,1200.0,2.0,67.0,2.0,5583.333333333333
other,1266.67,2.0,69.0,2.0,5447.3540859103
other,1800.0,3.0,90.0,3.0,5000.0
other,1200.0,4.0,275.0,3.0,22916.666666666668
other,1300.0,3.0,64.0,3.0,4923.076923076923
other,800.0,3.0,60.0,3.0,7500.0
Whitefield,4800.0,5.0,550.0,4.0,11458.333333333334
other,2000.0,2.0,160.0,2.0,8000.0
Panathur,1210.0,2.0,80.0,2.0,6611.570247933884
Arekere,2710.0,6.0,142.0,4.0,5239.852398523985
Rajaji Nagar,7500.0,8.0,1700.0,5.0,22666.666666666668
other,1464.0,3.0,56.0,3.0,3825.136612021858
Hrbr Layout,1200.0,3.0,180.0,4.0,15000.0
other,1000.0,5.0,140.0,5.0,14000.0
Munnekollal,1750.0,3.0,86.5,3.0,4942.857142857143
Dasanapura,1163.0,2.0,65.0,2.0,5588.993981083405
7Th Phase Jp Nagar,1650.0,3.0,110.0,3.0,6666.666666666667
other,1800.0,3.0,95.0,3.0,5277.777777777777
R.T. Nagar,1200.0,2.0,60.0,2.0,5000.0
Ganga Nagar,1410.0,3.0,65.0,3.0,4609.929078014185
Begur Road,1933.0,3.0,98.0,3.0,5069.839627521987
other,2679.0,5.0,280.0,4.0,10451.661067562523
Horamavu Banaswadi,1156.0,2.0,46.9,2.0,4057.093425605536
other,1230.0,2.0,75.0,2.0,6097.5609756097565
Kasavanhalli,770.0,1.0,43.82,1.0,5690.909090909091
Ardendale,1777.26,3.0,105.0,3.0,5907.970696465346
Kanakpura Road,1339.0,2.0,85.0,2.0,6348.020911127707
Sarjapur Road,3044.0,3.0,183.0,3.0,6011.826544021025
other,1080.0,2.0,44.8,2.0,4148.148148148148
other,3150.0,5.0,145.0,8.0,4603.174603174603
Nagadevanahalli,2400.0,2.0,135.0,2.0,5625.0
Kothanur,1075.0,2.0,53.0,2.0,4930.232558139535
Sarjapur Road,1163.0,2.0,62.0,3.0,5331.04041272571
Tc Palaya,1200.0,2.0,65.0,2.0,5416.666666666667
other,1200.0,8.0,135.0,8.0,11250.0
Marathahalli,3090.0,4.0,325.0,4.0,10517.79935275081
Hebbal,1299.0,2.0,100.0,2.0,7698.229407236336
Hrbr Layout,1170.0,2.0,75.0,2.0,6410.25641025641
Jp Nagar,1750.0,2.0,152.0,3.0,8685.714285714286
Yelahanka,2600.0,4.0,175.0,4.0,6730.7692307692305
Kr Puram,1140.0,2.0,43.32,2.0,3800.0
Kanakpura Road,1900.0,3.0,125.0,3.0,6578.9473684210525
Bommasandra Industrial Area,1090.0,2.0,31.48,2.0,2888.0733944954127
Nagavarapalya,705.0,1.0,57.0,1.0,8085.106382978724
Hbr Layout,1089.0,2.0,60.0,2.0,5509.641873278237
other,880.0,2.0,48.0,2.0,5454.545454545455
Thanisandra,1093.0,2.0,68.1,2.0,6230.558096980786
Hegde Nagar,1703.0,3.0,125.0,3.0,7339.988256018791
Hebbal,1200.0,2.0,60.0,2.0,5000.0
Marathahalli,1690.0,3.0,116.0,3.0,6863.905325443787
Yelahanka,1305.0,2.0,78.0,2.0,5977.0114942528735
other,1150.0,2.0,45.0,2.0,3913.0434782608695
other,1194.0,2.0,55.0,2.0,4606.365159128978
other,2000.0,3.0,90.0,3.0,4500.0
Anekal,1500.0,4.0,99.0,3.0,6600.0
other,1025.0,2.0,42.5,2.0,4146.341463414634
Hosakerehalli,1200.0,2.0,100.0,3.0,8333.333333333334
Whitefield,2225.0,3.0,149.0,3.0,6696.6292134831465
other,1022.0,2.0,57.0,2.0,5577.2994129158515
other,882.0,3.0,72.0,4.0,8163.265306122449
Narayanapura,1153.0,2.0,45.0,2.0,3902.8620988725065
Pai Layout,1175.0,2.0,60.0,2.0,5106.382978723404
Yelahanka New Town,650.0,1.0,17.0,1.0,2615.3846153846152
other,600.0,3.0,65.0,3.0,10833.333333333334
Billekahalli,1350.0,3.0,55.0,2.0,4074.074074074074
other,1200.0,2.0,76.0,2.0,6333.333333333333
other,1200.0,1.0,54.0,2.0,4500.0
Chandapura,800.0,2.0,25.0,2.0,3125.0
Electronic City,2093.0,4.0,104.0,4.0,4968.944099378882
Uttarahalli,1320.0,2.0,55.44,3.0,4200.0
Bannerghatta Road,1275.0,2.0,73.0,2.0,5725.490196078431
Begur Road,1444.0,2.0,71.5,3.0,4951.523545706371
other,950.0,2.0,38.0,2.0,4000.0
Padmanabhanagar,1000.0,1.0,90.0,2.0,9000.0
2Nd Stage Nagarbhavi,600.0,4.0,125.0,4.0,20833.333333333332
Hennur,1231.0,2.0,50.0,2.0,4061.7384240454917
Benson Town,1300.0,2.0,120.0,2.0,9230.76923076923
Sarjapur Road,3004.0,4.0,158.0,3.0,5259.65379494008
Jalahalli,790.0,2.0,49.5,2.0,6265.822784810127
Koramangala,1744.0,3.0,200.0,3.0,11467.88990825688
other,1605.0,3.0,100.0,3.0,6230.529595015576
Whitefield,1250.0,2.0,82.0,2.0,6560.0
Malleshwaram,2476.0,3.0,337.0,3.0,13610.662358642972
Subramanyapura,1260.0,2.0,76.0,3.0,6031.746031746032
Yelahanka,1180.0,2.0,56.0,2.0,4745.762711864407
Electronic City,1025.0,2.0,53.9,2.0,5258.536585365854
Sarjapur Road,1877.0,4.0,150.0,3.0,7991.475759190197
Lakshminarayana Pura,1649.0,3.0,150.0,3.0,9096.422073984233
5Th Block Hbr Layout,2600.0,12.0,675.0,9.0,25961.53846153846
Hennur,2500.0,5.0,125.0,5.0,5000.0
other,1542.0,3.0,98.0,3.0,6355.38261997406
Thigalarapalya,1418.0,2.0,105.0,2.0,7404.795486600846
other,1012.0,2.0,42.0,2.0,4150.197628458498
Chandapura,1200.0,2.0,65.0,2.0,5416.666666666667
Green Glen Layout,1680.0,4.0,95.0,3.0,5654.761904761905
Old Madras Road,1171.0,2.0,72.0,2.0,6148.590947907771
Tumkur Road,1027.0,2.0,68.62,2.0,6681.596884128529
Shampura,1700.0,3.0,75.0,3.0,4411.764705882353
Hennur Road,1232.0,2.0,74.0,2.0,6006.493506493506
Anekal,766.0,2.0,28.0,2.0,3655.3524804177546
Banashankari Stage Iii,1200.0,5.0,180.0,5.0,15000.0
Kanakpura Road,525.0,1.0,27.0,1.0,5142.857142857143
Hosa Road,1535.0397790000002,3.0,109.0,3.0,7100.793184070312
Choodasandra,1254.0,2.0,65.0,3.0,5183.413078149921
other,3600.0,5.0,110.0,5.0,3055.5555555555557
Kanakpura Road,1593.0,3.0,118.0,3.0,7407.407407407408
other,1333.0,2.0,77.27,2.0,5796.699174793698
other,1100.0,3.0,110.0,3.0,10000.0
Ardendale,1650.0,3.0,82.0,3.0,4969.69696969697
Electronic City,940.0,2.0,54.0,2.0,5744.68085106383
Electronic City,435.0,1.0,21.0,1.0,4827.586206896552
Electronic City,1500.0,2.0,77.5,3.0,5166.666666666667
other,1050.0,2.0,70.0,2.0,6666.666666666667
Singasandra,1200.0,6.0,220.0,6.0,18333.333333333332
Seegehalli,3000.0,4.0,235.0,3.0,7833.333333333333
Tumkur Road,1459.0,2.0,95.0,3.0,6511.3091158327625
Yelahanka,1711.0,3.0,85.61,3.0,5003.506721215664
Hoodi,1250.0,2.0,98.0,2.0,7840.0
Chandapura,645.0,1.0,16.45,1.0,2550.3875968992247
Anandapura,875.0,2.0,57.0,2.0,6514.285714285715
other,1140.0,2.0,32.92,2.0,2887.719298245614
Amruthahalli,1200.0,5.0,200.0,3.0,16666.666666666668
Thigalarapalya,2072.0,4.0,160.0,3.0,7722.007722007722
Kundalahalli,1600.0,3.0,170.0,3.0,10625.0
other,1200.0,4.0,115.0,6.0,9583.333333333334
Kengeri Satellite Town,920.0,2.0,39.0,2.0,4239.130434782609
Chandapura,598.0,2.0,25.29,2.0,4229.096989966555
Nagasandra,1310.0,3.0,95.0,4.0,7251.908396946565
Electronic City,1631.0,3.0,80.0,3.0,4904.9662783568365
Kanakpura Road,525.0,1.0,27.5,1.0,5238.0952380952385
other,2000.0,3.0,105.0,3.0,5250.0
Hennur Road,1232.0,2.0,66.0,2.0,5357.142857142857
other,1075.0,2.0,55.0,2.0,5116.279069767442
Gubbalala,1205.0,2.0,70.0,2.0,5809.128630705394
other,1200.0,4.0,165.0,4.0,13750.0
Kodigehaali,1013.0,2.0,51.0,2.0,5034.550839091807
other,1200.0,5.0,80.0,7.0,6666.666666666667
other,1100.0,2.0,145.0,3.0,13181.818181818182
other,1069.0,2.0,55.0,2.0,5144.9953227315245
other,1200.0,3.0,99.0,3.0,8250.0
Kudlu Gate,1400.0,1.0,285.0,1.0,20357.14285714286
Lakshminarayana Pura,1395.0,2.0,75.0,2.0,5376.344086021505
Hebbal Kempapura,1725.0,2.0,165.0,3.0,9565.217391304348
other,1007.0,2.0,43.0,2.0,4270.109235352532
other,4250.0,6.0,150.0,6.0,3529.4117647058824
Hebbal,1645.0,3.0,117.0,3.0,7112.462006079028
Kengeri,1200.0,2.0,58.0,2.0,4833.333333333333
Kr Puram,4300.0,6.0,175.0,6.0,4069.767441860465
Hebbal,2850.0,5.0,343.0,3.0,12035.087719298246
Indira Nagar,1740.0,3.0,191.0,3.0,10977.011494252874
other,3761.0,3.0,650.0,3.0,17282.637596383942
Dodda Nekkundi,1829.0,3.0,125.0,3.0,6834.3357025697105
Whitefield,1800.0,4.0,178.0,4.0,9888.888888888889
other,1000.0,2.0,60.0,2.0,6000.0
other,5720.0,3.0,350.0,3.0,6118.881118881119
other,800.0,4.0,98.0,5.0,12250.0
Hebbal,1390.0,2.0,95.0,2.0,6834.53237410072
Lakshminarayana Pura,1500.0,3.0,104.0,3.0,6933.333333333333
Jakkur,1202.0,2.0,79.0,2.0,6572.379367720466
other,1012.0,2.0,59.0,2.0,5830.0395256917
Raja Rajeshwari Nagar,1350.0,4.0,340.0,4.0,25185.185185185186
Whitefield,605.0,1.0,40.0,1.0,6611.570247933884
Harlur,1331.0,2.0,88.0,2.0,6611.570247933884
Margondanahalli,1200.0,2.0,69.0,2.0,5750.0
other,1150.0,2.0,250.0,2.0,21739.130434782608
Sahakara Nagar,1200.0,2.0,136.0,2.0,11333.333333333334
other,1800.0,2.0,300.0,2.0,16666.666666666668
Kammanahalli,600.0,2.0,50.0,3.0,8333.333333333334
other,1280.0,2.0,49.0,3.0,3828.125
Kalkere,925.0,2.0,35.0,2.0,3783.7837837837837
Tc Palaya,1500.0,2.0,75.0,2.0,5000.0
Attibele,450.0,1.0,12.5,1.0,2777.777777777778
other,1200.0,4.0,140.0,4.0,11666.666666666666
Hennur Road,1341.0,2.0,95.0,2.0,7084.265473527218
Tumkur Road,992.0,2.0,60.0,2.0,6048.387096774193
Uttarahalli,1163.0,2.0,68.0,2.0,5846.947549441101
Sarjapur Road,1229.0,2.0,70.0,2.0,5695.6875508543535
other,600.0,2.0,39.0,2.0,6500.0
Raja Rajeshwari Nagar,1525.0,2.0,99.13,3.0,6500.327868852459
Akshaya Nagar,1412.0,2.0,88.0,3.0,6232.294617563739
Munnekollal,1200.0,9.0,215.0,9.0,17916.666666666668
Nagadevanahalli,1240.0,2.0,65.0,3.0,5241.935483870968
other,1100.0,2.0,55.0,2.0,5000.0
other,1700.0,3.0,111.0,3.0,6529.411764705882
Kengeri,400.0,2.0,25.0,1.0,6250.0
Sarjapur Road,1342.0,2.0,70.0,2.0,5216.095380029807
other,1340.0,2.0,65.0,2.0,4850.746268656716
other,1200.0,2.0,54.0,2.0,4500.0
Yeshwanthpur,400.0,1.0,55.0,1.0,13750.0
Hennur Road,2700.0,3.0,150.0,3.0,5555.555555555556
other,1780.0,3.0,110.0,3.0,6179.775280898876
Ulsoor,7200.0,5.0,1584.0,4.0,22000.0
other,646.0,2.0,65.0,3.0,10061.919504643964
Kammanahalli,1200.0,2.0,80.0,2.0,6666.666666666667
Margondanahalli,900.0,2.0,49.0,2.0,5444.444444444444
Sarjapur,1830.0,3.0,88.0,3.0,4808.743169398907
Vishwapriya Layout,690.0,4.0,83.0,5.0,12028.985507246376
other,1800.0,4.0,68.0,5.0,3777.777777777778
Chandapura,715.0,2.0,32.0,3.0,4475.524475524476
other,1350.0,8.0,185.0,8.0,13703.703703703704
other,1080.0,3.0,149.0,3.0,13796.296296296296
other,900.0,2.0,65.0,3.0,7222.222222222223
other,946.0,2.0,45.0,2.0,4756.871035940803
Laggere,1500.0,1.0,60.0,1.0,4000.0
Sarjapur Road,1711.0,3.0,110.0,3.0,6428.988895382817
other,1200.0,3.0,160.0,4.0,13333.333333333334
Chandapura,950.0,2.0,25.65,2.0,2700.0
Harlur,1752.12,3.0,133.0,3.0,7590.80428281168
Hebbal,6000.0,8.0,220.0,8.0,3666.6666666666665
other,1540.0,3.0,85.0,3.0,5519.480519480519
6Th Phase Jp Nagar,600.0,4.0,125.0,4.0,20833.333333333332
other,665.0,1.0,32.0,1.0,4812.0300751879695
other,1665.0,3.0,110.0,3.0,6606.606606606607
other,1200.0,3.0,190.0,3.0,15833.333333333334
Marathahalli,1693.0,3.0,125.0,3.0,7383.343177790904
other,2456.0,3.0,220.0,3.0,8957.654723127036
Rajaji Nagar,2559.0,3.0,403.0,3.0,15748.339194998047
other,1610.0,2.0,64.4,3.0,4000.0000000000005
other,1530.0,2.0,185.0,2.0,12091.503267973856
Amruthahalli,600.0,4.0,60.0,4.0,10000.0
Brookefield,2700.0,8.0,290.0,8.0,10740.74074074074
other,840.0,1.0,150.0,1.0,17857.14285714286
Kr Puram,1200.0,2.0,42.0,2.0,3500.0
other,1439.0,3.0,57.23,3.0,3977.067407922168
Btm 2Nd Stage,2990.0,5.0,416.0,5.0,13913.04347826087
Yelahanka,1315.0,2.0,75.0,2.0,5703.42205323194
Dommasandra,1500.0,2.0,40.0,2.0,2666.6666666666665
Yelahanka,3600.0,6.0,200.0,6.0,5555.555555555556
Thanisandra,1093.0,2.0,72.0,2.0,6587.374199451052
Horamavu Banaswadi,1200.0,2.0,45.0,2.0,3750.0
Magadi Road,5000.0,6.0,360.0,5.0,7200.0
1St Block Jayanagar,1200.0,2.0,130.0,3.0,10833.333333333334
Whitefield,2210.0,3.0,156.0,3.0,7058.823529411765
Uttarahalli,1150.0,2.0,70.0,2.0,6086.95652173913
other,1435.0,2.0,60.0,3.0,4181.184668989547
other,600.0,3.0,100.0,4.0,16666.666666666668
Whitefield,1173.0,2.0,78.2,2.0,6666.666666666667
other,1717.0,3.0,120.0,3.0,6988.934187536401
Mallasandra,1325.0,2.0,65.0,2.0,4905.66037735849
Electronics City Phase 1,1025.0,2.0,90.0,2.0,8780.487804878048
other,1409.0,2.0,62.0,3.0,4400.28388928318
Bellandur,1200.0,2.0,52.0,2.0,4333.333333333333
Whitefield,1740.0,4.0,130.0,3.0,7471.264367816092
Hennur Road,1232.0,2.0,88.0,2.0,7142.857142857143
Chandapura,1200.0,2.0,36.0,2.0,3000.0
Whitefield,5924.0,4.0,625.0,4.0,10550.303848750844
other,1250.0,2.0,50.0,2.0,4000.0
other,1475.0,2.0,171.0,2.0,11593.22033898305
Bommanahalli,2100.0,4.0,85.0,4.0,4047.6190476190477
5Th Phase Jp Nagar,552.0,1.0,23.5,1.0,4257.246376811594
Hennur,1000.0,3.0,130.0,3.0,13000.0
other,1225.0,2.0,65.0,2.0,5306.122448979592
Padmanabhanagar,1067.0,2.0,52.0,2.0,4873.477038425492
Sarjapur,1364.0,2.0,56.0,3.0,4105.571847507332
other,1750.0,3.0,75.0,3.0,4285.714285714285
Bannerghatta Road,1240.0,2.0,71.0,2.0,5725.806451612903
Kaggadasapura,1540.0,3.0,75.0,3.0,4870.12987012987
other,1504.0,2.0,102.0,3.0,6781.914893617021
other,1116.0,2.0,49.8,2.0,4462.365591397849
Hennur Road,2365.0,4.0,175.0,3.0,7399.577167019028
Vidyaranyapura,1200.0,5.0,139.0,5.0,11583.333333333334
Hoskote,1069.0,2.0,38.0,3.0,3554.724041159963
Hebbal,1333.0,2.0,100.0,2.0,7501.875468867217
other,1800.0,4.0,145.0,4.0,8055.555555555556
Devanahalli,6136.0,4.0,550.0,4.0,8963.49413298566
Thanisandra,1698.0,3.0,107.0,3.0,6301.531213191991
Raja Rajeshwari Nagar,1060.0,2.0,48.0,2.0,4528.301886792453
Hennur,1160.0,2.0,49.0,2.0,4224.137931034483
Hosa Road,675.0,3.0,70.0,3.0,10370.37037037037
Hennur Road,1310.0,2.0,66.0,2.0,5038.167938931298
Vijayanagar,1806.0,6.0,370.0,6.0,20487.264673311183
other,3000.0,4.0,240.0,4.0,8000.0
Varthur,2145.0,3.0,165.0,3.0,7692.307692307692
Marathahalli,1693.0,3.0,125.0,3.0,7383.343177790904
Devanahalli,1200.0,3.0,145.0,3.0,12083.333333333334
other,1150.0,2.0,60.0,2.0,5217.391304347826
Munnekollal,1385.0,2.0,66.5,3.0,4801.444043321299
Tindlu,720.0,3.0,81.0,3.0,11250.0
other,1625.0,3.0,92.0,3.0,5661.538461538462
Vittasandra,1246.0,2.0,67.4,2.0,5409.309791332264
Vijayanagar,2100.0,6.0,252.0,4.0,12000.0
other,2400.0,4.0,250.0,4.0,10416.666666666666
Raja Rajeshwari Nagar,3900.0,6.0,195.0,6.0,5000.0
Ulsoor,3500.0,4.0,138.0,4.0,3942.8571428571427
Varthur,1395.0,2.0,79.0,3.0,5663.082437275985
other,1180.0,2.0,50.0,2.0,4237.28813559322
Banaswadi,1903.0,6.0,140.0,5.0,7356.8050446663165
other,1272.0,2.0,51.5,2.0,4048.7421383647797
other,1490.0,2.0,92.0,3.0,6174.496644295302
other,2400.0,5.0,140.0,4.0,5833.333333333333
Karuna Nagar,2500.0,3.0,190.0,3.0,7600.0
Whitefield,1216.0,2.0,75.0,2.0,6167.763157894737
other,1044.0,2.0,60.0,2.0,5747.126436781609
Prithvi Layout,1352.0,3.0,93.0,2.0,6878.698224852071
Bellandur,1785.0,3.0,120.0,3.0,6722.689075630252
Pai Layout,810.0,2.0,34.5,2.0,4259.259259259259
other,1595.0,3.0,70.39,3.0,4413.166144200627
Babusapalaya,1410.0,2.0,65.0,3.0,4609.929078014185
Kanakpura Road,1591.0,3.0,122.0,3.0,7668.133249528599
other,1640.0,3.0,84.0,3.0,5121.951219512195
Yelahanka New Town,450.0,1.0,16.0,1.0,3555.5555555555557
Kaggadasapura,1240.0,2.0,45.0,2.0,3629.032258064516
other,1200.0,2.0,54.0,2.0,4500.0
Dodda Nekkundi,1100.0,2.0,41.16,2.0,3741.8181818181815
Koramangala,1180.0,2.0,128.0,2.0,10847.457627118643
Bisuvanahalli,845.0,2.0,33.0,2.0,3905.3254437869823
other,1567.2,2.0,190.0,3.0,12123.532414497193
other,959.0,2.0,42.5,2.0,4431.699687174139
8Th Phase Jp Nagar,1200.0,4.0,140.0,4.0,11666.666666666666
Kambipura,883.0,2.0,37.0,2.0,4190.260475651189
Yelahanka,1390.0,2.0,70.21,2.0,5051.079136690647
Kenchenahalli,1280.0,2.0,69.0,3.0,5390.625
other,1280.0,5.0,150.0,7.0,11718.75
Yelahanka,1614.0,3.0,95.0,3.0,5885.9975216852545
Kasturi Nagar,1000.0,2.0,58.0,2.0,5800.0
other,2400.0,8.0,325.0,9.0,13541.666666666666
other,1141.0,2.0,55.0,2.0,4820.333041191937
Doddathoguru,855.0,2.0,32.0,2.0,3742.690058479532
Chandapura,645.0,1.0,16.45,1.0,2550.3875968992247
Chandapura,922.0,2.0,36.0,2.0,3904.5553145336225
Nagappa Reddy Layout,1200.0,2.0,43.2,2.0,3600.0
Nagadevanahalli,1240.0,2.0,65.0,3.0,5241.935483870968
other,1293.0,2.0,75.0,2.0,5800.46403712297
Nehru Nagar,967.0,2.0,41.1,2.0,4250.258531540848
other,1885.0,3.0,90.0,3.0,4774.535809018567
other,860.0,2.0,65.5,2.0,7616.279069767442
Sarjapur Road,1050.0,2.0,63.5,2.0,6047.619047619048
Sarjapur Road,1350.0,2.0,102.0,2.0,7555.555555555556
Hebbal,1204.0,2.0,45.0,2.0,3737.5415282392028
Sarjapur Road,2990.0,4.0,240.0,4.0,8026.755852842809
Itpl,1000.0,2.0,29.95,2.0,2995.0
Sarjapur Road,1457.0,3.0,85.0,3.0,5833.905284831846
Bannerghatta,1100.0,2.0,66.0,2.0,6000.0
Whitefield,1655.0,3.0,120.0,3.0,7250.755287009063
Kanakpura Road,1691.2,3.0,115.0,3.0,6799.905392620624
Hoodi,1639.0,3.0,129.0,3.0,7870.65283709579
Sarjapur Road,1685.0,3.0,135.0,3.0,8011.86943620178
other,1008.0,4.0,180.0,5.0,17857.14285714286
Marathahalli,2122.0,3.0,125.0,3.0,5890.66918001885
Vasanthapura,1050.0,2.0,47.0,2.0,4476.190476190476
Electronic City Phase Ii,1252.0,2.0,65.0,3.0,5191.693290734825
other,1374.0,2.0,88.0,3.0,6404.657933042213
8Th Phase Jp Nagar,500.0,1.0,30.0,1.0,6000.0
Arekere,1200.0,8.0,225.0,8.0,18750.0
Hebbal,1355.0,3.0,83.87,3.0,6189.667896678967
Sarjapur Road,1350.0,2.0,68.0,2.0,5037.037037037037
Whitefield,4003.0,6.0,300.0,4.0,7494.379215588308
Hennur,2400.0,3.0,135.0,3.0,5625.0
Haralur Road,1560.0,3.0,90.0,3.0,5769.2307692307695
Anandapura,1151.0,2.0,43.16,2.0,3749.7827975673326
other,1250.0,2.0,60.0,2.0,4800.0
Hennur Road,1015.0,2.0,50.0,2.0,4926.108374384236
Kadugodi,1351.0,2.0,78.0,3.0,5773.501110288675
Yelahanka New Town,960.0,2.0,50.0,2.0,5208.333333333333
other,1110.0,2.0,52.0,2.0,4684.684684684685
Arekere,2400.0,3.0,180.0,3.0,7500.0
other,11000.0,5.0,2000.0,4.0,18181.81818181818
other,1350.0,3.0,48.6,3.0,3600.0
Horamavu Banaswadi,1254.0,2.0,47.0,2.0,3748.006379585327
Haralur Road,1255.0,3.0,115.0,3.0,9163.346613545817
other,1200.0,3.0,205.0,3.0,17083.333333333332
Uttarahalli,1099.0,2.0,65.0,2.0,5914.467697907188
Hebbal,2650.0,4.0,199.0,3.0,7509.433962264151
other,2000.0,2.0,160.0,4.0,8000.0
Yeshwanthpur,1541.0,2.0,130.0,2.0,8436.080467229072
Sarjapur Road,1200.0,3.0,70.0,3.0,5833.333333333333
other,834.0,1.0,62.0,1.0,7434.052757793765
Gollarapalya Hosahalli,1320.0,3.0,60.0,3.0,4545.454545454545
Malleshpalya,1200.0,3.0,149.0,3.0,12416.666666666666
other,1000.0,7.0,160.0,8.0,16000.0
Whitefield,4400.0,5.0,500.0,4.0,11363.636363636364
other,600.0,1.0,52.0,1.0,8666.666666666666
Whitefield,1180.0,2.0,70.0,2.0,5932.203389830508
Kadugodi,1010.0,2.0,50.0,2.0,4950.495049504951
Channasandra,1070.0,2.0,38.0,2.0,3551.4018691588785
Choodasandra,1580.0,3.0,105.0,3.0,6645.569620253164
Green Glen Layout,2000.0,3.0,165.0,3.0,8250.0
Iblur Village,1920.0,3.0,130.0,3.0,6770.833333333333
Hulimavu,1430.0,2.0,90.0,3.0,6293.706293706294
Uttarahalli,1215.0,2.0,52.85,3.0,4349.794238683127
Domlur,650.0,1.0,70.0,1.0,10769.23076923077
Thanisandra,1564.0,3.0,105.0,3.0,6713.5549872122765
other,800.0,2.0,52.0,3.0,6500.0
Hormavu,750.0,2.0,58.0,2.0,7733.333333333333
other,2000.0,4.0,135.0,4.0,6750.0
other,2750.0,3.0,260.0,3.0,9454.545454545454
other,2400.0,4.0,480.0,4.0,20000.0
Yelahanka,1650.0,3.0,105.0,3.0,6363.636363636364
1St Block Jayanagar,1235.0,2.0,148.0,2.0,11983.805668016194
other,900.0,5.0,100.0,6.0,11111.111111111111
Kengeri Satellite Town,985.0,2.0,42.0,2.0,4263.959390862944
Hebbal,3450.0,5.0,348.0,3.0,10086.95652173913
other,900.0,2.0,35.0,2.0,3888.8888888888887
Gottigere,2500.0,3.0,120.0,4.0,4800.0
Gm Palaya,1030.0,2.0,60.0,2.0,5825.242718446602
other,1000.0,2.0,46.0,2.0,4600.0
Sarjapur Road,3800.0,3.0,325.0,4.0,8552.631578947368
Kasavanhalli,4260.0,4.0,333.0,4.0,7816.901408450704
Brookefield,1950.0,6.0,175.0,5.0,8974.358974358975
Kanakapura,1283.0,2.0,68.0,2.0,5300.077942322681
Electronic City Phase Ii,875.0,2.0,40.0,3.0,4571.428571428572
other,1200.0,2.0,52.0,2.0,4333.333333333333
other,2700.0,3.0,500.0,3.0,18518.51851851852
Konanakunte,2400.0,2.0,180.0,3.0,7500.0
Panathur,1199.0,2.0,85.0,2.0,7089.241034195163
other,1280.0,2.0,90.0,2.0,7031.25
1St Block Jayanagar,2750.0,4.0,413.0,4.0,15018.181818181818
other,1190.0,2.0,55.0,2.0,4621.848739495798
Yelachenahalli,1100.0,2.0,60.0,2.0,5454.545454545455
other,2075.0,3.0,175.0,3.0,8433.734939759037
Harlur,1133.0,2.0,55.0,2.0,4854.368932038835
Somasundara Palya,2400.0,3.0,140.0,4.0,5833.333333333333
Horamavu Agara,1250.0,3.0,65.0,3.0,5200.0
other,1900.0,3.0,65.0,3.0,3421.0526315789475
Munnekollal,1080.0,2.0,45.0,2.0,4166.666666666667
Battarahalli,600.0,1.0,47.0,1.0,7833.333333333333
other,1240.0,4.0,180.0,3.0,14516.129032258064
Hrbr Layout,1335.0,2.0,87.0,3.0,6516.853932584269
Vittasandra,1246.0,2.0,67.3,2.0,5401.284109149277
Jp Nagar,3103.0,2.0,237.5,3.0,7653.88333870448
other,1578.0,3.0,73.9,3.0,4683.143219264893
Hsr Layout,1140.0,2.0,46.0,2.0,4035.0877192982457
other,1050.0,4.0,90.0,4.0,8571.42857142857
Vidyaranyapura,1120.0,2.0,70.0,2.0,6250.0
Electronic City,435.0,1.0,22.0,1.0,5057.471264367816
Old Madras Road,1480.0,3.0,95.0,3.0,6418.918918918919
Hsr Layout,1145.0,2.0,46.0,2.0,4017.467248908297
Bommasandra,800.0,1.0,32.0,2.0,4000.0
Thanisandra,1265.0,2.0,83.0,2.0,6561.264822134387
Devanahalli,1450.0,3.0,88.2,3.0,6082.758620689655
other,1475.0,2.0,70.0,2.0,4745.762711864407
Btm 2Nd Stage,1265.0,2.0,55.0,2.0,4347.826086956522
Anandapura,1200.0,2.0,58.0,2.0,4833.333333333333
1St Phase Jp Nagar,2180.0,3.0,210.0,3.0,9633.02752293578
Brookefield,1080.0,2.0,50.0,2.0,4629.62962962963
Whitefield,2023.0,4.0,130.0,3.0,6426.099851705388
other,2400.0,2.0,125.0,2.0,5208.333333333333
Kadubeesanahalli,1545.0,2.0,66.0,3.0,4271.844660194175
Kalena Agrahara,1804.0,3.0,166.0,3.0,9201.773835920178
other,1200.0,2.0,200.0,2.0,16666.666666666668
Hoodi,1108.0,2.0,74.23,2.0,6699.458483754513
Marathahalli,1730.0,3.0,115.0,3.0,6647.398843930636
other,1427.0,2.0,70.0,3.0,4905.395935529082
Ananth Nagar,960.0,2.0,37.0,2.0,3854.1666666666665
Brookefield,1230.0,2.0,55.0,2.0,4471.544715447155
Mahadevpura,1438.0,2.0,89.0,2.0,6189.151599443671
Hebbal Kempapura,1200.0,3.0,125.0,3.0,10416.666666666666
Marathahalli,1200.0,1.0,103.0,2.0,8583.333333333334
other,1350.0,3.0,68.0,3.0,5037.037037037037
Kaggadasapura,1560.0,2.0,72.0,3.0,4615.384615384615
Mallasandra,1810.0,3.0,57.0,4.0,3149.171270718232
other,2274.24,4.0,160.0,3.0,7035.317292809907
Sonnenahalli,1484.0,3.0,74.18,3.0,4998.652291105122
Indira Nagar,1650.0,3.0,220.0,3.0,13333.333333333334
other,1455.0,2.0,55.0,3.0,3780.0687285223366
Thanisandra,2280.0,4.0,184.0,3.0,8070.175438596491
other,4900.0,5.0,980.0,5.0,20000.0
Frazer Town,2079.0,3.0,220.0,3.0,10582.010582010582
Bharathi Nagar,1351.0,2.0,74.0,2.0,5477.424130273871
Whitefield,3589.0,5.0,400.0,4.0,11145.165784341041
Channasandra,1800.0,4.0,300.0,4.0,16666.666666666668
Giri Nagar,1120.0,4.0,175.0,4.0,15625.0
Sarjapur Road,984.0,2.0,55.0,2.0,5589.430894308943
other,900.0,3.0,105.0,2.0,11666.666666666666
Ramamurthy Nagar,1350.0,5.0,120.0,5.0,8888.888888888889
Bhoganhalli,1447.0,2.0,75.97,2.0,5250.172771250864
Margondanahalli,1140.0,2.0,60.0,2.0,5263.1578947368425
other,1160.0,2.0,46.39,2.0,3999.137931034483
Kanakpura Road,1296.0,2.0,89.0,2.0,6867.283950617284
other,1570.0,3.0,80.0,3.0,5095.541401273886
Nagappa Reddy Layout,1495.0,2.0,65.0,3.0,4347.826086956522
Rajaji Nagar,900.0,4.0,140.0,5.0,15555.555555555555
Bellandur,1088.0,2.0,48.0,2.0,4411.764705882353
Hosa Road,1533.0,3.0,98.18,3.0,6404.4357469015
Rachenahalli,1100.0,2.0,68.0,2.0,6181.818181818182
Hebbal,1244.0,3.0,48.0,2.0,3858.520900321543
Hosa Road,1040.0,2.0,68.59,2.0,6595.192307692308
other,1034.0,6.0,101.0,6.0,9767.891682785299
Thigalarapalya,1245.0,2.0,100.0,2.0,8032.128514056225
other,1350.0,3.0,75.0,3.0,5555.555555555556
other,1464.0,3.0,56.0,3.0,3825.136612021858
other,2300.0,7.0,160.0,6.0,6956.521739130435
Yelahanka New Town,2095.0,3.0,109.0,4.0,5202.863961813842
Begur Road,1100.0,2.0,71.42,2.0,6492.727272727273
Harlur,1756.0,3.0,128.0,3.0,7289.293849658315
Bommasandra,1280.0,3.0,50.0,3.0,3906.25
Kenchenahalli,1200.0,3.0,125.0,4.0,10416.666666666666
Whitefield,2134.0,4.0,118.0,3.0,5529.522024367385
Hosa Road,1369.1,2.0,98.0,2.0,7157.986998758309
Subramanyapura,600.0,3.0,69.0,3.0,11500.0
other,1313.0,4.0,150.0,3.0,11424.219345011425
other,2515.0,4.0,155.0,3.0,6163.021868787277
Basapura,1440.0,3.0,72.0,3.0,5000.0
Hebbal,1800.0,3.0,140.0,3.0,7777.777777777777
Kudlu,1600.0,3.0,79.0,3.0,4937.5
Gm Palaya,1000.0,2.0,35.0,2.0,3500.0
Cunningham Road,2275.0,3.0,285.0,3.0,12527.472527472528
Binny Pete,1740.0,3.0,150.0,3.0,8620.689655172413
Benson Town,1567.0,3.0,140.0,2.0,8934.269304403319
other,1200.0,2.0,56.0,2.0,4666.666666666667
Begur,3500.0,4.0,185.0,3.0,5285.714285714285
Dasarahalli,1220.0,2.0,52.0,2.0,4262.295081967213
Binny Pete,1970.0,3.0,164.0,3.0,8324.873096446701
other,2665.0,3.0,350.0,3.0,13133.208255159474
Kanakapura,2130.0,4.0,120.0,4.0,5633.802816901409
Harlur,1749.0,3.0,120.0,3.0,6861.06346483705
Subramanyapura,1260.0,2.0,108.0,2.0,8571.42857142857
other,1670.0,3.0,75.0,3.0,4491.017964071856
Hennur Road,2264.0,3.0,168.0,3.0,7420.494699646643
other,3500.0,5.0,450.0,4.0,12857.142857142857
Begur,1100.0,2.0,55.0,2.0,5000.0
Chandapura,674.0,1.0,19.9,2.0,2952.522255192878
Koramangala,1320.0,2.0,160.0,2.0,12121.212121212122
Electronics City Phase 1,1125.0,2.0,65.0,2.0,5777.777777777777
Nagavara,1125.0,2.0,44.5,2.0,3955.5555555555557
other,700.0,2.0,29.0,2.0,4142.857142857143
Btm Layout,1300.0,2.0,75.0,3.0,5769.2307692307695
Magadi Road,1052.0,2.0,60.0,3.0,5703.42205323194
other,1140.0,3.0,145.0,4.0,12719.298245614034
Devarachikkanahalli,1130.0,2.0,36.0,2.0,3185.8407079646017
other,1140.0,3.0,225.0,4.0,19736.842105263157
Btm 2Nd Stage,2200.0,3.0,220.0,3.0,10000.0
Electronic City,1500.0,2.0,63.0,3.0,4200.0
Gottigere,1230.0,2.0,52.0,3.0,4227.642276422765
Haralur Road,1520.0,2.0,85.0,3.0,5592.105263157895
Kanakpura Road,525.0,1.0,26.25,1.0,5000.0
Hosa Road,1040.0,2.0,61.0,2.0,5865.384615384615
other,1300.0,2.0,67.0,3.0,5153.846153846154
Domlur,780.0,1.0,70.0,1.0,8974.358974358975
Nagavarapalya,646.0,1.0,25.84,1.0,4000.0
Cox Town,1600.0,3.0,150.0,3.0,9375.0
Kadugodi,1890.0,4.0,125.0,3.0,6613.756613756614
other,1200.0,4.0,100.0,6.0,8333.333333333334
Naganathapura,1200.0,6.0,86.0,5.0,7166.666666666667
Green Glen Layout,1970.0,3.0,160.0,3.0,8121.827411167513
Balagere,1007.0,2.0,67.0,2.0,6653.4260178748755
Doddathoguru,1105.0,2.0,50.0,2.0,4524.886877828054
Lakshminarayana Pura,1700.0,3.0,150.0,3.0,8823.529411764706
Chandapura,1080.0,2.0,45.0,2.0,4166.666666666667
other,1200.0,2.0,54.0,2.0,4500.0
other,600.0,4.0,87.0,4.0,14500.0
Kr Puram,1040.0,2.0,50.0,2.0,4807.692307692308
other,1215.0,2.0,49.75,3.0,4094.650205761317
Nri Layout,2150.0,4.0,115.0,4.0,5348.837209302325
Hoodi,1100.0,4.0,120.0,4.0,10909.09090909091
Panathur,1210.0,2.0,77.0,2.0,6363.636363636364
other,1050.0,2.0,55.0,2.0,5238.0952380952385
other,600.0,3.0,70.0,3.0,11666.666666666666
Iblur Village,1920.0,3.0,150.0,3.0,7812.5
Malleshpalya,1421.0,2.0,90.0,2.0,6333.56790992259
other,1050.0,4.0,155.0,6.0,14761.904761904761
Whitefield,905.0,1.0,60.0,1.0,6629.834254143647
other,1258.0,2.0,58.0,2.0,4610.492845786964
Cv Raman Nagar,1100.0,4.0,220.0,4.0,20000.0
Hormavu,3500.0,4.0,289.0,4.0,8257.142857142857
other,2400.0,6.0,450.0,7.0,18750.0
Ramagondanahalli,4200.0,4.0,800.0,4.0,19047.619047619046
other,2400.0,5.0,300.0,6.0,12500.0
Hosur Road,2000.0,4.0,69.0,4.0,3450.0
other,3000.0,4.0,130.0,8.0,4333.333333333333
Kumaraswami Layout,2600.0,4.0,325.0,4.0,12500.0
Banashankari Stage Iii,1304.0,2.0,111.0,2.0,8512.269938650306
7Th Phase Jp Nagar,2100.0,3.0,200.0,3.0,9523.809523809523
Budigere,1636.0,3.0,85.0,3.0,5195.59902200489
Green Glen Layout,1728.0,3.0,125.0,3.0,7233.7962962962965
7Th Phase Jp Nagar,1680.0,3.0,125.0,3.0,7440.476190476191
other,1235.0,2.0,140.0,2.0,11336.032388663967
Yelachenahalli,900.0,2.0,115.0,4.0,12777.777777777777
Yelahanka,3990.0,4.0,260.0,4.0,6516.290726817043
Hennur Road,1500.0,5.0,175.0,5.0,11666.666666666666
Kanakpura Road,381.0,1.0,28.0,1.0,7349.081364829396
other,3301.8,5.0,570.0,4.0,17263.310921315646
Hennur Road,2002.0,3.0,120.0,3.0,5994.005994005994
other,3200.0,3.0,260.0,3.0,8125.0
Banjara Layout,1200.0,2.0,70.0,2.0,5833.333333333333
Sarjapur Road,1500.0,3.0,235.0,4.0,15666.666666666666
Bommasandra,1942.0,3.0,90.0,3.0,4634.3975283213185
Thyagaraja Nagar,660.0,1.0,95.0,1.0,14393.939393939394
Banashankari Stage Iii,1200.0,6.0,170.0,4.0,14166.666666666666
other,1450.0,3.0,90.0,3.0,6206.896551724138
Old Madras Road,1210.0,2.0,80.0,2.0,6611.570247933884
Yelahanka,1620.0,3.0,90.0,3.0,5555.555555555556
Choodasandra,3204.0,4.0,395.0,3.0,12328.339575530586
Hebbal Kempapura,3408.0,3.0,260.0,3.0,7629.107981220657
Bisuvanahalli,945.0,2.0,33.0,2.0,3492.063492063492
Nehru Nagar,1374.0,3.0,72.0,3.0,5240.174672489083
Kanakpura Road,1603.0,3.0,113.0,3.0,7049.282595134124
Kengeri,1230.0,2.0,52.0,3.0,4227.642276422765
Basavangudi,670.0,1.0,50.0,1.0,7462.686567164179
Kr Puram,1500.0,7.0,382.0,8.0,25466.666666666668
Electronic City,770.0,1.0,39.9,2.0,5181.818181818182
Dairy Circle,3754.0,6.0,480.0,4.0,12786.361214704315
Dodsworth Layout,1893.0,3.0,115.0,3.0,6075.0132065504495
other,600.0,3.0,65.0,4.0,10833.333333333334
Electronics City Phase 1,1550.0,2.0,82.0,3.0,5290.322580645161
other,600.0,4.0,100.0,3.0,16666.666666666668
Brookefield,1200.0,2.0,75.0,2.0,6250.0
Sarjapur,1044.0,2.0,32.0,2.0,3065.1340996168583
Cunningham Road,3489.0,3.0,662.0,3.0,18973.91802808828
other,2400.0,6.0,98.0,6.0,4083.3333333333335
other,1250.0,2.0,43.0,2.0,3440.0
Vijayanagar,2400.0,6.0,125.0,5.0,5208.333333333333
Kr Puram,4166.0,5.0,560.0,5.0,13442.150744119059
Lakshminarayana Pura,1210.0,2.0,75.0,2.0,6198.347107438017
8Th Phase Jp Nagar,1200.0,3.0,110.0,4.0,9166.666666666666
Kalena Agrahara,1450.0,3.0,100.0,3.0,6896.551724137931
Old Madras Road,1859.0,3.0,121.0,3.0,6508.87573964497
Rajaji Nagar,1763.0,3.0,262.0,2.0,14861.032331253546
other,1200.0,2.0,100.0,3.0,8333.333333333334
Thanisandra,763.0,1.0,35.285,1.0,4624.508519003931
Narayanapura,1308.0,2.0,89.04,2.0,6807.339449541284
Hennur Road,1232.0,2.0,69.6,2.0,5649.350649350648
Kalyan Nagar,1250.0,2.0,65.0,2.0,5200.0
other,900.0,6.0,170.0,6.0,18888.88888888889
Kr Puram,960.0,4.0,80.0,4.0,8333.333333333334
Akshaya Nagar,1434.0,3.0,84.0,3.0,5857.740585774059
Doddathoguru,925.0,2.0,30.0,2.0,3243.2432432432433
Jakkur,1858.0,3.0,123.0,3.0,6620.021528525296
other,1205.0,2.0,70.0,2.0,5809.128630705394
other,1500.0,3.0,90.0,3.0,6000.0
other,1200.0,3.0,200.0,3.0,16666.666666666668
7Th Phase Jp Nagar,1800.0,6.0,270.0,5.0,15000.0
other,1200.0,4.0,90.0,6.0,7500.0
Kundalahalli,1724.0,3.0,125.0,3.0,7250.580046403712
Yelahanka,654.0,1.0,36.25,1.0,5542.813455657492
Chikkabanavar,2460.0,7.0,80.0,4.0,3252.032520325203
other,1190.0,2.0,41.0,2.0,3445.378151260504
other,1200.0,5.0,180.0,7.0,15000.0
Budigere,1636.0,3.0,92.0,3.0,5623.471882640587
Hennur Road,1195.0,2.0,73.0,2.0,6108.786610878661
Nagavara,2400.0,3.0,251.0,3.0,10458.333333333334
other,1250.0,2.0,67.0,2.0,5360.0
Whitefield,1452.0,3.0,90.0,3.0,6198.347107438017
Thanisandra,1546.0,3.0,95.0,3.0,6144.890038809832
Indira Nagar,1440.0,3.0,275.0,3.0,19097.222222222223
Naganathapura,2260.0,3.0,80.0,2.0,3539.8230088495575
other,2700.0,3.0,90.0,4.0,3333.3333333333335
Indira Nagar,1475.0,2.0,171.0,2.0,11593.22033898305
other,375.0,1.0,26.0,1.0,6933.333333333333
Balagere,1007.0,2.0,66.0,2.0,6554.121151936445
Hennur Road,1020.0,2.0,47.0,2.0,4607.843137254902
other,1000.0,2.0,150.0,2.0,15000.0
other,800.0,3.0,59.5,2.0,7437.5
other,1200.0,3.0,95.0,5.0,7916.666666666667
Kudlu Gate,1150.0,9.0,140.0,9.0,12173.91304347826
other,909.0,2.0,43.0,3.0,4730.47304730473
Whitefield,2850.0,5.0,240.0,4.0,8421.052631578947
Dodsworth Layout,1400.0,2.0,85.0,2.0,6071.428571428572
Kadugodi,1152.0,2.0,61.0,2.0,5295.138888888889
Subramanyapura,958.0,2.0,34.49,2.0,3600.2087682672236
Old Madras Road,2990.0,5.0,173.0,3.0,5785.953177257525
Bellandur,1310.0,2.0,85.0,2.0,6488.5496183206105
Hosur Road,1590.0,2.0,126.0,3.0,7924.528301886792
Green Glen Layout,1645.0,3.0,110.0,3.0,6686.930091185411
other,1800.0,2.0,100.0,3.0,5555.555555555556
Thanisandra,1795.0,3.0,150.0,3.0,8356.545961002785
Thanisandra,620.0,1.0,38.535,1.0,6215.32258064516
Kalkere,925.0,2.0,70.0,2.0,7567.5675675675675
Konanakunte,3746.0,6.0,375.0,4.0,10010.6780565937
Bommanahalli,1020.0,2.0,55.0,2.0,5392.156862745098
other,750.0,2.0,42.0,4.0,5600.0
Anekal,967.0,2.0,45.0,3.0,4653.567735263702
Hebbal,2470.0,4.0,203.0,4.0,8218.623481781377
other,850.0,1.0,35.5,2.0,4176.470588235294
other,1100.0,2.0,32.0,2.0,2909.090909090909
Thanisandra,1697.0,3.0,110.0,3.0,6482.027106658809
Nri Layout,1200.0,4.0,95.0,4.0,7916.666666666667
Hennur Road,5100.0,6.0,375.0,5.0,7352.941176470588
other,2400.0,3.0,480.0,4.0,20000.0
Hebbal,1200.0,2.0,52.0,2.0,4333.333333333333
Devarachikkanahalli,1417.0,2.0,76.0,3.0,5363.443895553987
Thanisandra,1492.0,3.0,88.0,3.0,5898.123324396783
Devanahalli,1498.0,3.0,79.15,3.0,5283.711615487317
other,3500.0,2.0,350.0,4.0,10000.0
Hennur,1255.0,2.0,53.5,2.0,4262.948207171315
Channasandra,1050.0,2.0,35.0,2.0,3333.3333333333335
Hegde Nagar,1847.0,3.0,125.0,3.0,6767.73145641581
other,1200.0,2.0,55.0,2.0,4583.333333333333
Hegde Nagar,2144.6,4.0,145.0,3.0,6761.167583698592
Kengeri,750.0,2.0,36.5,2.0,4866.666666666667
other,1480.0,3.0,74.0,3.0,5000.0
Tindlu,1180.0,2.0,52.0,2.0,4406.779661016949
other,2100.0,4.0,255.0,3.0,12142.857142857143
Thanisandra,2072.0,3.0,122.0,3.0,5888.030888030888
Rajaji Nagar,1640.0,3.0,220.0,3.0,13414.634146341463
Kaikondrahalli,1253.0,2.0,81.5,2.0,6504.38946528332
Hennur Road,1061.0,2.0,54.92,2.0,5176.248821866164
Marathahalli,1950.0,3.0,115.0,3.0,5897.4358974358975
Kammasandra,1015.0,2.0,37.0,2.0,3645.320197044335
Begur Road,2462.0,6.0,118.0,4.0,4792.85134037368
other,400.0,1.0,35.0,1.0,8750.0
Kasavanhalli,4000.0,4.0,325.0,4.0,8125.0
Hebbal,3900.0,4.0,410.0,4.0,10512.820512820514
Old Madras Road,1300.0,2.0,100.0,2.0,7692.307692307692
other,1310.0,2.0,55.0,3.0,4198.473282442748
Thigalarapalya,2072.0,4.0,152.0,3.0,7335.907335907336
Kaggadasapura,1240.0,2.0,58.58,2.0,4724.193548387097
Chamrajpet,1565.0,3.0,98.91,3.0,6320.127795527156
Kr Puram,3657.0,5.0,310.0,5.0,8476.89362865737
Gm Palaya,1315.0,3.0,65.0,3.0,4942.9657794676805
Kenchenahalli,1410.0,2.0,73.0,3.0,5177.304964539007
Dasarahalli,1375.0,2.0,60.0,2.0,4363.636363636364
Old Madras Road,1299.0,2.0,95.0,2.0,7313.317936874519
other,993.0,2.0,45.5,2.0,4582.074521651561
Bommasandra Industrial Area,1200.0,3.0,45.0,2.0,3750.0
other,985.0,2.0,156.0,2.0,15837.56345177665
other,2400.0,5.0,180.0,4.0,7500.0
Hebbal,1255.0,2.0,95.0,3.0,7569.721115537848
Hoodi,1655.0,3.0,131.0,3.0,7915.407854984895
Whitefield,2830.0,5.0,190.0,4.0,6713.780918727915
other,6000.0,1.0,276.0,1.0,4600.0
other,825.0,2.0,40.0,1.0,4848.484848484848
Begur Road,1634.0,3.0,111.0,3.0,6793.145654834761
Kogilu,1200.0,6.0,105.0,8.0,8750.0
Banaswadi,1222.0,2.0,80.0,2.0,6546.6448445171845
Gottigere,1500.0,3.0,63.0,3.0,4200.0
Akshaya Nagar,1890.0,4.0,100.0,3.0,5291.005291005291
Hegde Nagar,3750.0,6.0,375.0,4.0,10000.0
Whitefield,1295.0,2.0,78.5,2.0,6061.776061776061
Sarjapur Road,1320.0,2.0,100.0,2.0,7575.757575757576
Isro Layout,950.0,3.0,179.0,4.0,18842.105263157893
Hebbal,1200.0,4.0,225.0,4.0,18750.0
Harlur,1197.0,2.0,82.0,2.0,6850.459482038429
other,1320.0,2.0,60.0,3.0,4545.454545454545
Billekahalli,1180.0,5.0,98.5,5.0,8347.457627118643
Whitefield,840.0,1.0,57.6,1.0,6857.142857142857
Whitefield,540.0,1.0,19.83,1.0,3672.2222222222217
Raja Rajeshwari Nagar,1693.0,3.0,71.38,3.0,4216.184288245718
Kodihalli,1000.0,2.0,62.0,2.0,6200.0
Babusapalaya,1305.0,2.0,70.0,2.0,5363.984674329502
Kodichikkanahalli,450.0,1.0,18.0,1.0,4000.0
Cv Raman Nagar,705.0,1.0,57.0,1.0,8085.106382978724
other,750.0,6.0,75.0,4.0,10000.0
Tumkur Road,4800.0,5.0,150.0,5.0,3125.0
other,5000.0,5.0,600.0,4.0,12000.0
Gubbalala,5000.0,4.0,425.0,4.0,8500.0
Whitefield,1991.0,3.0,104.0,3.0,5223.505775991964
Battarahalli,1779.0,3.0,90.0,3.0,5059.02192242833
Whitefield,10200.0,4.0,1250.0,4.0,12254.901960784313
Banaswadi,870.0,2.0,38.0,2.0,4367.816091954023
Thanisandra,1595.0,3.0,120.0,3.0,7523.510971786834
Kanakpura Road,525.0,1.0,26.0,1.0,4952.380952380952
Ramamurthy Nagar,945.0,5.0,120.0,4.0,12698.412698412698
other,2400.0,4.0,420.0,6.0,17500.0
Iblur Village,2000.0,4.0,138.0,3.0,6900.0
Yelahanka,1614.0,3.0,93.0,3.0,5762.081784386617
Electronic City Phase Ii,1150.0,3.0,46.0,3.0,4000.0
Indira Nagar,3200.0,4.0,440.0,4.0,13750.0
Sonnenahalli,1610.0,3.0,80.48,3.0,4998.757763975155
other,1050.0,2.0,50.0,2.0,4761.9047619047615
other,4800.0,5.0,420.0,4.0,8750.0
7Th Phase Jp Nagar,1460.0,2.0,97.0,3.0,6643.835616438356
other,3400.0,3.0,400.0,3.0,11764.70588235294
Naganathapura,600.0,1.0,33.0,1.0,5500.0
other,1569.0,3.0,70.0,3.0,4461.440407903123
other,2600.0,3.0,147.0,3.0,5653.846153846154
Electronics City Phase 1,645.0,1.0,42.5,1.0,6589.147286821705
other,1200.0,3.0,180.0,4.0,15000.0
Nagarbhavi,800.0,3.0,95.0,3.0,11875.0
other,800.0,2.0,80.0,2.0,10000.0
Marathahalli,1350.0,2.0,90.0,2.0,6666.666666666667
Btm 2Nd Stage,2780.0,4.0,325.0,3.0,11690.647482014389
other,1410.0,2.0,45.12,3.0,3200.0
other,800.0,1.0,72.0,1.0,9000.0
Bannerghatta Road,1215.0,2.0,68.0,2.0,5596.707818930041
Basaveshwara Nagar,1230.0,6.0,250.0,8.0,20325.20325203252
Prithvi Layout,2273.0,4.0,192.0,3.0,8446.986361636604
Varthur Road,1255.0,2.0,52.76,2.0,4203.98406374502
other,1020.0,2.0,49.0,2.0,4803.921568627451
other,1225.0,2.0,82.0,3.0,6693.877551020408
other,2400.0,5.0,625.0,5.0,26041.666666666668
Kasavanhalli,1225.0,2.0,69.0,3.0,5632.65306122449
Indira Nagar,4000.0,4.0,700.0,4.0,17500.0
Sarjapur Road,1984.0,4.0,145.0,3.0,7308.467741935484
Old Madras Road,2425.0,3.0,197.0,3.0,8123.711340206186
Itpl,1200.0,3.0,56.12,3.0,4676.666666666667
Bommasandra,1127.0,2.0,45.0,2.0,3992.9015084294588
Whitefield,1655.0,3.0,97.0,3.0,5861.027190332326
Ananth Nagar,500.0,1.0,14.0,1.0,2800.0
Varthur,1200.0,3.0,68.38,3.0,5698.333333333333
Kaggadasapura,1000.0,2.0,43.0,2.0,4300.0
Nagarbhavi,600.0,5.0,95.0,4.0,15833.333333333334
Sahakara Nagar,1175.0,2.0,49.0,2.0,4170.212765957447
other,655.0,1.0,27.0,1.0,4122.137404580153
Hosa Road,1311.0,2.0,84.86,3.0,6472.921434019832
Banashankari Stage Vi,600.0,4.0,90.0,3.0,15000.0
other,1196.0,2.0,96.0,2.0,8026.755852842809
Kanakpura Road,1050.0,2.0,59.0,3.0,5619.047619047619
other,927.0,2.0,50.0,2.0,5393.743257820927
other,2400.0,5.0,395.0,4.0,16458.333333333332
Hebbal,1333.0,2.0,104.0,2.0,7801.950487621905
other,600.0,1.0,18.0,1.0,3000.0
Abbigere,1326.0,2.0,34.8,3.0,2624.434389140271
Sarjapur Road,1618.0,2.0,85.125,3.0,5261.124845488257
Koramangala,1370.0,2.0,125.0,2.0,9124.087591240876
Koramangala,1100.0,2.0,85.0,2.0,7727.272727272727
Haralur Road,1650.0,3.0,100.0,3.0,6060.606060606061
Kasavanhalli,1917.0,3.0,132.0,3.0,6885.758998435055
other,780.0,3.0,75.0,3.0,9615.384615384615
Billekahalli,950.0,2.0,58.11,2.0,6116.8421052631575
other,1175.0,2.0,48.72,2.0,4146.382978723404
Kalena Agrahara,1804.0,3.0,175.0,3.0,9700.665188470066
Sarjapur,650.0,1.0,19.87,1.0,3056.923076923077
Whitefield,1850.0,3.0,150.0,3.0,8108.108108108108
other,2800.0,4.0,200.0,4.0,7142.857142857143
Vidyaranyapura,945.0,2.0,40.0,2.0,4232.804232804233
Koramangala,1161.0,2.0,63.85,2.0,5499.569336778639
other,750.0,2.0,28.0,2.0,3733.3333333333335
Whitefield,1200.0,3.0,67.77,3.0,5647.5
other,1000.0,2.0,45.0,2.0,4500.0
Nagavara,1315.0,2.0,70.0,2.0,5323.19391634981
Sahakara Nagar,1370.0,2.0,90.0,3.0,6569.343065693431
Ulsoor,1200.0,4.0,150.0,5.0,12500.0
Bellandur,1465.0,3.0,90.0,2.0,6143.344709897611
Electronic City,1128.0,2.0,64.0,2.0,5673.758865248227
Hebbal,1645.0,3.0,117.0,3.0,7112.462006079028
Horamavu Agara,1284.0,2.0,75.0,3.0,5841.121495327103
Hebbal,2600.0,3.0,199.0,3.0,7653.846153846154
Kodigehalli,1820.0,3.0,150.0,3.0,8241.758241758242
Haralur Road,1580.0,3.0,73.0,3.0,4620.2531645569625
Akshaya Nagar,2650.0,3.0,125.0,3.0,4716.981132075472
Bannerghatta Road,1215.0,2.0,68.0,2.0,5596.707818930041
Bisuvanahalli,845.0,2.0,30.0,2.0,3550.2958579881656
Sarjapur,3508.0,6.0,385.5,4.0,10989.167616875713
other,800.0,2.0,85.0,2.0,10625.0
Panathur,1199.0,2.0,85.0,2.0,7089.241034195163
Gunjur,1175.0,2.0,43.48,2.0,3700.425531914894
Sahakara Nagar,2400.0,3.0,270.0,3.0,11250.0
Bellandur,1767.0,3.0,109.0,3.0,6168.647425014148
Talaghattapura,1856.0,3.0,135.0,3.0,7273.706896551724
R.T. Nagar,1200.0,3.0,140.0,3.0,11666.666666666666
Jakkur,6830.0,5.0,795.0,4.0,11639.824304538799
Whitefield,1290.0,2.0,90.0,2.0,6976.7441860465115
other,985.0,2.0,57.0,2.0,5786.802030456853
other,1200.0,4.0,200.0,4.0,16666.666666666668
other,3600.0,7.0,160.0,7.0,4444.444444444444
other,600.0,2.0,80.0,2.0,13333.333333333334
other,2400.0,4.0,600.0,4.0,25000.0
other,1503.0,2.0,93.0,3.0,6187.624750499002
Ambedkar Nagar,1850.0,4.0,120.0,3.0,6486.486486486487
other,1200.0,2.0,61.0,2.0,5083.333333333333
other,1000.0,7.0,250.0,7.0,25000.0
Domlur,2180.0,3.0,285.0,3.0,13073.394495412844
Itpl,1200.0,3.0,56.12,3.0,4676.666666666667
other,1500.0,2.0,52.0,3.0,3466.6666666666665
other,1200.0,3.0,180.0,5.0,15000.0
Thanisandra,1880.0,3.0,120.0,3.0,6382.978723404255
Padmanabhanagar,1150.0,2.0,45.0,2.0,3913.0434782608695
Kasavanhalli,4408.0,4.0,344.0,4.0,7803.992740471869
Kumaraswami Layout,600.0,6.0,100.0,6.0,16666.666666666668
other,750.0,4.0,95.0,4.0,12666.666666666666
Karuna Nagar,1962.0,3.0,175.0,3.0,8919.469928644241
2Nd Stage Nagarbhavi,1200.0,4.0,240.0,5.0,20000.0
other,1765.0,3.0,77.27,3.0,4377.903682719547
Bannerghatta Road,1894.0,3.0,115.0,3.0,6071.805702217529
Ramamurthy Nagar,960.0,2.0,138.0,4.0,14375.0
other,1768.0,3.0,95.0,3.0,5373.303167420814
Kothanur,1790.0,3.0,97.0,3.0,5418.994413407821
other,3500.0,5.0,800.0,4.0,22857.14285714286
Kengeri,2540.0,4.0,160.0,4.0,6299.212598425197
Jakkur,2249.81,2.0,229.0,4.0,10178.637307150382
other,1200.0,6.0,115.0,7.0,9583.333333333334
Mysore Road,1568.0,2.0,100.0,3.0,6377.551020408163
Devanahalli,4900.0,4.0,393.5,4.0,8030.6122448979595
Aecs Layout,1308.0,2.0,60.0,2.0,4587.155963302752
other,3060.0,4.0,350.0,4.0,11437.908496732027
other,800.0,1.0,32.0,1.0,4000.0
Bisuvanahalli,873.0,2.0,40.0,3.0,4581.901489117984
other,3000.0,6.0,145.0,7.0,4833.333333333333
other,1200.0,4.0,235.0,4.0,19583.333333333332
Subramanyapura,958.0,2.0,33.53,2.0,3500.0
Thigalarapalya,2072.0,4.0,160.0,3.0,7722.007722007722
Talaghattapura,2273.0,3.0,159.0,3.0,6995.160580730312
Banashankari Stage Vi,600.0,3.0,90.0,3.0,15000.0
Thanisandra,760.0,1.0,50.0,1.0,6578.9473684210525
Dommasandra,1090.0,2.0,43.5,2.0,3990.8256880733943
Thigalarapalya,2072.0,4.0,155.0,3.0,7480.694980694981
Bellandur,2666.0,3.0,230.0,3.0,8627.156789197299
Sarjapur Road,1550.0,2.0,89.0,3.0,5741.935483870968
Electronic City,1070.0,2.0,53.0,2.0,4953.271028037383
Judicial Layout,2330.0,3.0,94.71,4.0,4064.8068669527897
Raja Rajeshwari Nagar,3600.0,9.0,240.0,9.0,6666.666666666667
other,600.0,1.0,35.0,1.0,5833.333333333333
Magadi Road,1200.0,3.0,98.0,3.0,8166.666666666667
Budigere,1149.0,2.0,65.0,2.0,5657.093124456049
Jakkur,1610.0,2.0,98.485,3.0,6117.080745341615
Choodasandra,3200.0,4.0,375.0,4.0,11718.75
other,1010.0,2.0,55.0,2.0,5445.544554455446
Hegde Nagar,1718.0,3.0,119.0,3.0,6926.6589057043075
other,650.0,1.0,20.0,2.0,3076.923076923077
Hormavu,1200.0,2.0,68.0,2.0,5666.666666666667
Bannerghatta Road,1693.0,3.0,89.0,3.0,5256.940342587123
Koramangala,1249.0,2.0,165.0,2.0,13210.56845476381
Thanisandra,1800.0,4.0,125.0,3.0,6944.444444444444
Margondanahalli,900.0,2.0,55.0,2.0,6111.111111111111
Ngr Layout,1020.0,2.0,46.0,2.0,4509.803921568628
Panathur,661.0,1.0,40.0,1.0,6051.437216338881
other,1000.0,4.0,90.0,5.0,9000.0
Hosur Road,1170.0,2.0,48.0,2.0,4102.5641025641025
Thanisandra,933.0,2.0,58.0,1.0,6216.505894962486
Benson Town,3633.0,6.0,550.0,4.0,15139.003578309937
Banjara Layout,1050.0,2.0,64.8,2.0,6171.428571428572
other,1080.0,2.0,37.8,2.0,3499.9999999999995
Harlur,1303.0,2.0,90.0,2.0,6907.137375287797
Nagarbhavi,2500.0,3.0,180.0,5.0,7200.0
Akshaya Nagar,1419.0,2.0,87.0,3.0,6131.0782241014795
Electronics City Phase 1,755.0,1.0,45.4,1.0,6013.245033112583
Electronics City Phase 1,1245.0,2.0,75.0,2.0,6024.096385542169
other,3978.0,4.0,428.0,4.0,10759.175465057819
Channasandra,1093.0,2.0,34.0,2.0,3110.704483074108
Hebbal,1345.0,2.0,97.0,2.0,7211.8959107806695
other,1500.0,2.0,45.0,2.0,3000.0
Ngr Layout,1020.0,2.0,48.45,2.0,4750.0
other,1800.0,3.0,85.0,3.0,4722.222222222223
Konanakunte,3621.0,4.0,511.0,4.0,14112.123722728527
other,2008.0,3.0,170.0,3.0,8466.135458167331
other,2095.0,3.0,142.0,3.0,6778.042959427207
Gunjur,1362.0,3.0,62.63,3.0,4598.384728340676
Yelahanka,694.0,1.0,30.84,1.0,4443.804034582133
Vittasandra,1404.0,2.0,70.0,2.0,4985.754985754986
Electronic City Phase Ii,1192.0,2.0,47.0,3.0,3942.953020134228
other,1850.0,12.0,300.0,8.0,16216.216216216217
Mahalakshmi Layout,1050.0,1.0,35.0,4.0,3333.3333333333335
Vittasandra,1259.0,2.0,67.48,2.0,5359.809372517871
Indira Nagar,850.0,1.0,60.0,1.0,7058.823529411765
Sarjapur Road,1900.0,4.0,180.0,3.0,9473.684210526315
Ambedkar Nagar,1367.0,2.0,86.0,2.0,6291.148500365764
other,1190.0,2.0,48.6,2.0,4084.0336134453783
Sarjapur,1175.0,2.0,42.0,2.0,3574.468085106383
R.T. Nagar,2800.0,4.0,400.0,4.0,14285.714285714286
Gubbalala,1435.0,2.0,80.0,3.0,5574.912891986062
Choodasandra,725.0,2.0,36.0,2.0,4965.517241379311
other,1600.0,2.0,88.0,3.0,5500.0
9Th Phase Jp Nagar,1200.0,5.0,160.0,5.0,13333.333333333334
Hosakerehalli,3205.0,4.0,300.0,4.0,9360.374414976599
Vishwapriya Layout,720.0,3.0,95.0,4.0,13194.444444444445
Nehru Nagar,1674.0,3.0,90.0,3.0,5376.344086021505
other,860.0,4.0,125.0,4.0,14534.883720930233
Kanakpura Road,1703.0,3.0,130.0,3.0,7633.587786259542
Whitefield,1216.0,2.0,75.0,2.0,6167.763157894737
Sarjapur Road,2425.0,5.0,201.0,4.0,8288.659793814433
Kothanur,2700.0,4.0,175.0,4.0,6481.481481481482
Kanakpura Road,1600.0,3.0,90.0,3.0,5625.0
Hosakerehalli,3033.0,4.0,326.0,4.0,10748.433893834488
Pai Layout,780.0,2.0,72.0,2.0,9230.76923076923
Banashankari Stage Ii,1250.0,2.0,110.0,2.0,8800.0
Horamavu Agara,1250.0,4.0,100.0,4.0,8000.0
other,1350.0,4.0,160.0,4.0,11851.851851851852
Laggere,620.0,2.0,48.0,1.0,7741.935483870968
Hennur Road,1020.0,2.0,45.0,2.0,4411.764705882353
Bhoganhalli,1181.7,2.0,100.0,2.0,8462.384700008462
other,1200.0,8.0,270.0,9.0,22500.0
Sarjapur Road,1691.0,3.0,113.0,3.0,6682.436428149024
Kr Puram,1200.0,4.0,83.0,4.0,6916.666666666667
Banaswadi,1200.0,2.0,60.0,2.0,5000.0
Old Airport Road,1050.0,2.0,50.0,2.0,4761.9047619047615
Whitefield,1356.0,2.0,94.84,2.0,6994.100294985251
Whitefield,1338.0,2.0,103.0,2.0,7698.056801195815
other,500.0,1.0,20.0,1.0,4000.0
other,1280.0,2.0,100.0,3.0,7812.5
other,11000.0,4.0,1600.0,4.0,14545.454545454546
Anekal,620.0,1.0,23.5,2.0,3790.3225806451615
Thanisandra,1917.0,3.0,110.0,3.0,5738.132498695879
Thubarahalli,2625.0,3.0,175.0,3.0,6666.666666666667
Sahakara Nagar,1100.0,2.0,55.0,2.0,5000.0
Hennur Road,2041.0,3.0,128.0,3.0,6271.435570798628
Sarjapur Road,2070.0,4.0,160.0,3.0,7729.468599033817
other,1650.0,3.0,110.0,3.0,6666.666666666667
Ambedkar Nagar,3565.0,4.0,255.0,4.0,7152.875175315568
Varthur Road,1033.0,2.0,30.47,3.0,2949.6611810261375
Hsr Layout,1142.0,2.0,65.0,2.0,5691.768826619965
other,1176.0,2.0,45.0,3.0,3826.530612244898
Kammanahalli,1100.0,2.0,60.0,2.0,5454.545454545455
other,1044.0,2.0,85.0,2.0,8141.762452107279
Sarjapur Road,5400.0,3.0,700.0,3.0,12962.962962962964
other,1425.0,3.0,55.0,3.0,3859.6491228070176
other,1200.0,8.0,150.0,8.0,12500.0
Hosur Road,1345.0,2.0,108.0,2.0,8029.739776951673
Marathahalli,1248.0,2.0,130.0,2.0,10416.666666666666
other,1830.0,4.0,325.0,4.0,17759.562841530056
other,900.0,1.0,130.0,2.0,14444.444444444445
Bellandur,3600.0,4.0,245.0,4.0,6805.555555555556
other,840.0,1.0,99.0,2.0,11785.714285714286
Kadubeesanahalli,1424.0,2.0,75.0,3.0,5266.853932584269
Epip Zone,2500.0,3.0,268.0,3.0,10720.0
Isro Layout,1200.0,6.0,230.0,6.0,19166.666666666668
other,1285.0,2.0,45.0,2.0,3501.9455252918287
Babusapalaya,1450.0,2.0,55.99,2.0,3861.3793103448274
Raja Rajeshwari Nagar,1160.0,2.0,70.0,2.0,6034.482758620689
Yelahanka New Town,2700.0,3.0,350.0,3.0,12962.962962962964
other,2000.0,2.0,95.0,3.0,4750.0
Arekere,1240.0,2.0,60.0,2.0,4838.709677419355
Devanahalli,1466.0,3.0,77.59,3.0,5292.633015006822
other,3870.0,4.0,411.0,4.0,10620.15503875969
Ramagondanahalli,1610.0,2.0,115.0,3.0,7142.857142857143
Kaggadasapura,1225.0,2.0,48.0,2.0,3918.3673469387754
Thanisandra,1996.0,4.0,123.0,3.0,6162.324649298597
other,1320.0,2.0,55.0,3.0,4166.666666666667
Rajaji Nagar,1800.0,3.0,240.0,3.0,13333.333333333334
other,1835.0,3.0,175.0,3.0,9536.784741144415
Sarjapur Road,1435.0,3.0,90.0,3.0,6271.777003484321
Whitefield,4097.0,3.0,400.0,3.0,9763.24139614352
Kadubeesanahalli,1257.0,2.0,93.0,2.0,7398.568019093079
Kasavanhalli,1309.0,2.0,95.0,2.0,7257.448433919022
Yeshwanthpur,1362.0,2.0,100.0,2.0,7342.143906020558
other,1322.0,2.0,61.99,2.0,4689.10741301059
other,1450.0,2.0,65.0,3.0,4482.758620689655
7Th Phase Jp Nagar,1790.0,3.0,120.0,3.0,6703.91061452514
Whitefield,3450.0,4.0,208.0,3.0,6028.985507246377
Budigere,664.0,1.0,27.375,1.0,4122.740963855422
Sarjapur Road,5400.0,4.0,750.0,4.0,13888.888888888889
Devanahalli,775.0,1.0,39.0,1.0,5032.258064516129
Thanisandra,1183.0,2.0,77.25,2.0,6530.0084530853765
Binny Pete,1282.0,3.0,178.0,3.0,13884.555382215289
other,425.0,1.0,15.0,1.0,3529.4117647058824
other,820.0,2.0,30.0,2.0,3658.5365853658536
Hebbal,1200.0,2.0,52.0,2.0,4333.333333333333
other,1450.0,3.0,68.0,3.0,4689.6551724137935
Hegde Nagar,1847.0,3.0,123.0,3.0,6659.447753113156
Devanahalli,1020.0,2.0,49.87,1.0,4889.21568627451
Somasundara Palya,1650.0,3.0,95.0,3.0,5757.575757575758
other,2380.0,4.0,242.0,4.0,10168.067226890757
Brookefield,1089.0,2.0,49.0,2.0,4499.540863177227
Yelahanka,1115.0,2.0,60.0,2.0,5381.165919282511
Kannamangala,1536.0,3.0,104.0,3.0,6770.833333333333
Hennur,1255.0,2.0,55.5,2.0,4422.310756972111
Electronic City,1571.0,3.0,83.0,3.0,5283.259070655633
other,900.0,1.0,70.0,2.0,7777.777777777777
other,1517.0,2.0,125.0,2.0,8239.947264337508
Budigere,664.0,1.0,35.4,1.0,5331.325301204819
Devarachikkanahalli,1230.0,2.0,58.0,2.0,4715.447154471544
Hegde Nagar,1340.0,2.0,72.0,2.0,5373.134328358209
Benson Town,3569.0,4.0,600.0,4.0,16811.43177360605
Sarjapur,1240.0,2.0,43.1,2.0,3475.8064516129034
other,1359.9900000000002,2.0,150.0,3.0,11029.492863918114
Kanakpura Road,525.0,2.0,29.25,1.0,5571.428571428572
7Th Phase Jp Nagar,1680.0,3.0,117.0,3.0,6964.285714285715
other,1000.0,2.0,35.0,2.0,3500.0
Gunjur,1071.0,2.0,51.0,2.0,4761.9047619047615
other,3144.0,3.0,455.0,3.0,14472.010178117049
Kalyan Nagar,1190.0,2.0,60.0,2.0,5042.016806722689
Pattandur Agrahara,1550.0,2.0,80.0,3.0,5161.290322580645
Mallasandra,1325.0,2.0,73.0,2.0,5509.433962264151
Banaswadi,1600.0,3.0,74.5,3.0,4656.25
other,400.0,2.0,35.0,4.0,8750.0
Kanakpura Road,700.0,2.0,41.145,2.0,5877.857142857143
Hennur,1100.0,2.0,44.55,2.0,4050.0
Talaghattapura,2099.0,3.0,147.0,3.0,7003.334921391139
Yelachenahalli,1365.0,2.0,72.0,3.0,5274.725274725275
Hebbal Kempapura,1485.0,3.0,132.0,2.0,8888.888888888889
Hosur Road,1250.0,2.0,55.0,2.0,4400.0
Kanakpura Road,1328.0,2.0,91.06,2.0,6856.9277108433735
Hennur Road,1232.0,2.0,87.0,2.0,7061.688311688312
1St Phase Jp Nagar,1180.0,2.0,88.5,2.0,7500.0
Electronic City,1350.0,3.0,66.0,3.0,4888.888888888889
other,3602.0,4.0,280.0,4.0,7773.459189339256
Nagasandra,2400.0,4.0,145.0,4.0,6041.666666666667
other,2159.0,3.0,120.0,3.0,5558.12876331635
Hennur,1255.0,2.0,57.5,2.0,4581.673306772908
other,1200.0,3.0,72.0,3.0,6000.0
Tumkur Road,596.0,1.0,31.315,1.0,5254.194630872483
Bommanahalli,1660.0,2.0,100.0,3.0,6024.096385542169
other,900.0,6.0,95.0,5.0,10555.555555555555
other,1850.0,3.0,175.0,6.0,9459.45945945946
other,510.0,1.0,34.0,1.0,6666.666666666667
Mahadevpura,1601.0,3.0,95.0,3.0,5933.791380387258
other,1166.0,2.0,65.0,2.0,5574.614065180103
other,2700.0,2.0,260.0,3.0,9629.62962962963
Electronic City Phase Ii,1900.0,3.0,97.0,4.0,5105.263157894737
other,1350.0,2.0,175.0,3.0,12962.962962962964
Haralur Road,1520.0,2.0,96.0,3.0,6315.789473684211
other,2100.0,6.0,100.0,4.0,4761.9047619047615
Yelenahalli,1175.0,2.0,50.0,2.0,4255.31914893617
Bharathi Nagar,1432.0,2.0,68.0,2.0,4748.6033519553075
Bommasandra Industrial Area,1005.0,2.0,39.77,2.0,3957.213930348259
other,1309.0,2.0,80.0,2.0,6111.535523300229
Dairy Circle,2251.0,4.0,370.0,3.0,16437.139049311416
Sanjay Nagar,2400.0,3.0,310.0,3.0,12916.666666666666
other,940.0,2.0,56.0,2.0,5957.446808510638
other,1015.0,2.0,40.1,2.0,3950.7389162561576
Btm 2Nd Stage,2400.0,2.0,360.0,3.0,15000.0
Electronic City,1652.0,3.0,110.0,3.0,6658.595641646489
Koramangala,1084.0,2.0,179.0,2.0,16512.91512915129
Kammanahalli,1200.0,1.0,81.0,2.0,6750.0
other,1400.0,3.0,69.0,3.0,4928.571428571428
Hbr Layout,2400.0,5.0,320.0,4.0,13333.333333333334
Whitefield,1267.0,2.0,90.33,2.0,7129.439621152328
Bhoganhalli,2439.0,4.0,185.0,4.0,7585.075850758508
other,1645.0,3.0,95.0,3.0,5775.075987841945
Sahakara Nagar,1100.0,2.0,75.0,3.0,6818.181818181818
Ananth Nagar,1000.0,2.0,29.7,2.0,2970.0
Whitefield,5000.0,5.0,550.0,4.0,11000.0
Kengeri Satellite Town,2480.0,2.0,160.0,2.0,6451.612903225807
Kalyan Nagar,1086.0,2.0,44.5,2.0,4097.605893186003
Kengeri,416.0,1.0,18.0,1.0,4326.923076923077
Hennur Road,1066.0,2.0,52.23,2.0,4899.624765478424
Ombr Layout,1730.0,3.0,93.0,3.0,5375.722543352601
Marathahalli,2500.0,5.0,175.0,4.0,7000.0
Subramanyapura,960.0,2.0,55.0,2.0,5729.166666666667
Haralur Road,1510.0,3.0,83.05,3.0,5500.0
other,1600.0,4.0,90.0,4.0,5625.0
Old Madras Road,2300.0,3.0,142.0,3.0,6173.913043478261
other,1000.0,2.0,63.0,2.0,6300.0
other,1160.0,2.0,46.39,2.0,3999.137931034483
Frazer Town,3436.0,5.0,345.0,4.0,10040.745052386495
Seegehalli,1134.0,2.0,45.0,2.0,3968.253968253968
Nagasandra,600.0,4.0,80.0,4.0,13333.333333333334
Horamavu Agara,2400.0,3.0,80.0,5.0,3333.3333333333335
other,1350.0,2.0,65.0,2.0,4814.814814814815
Sarjapur,1032.0,2.0,42.0,2.0,4069.767441860465
other,1998.0,3.0,117.0,3.0,5855.855855855856
other,1225.0,2.0,48.0,2.0,3918.3673469387754
Sarjapur Road,1262.0,2.0,67.0,2.0,5309.033280507131
other,1300.0,2.0,60.0,2.0,4615.384615384615
Kothannur,1070.0,2.0,38.6,2.0,3607.4766355140187
other,950.0,2.0,33.0,2.0,3473.684210526316
Tc Palaya,1000.0,2.0,70.0,2.0,7000.0
Amruthahalli,1450.0,2.0,85.0,3.0,5862.068965517241
Banaswadi,527.0,1.0,35.0,1.0,6641.366223908918
Sarjapur Road,1693.0,3.0,125.0,3.0,7383.343177790904
Thigalarapalya,3122.0,6.0,235.0,4.0,7527.226137091608
Horamavu Agara,1000.0,2.0,46.0,2.0,4600.0
Malleshwaram,2050.0,4.0,270.0,3.0,13170.731707317073
Hebbal Kempapura,1400.0,2.0,108.0,2.0,7714.285714285715
Sarjapur Road,1826.0,3.0,125.0,3.0,6845.564074479737
Hosur Road,1689.0,3.0,103.0,3.0,6098.283007696862
Hennur,960.0,2.0,48.0,2.0,5000.0
Channasandra,808.0,2.0,40.0,2.0,4950.495049504951
other,1350.0,3.0,81.0,3.0,6000.0
Whitefield,1836.0,3.0,125.0,3.0,6808.278867102396
other,826.0,2.0,36.0,2.0,4358.353510895884
Hormavu,1200.0,2.0,68.0,2.0,5666.666666666667
other,3000.0,3.0,300.0,4.0,10000.0
Indira Nagar,2400.0,4.0,405.0,4.0,16875.0
Hoskote,1200.0,4.0,140.0,4.0,11666.666666666666
Btm 2Nd Stage,965.0,2.0,56.0,2.0,5803.108808290155
Kothannur,2000.0,4.0,95.0,4.0,4750.0
Sarjapur Road,1660.0,3.0,116.0,3.0,6987.951807228916
other,935.0,2.0,35.0,2.0,3743.3155080213905
other,1180.0,2.0,39.0,2.0,3305.084745762712
Kanakpura Road,1204.0,2.0,82.0,2.0,6810.631229235881
Thigalarapalya,2072.0,4.0,153.0,3.0,7384.169884169884
Hebbal,985.0,2.0,62.0,2.0,6294.416243654822
Kammanahalli,2900.0,4.0,200.0,4.0,6896.551724137931
Yelahanka,2317.0,4.0,140.0,3.0,6042.296072507553
Singasandra,600.0,1.0,45.0,1.0,7500.0
other,2200.0,3.0,115.0,4.0,5227.272727272727
Attibele,656.0,2.0,25.0,2.0,3810.9756097560976
Attibele,400.0,1.0,11.5,1.0,2875.0
Yeshwanthpur,666.0,1.0,36.8,1.0,5525.525525525525
Kadubeesanahalli,3293.0,5.0,425.0,4.0,12906.16459155785
Jalahalli,1000.0,4.0,90.0,4.0,9000.0
Narayanapura,2400.0,5.0,85.0,5.0,3541.6666666666665
Banashankari Stage Iii,910.0,2.0,160.0,2.0,17582.417582417584
Kodihalli,3197.0,5.0,335.0,4.0,10478.573662808883
Kanakpura Road,1703.0,3.0,130.0,3.0,7633.587786259542
Brookefield,1130.0,2.0,56.0,2.0,4955.7522123893805
Iblur Village,3596.0,5.0,279.0,4.0,7758.620689655172
Hosa Road,1512.0,3.0,103.0,3.0,6812.169312169312
Thanisandra,1491.0,3.0,88.0,3.0,5902.079141515761
Cox Town,1250.0,2.0,95.0,2.0,7600.0
Banashankari,1650.0,3.0,90.75,3.0,5500.0
other,1200.0,4.0,110.0,4.0,9166.666666666666
Thanisandra,1881.0,3.0,95.0,3.0,5050.50505050505
Iblur Village,2666.0,4.0,200.0,3.0,7501.875468867217
other,1500.0,2.0,50.0,2.0,3333.3333333333335
other,1217.0,2.0,164.0,2.0,13475.760065735414
other,2400.0,4.0,170.0,6.0,7083.333333333333
Gollarapalya Hosahalli,1345.0,3.0,60.0,3.0,4460.966542750929
Kr Puram,1200.0,4.0,100.0,4.0,8333.333333333334
Sarjapur Road,2750.0,5.0,240.0,4.0,8727.272727272728
9Th Phase Jp Nagar,1200.0,2.0,80.0,2.0,6666.666666666667
other,1650.0,3.0,52.0,3.0,3151.5151515151515
other,600.0,1.0,45.0,1.0,7500.0
Hennur Road,973.0,2.0,56.0,2.0,5755.395683453237
other,4110.0,4.0,590.0,4.0,14355.231143552312
Rajaji Nagar,2533.0,3.0,425.0,3.0,16778.523489932886
Balagere,1007.0,2.0,75.0,2.0,7447.864945382324
Hosa Road,615.0,1.0,39.99,1.0,6502.4390243902435
Sarjapur Road,1830.0,3.0,119.0,3.0,6502.732240437159
Nagavara,1077.0,2.0,50.0,2.0,4642.525533890436
other,672.0,1.0,27.0,1.0,4017.8571428571427
other,1280.0,3.0,87.0,3.0,6796.875
Thanisandra,662.0,1.0,29.0,1.0,4380.664652567976
Sarjapura - Attibele Road,3750.0,6.0,295.0,5.0,7866.666666666667
Kalkere,1850.0,3.0,95.0,3.0,5135.135135135135
Harlur,1754.0,3.0,132.0,3.0,7525.655644241733
other,1200.0,4.0,150.0,5.0,12500.0
1St Phase Jp Nagar,2200.0,7.0,350.0,5.0,15909.09090909091
other,1567.0,3.0,100.0,3.0,6381.620931716656
other,360.0,2.0,40.0,2.0,11111.111111111111
Bellandur,1150.0,2.0,69.44,2.0,6038.260869565217
Akshaya Nagar,1690.0,3.0,85.0,3.0,5029.585798816568
other,2350.0,3.0,210.0,3.0,8936.170212765957
Karuna Nagar,1057.0,2.0,65.0,2.0,6149.479659413434
Hebbal,1320.0,2.0,91.0,2.0,6893.939393939394
other,1125.0,2.0,48.0,2.0,4266.666666666667
Kanakpura Road,2254.0,3.0,170.0,3.0,7542.147293700089
Balagere,645.0,1.0,34.18,1.0,5299.224806201551
Sarjapur Road,1700.0,3.0,194.0,3.0,11411.764705882353
1St Block Jayanagar,1760.0,3.0,115.0,3.0,6534.090909090909
Bellandur,1138.0,3.0,128.0,3.0,11247.80316344464
Whitefield,3596.0,3.0,200.0,3.0,5561.735261401557
Kalkere,1365.0,3.0,54.0,3.0,3956.043956043956
other,560.0,1.0,19.0,1.0,3392.8571428571427
Vittasandra,1404.0,2.0,75.0,2.0,5341.880341880342
other,360.0,4.0,37.0,4.0,10277.777777777777
Yelahanka,1653.0,3.0,93.0,3.0,5626.134301270417
Parappana Agrahara,1194.0,2.0,47.0,2.0,3936.348408710218
other,1471.0,2.0,75.0,3.0,5098.572399728077
8Th Phase Jp Nagar,1504.0,2.0,83.0,3.0,5518.617021276596
Mahadevpura,1450.0,3.0,75.0,3.0,5172.413793103448
Kannamangala,957.0,2.0,54.5,2.0,5694.879832810867
Attibele,460.0,1.0,13.0,1.0,2826.086956521739
other,900.0,2.0,128.0,2.0,14222.222222222223
Varthur Road,1033.0,2.0,32.0,2.0,3097.773475314618
Kumaraswami Layout,800.0,1.0,90.0,2.0,11250.0
other,520.0,2.0,29.0,1.0,5576.923076923077
Ombr Layout,1165.0,2.0,88.5,2.0,7596.56652360515
other,1950.0,3.0,230.0,3.0,11794.871794871795
other,600.0,1.0,58.0,1.0,9666.666666666666
Nagavarapalya,1392.0,2.0,130.0,2.0,9339.080459770115
Jigani,1221.0,3.0,75.0,3.0,6142.506142506142
other,1300.0,2.0,60.0,2.0,4615.384615384615
Btm 1St Stage,375.0,1.0,40.0,1.0,10666.666666666666
other,7800.0,3.0,2000.0,3.0,25641.02564102564
Sarjapur Road,1929.0,4.0,101.0,3.0,5235.873509590461
Hennur Road,1255.0,2.0,84.0,2.0,6693.227091633466
other,1200.0,5.0,270.0,4.0,22500.0
Banashankari,1650.0,3.0,101.0,3.0,6121.212121212121
Whitefield,1275.0,2.0,65.0,3.0,5098.0392156862745
Electronic City,1128.0,2.0,65.58,2.0,5813.829787234043
Ombr Layout,1200.0,4.0,200.0,4.0,16666.666666666668
Ardendale,2062.0,3.0,140.0,4.0,6789.524733268671
other,1477.0,2.0,75.0,3.0,5077.860528097495
Nagadevanahalli,1050.0,3.0,85.0,4.0,8095.238095238095
other,1220.0,2.0,65.0,2.0,5327.868852459016
Hebbal,2388.0,3.0,195.0,3.0,8165.829145728643
Electronic City,1355.0,2.0,97.6,2.0,7202.952029520296
Bannerghatta Road,630.0,1.0,35.0,1.0,5555.555555555556
Pattandur Agrahara,1247.0,2.0,62.35,2.0,5000.0
other,850.0,2.0,32.5,2.0,3823.529411764706
Jakkur,1798.0,3.0,110.0,3.0,6117.908787541713
Kereguddadahalli,1000.0,2.0,34.0,2.0,3400.0
Whitefield,1216.0,2.0,82.0,2.0,6743.421052631579
Margondanahalli,900.0,2.0,65.0,2.0,7222.222222222223
Tc Palaya,1100.0,2.0,65.0,2.0,5909.090909090909
Bisuvanahalli,1075.0,2.0,43.0,3.0,4000.0
Whitefield,1495.0,3.0,88.0,2.0,5886.28762541806
Kanakpura Road,1700.0,3.0,120.0,3.0,7058.823529411765
Whitefield,1564.0,3.0,103.0,3.0,6585.677749360614
other,1256.0,2.0,65.0,2.0,5175.15923566879
other,7400.0,5.0,1850.0,4.0,25000.0
Garudachar Palya,1150.0,2.0,52.5,2.0,4565.217391304348
Nagarbhavi,1200.0,4.0,205.0,3.0,17083.333333333332
Haralur Road,1810.0,3.0,100.0,3.0,5524.861878453039
R.T. Nagar,1100.0,3.0,125.0,2.0,11363.636363636364
Dommasandra,850.0,2.0,25.4,2.0,2988.235294117647
other,1428.0,2.0,70.0,3.0,4901.9607843137255
other,1130.0,2.0,74.0,2.0,6548.672566371682
Kanakpura Road,1592.0,3.0,125.0,3.0,7851.75879396985
other,1407.0,2.0,83.87,2.0,5960.90973702914
Cunningham Road,4170.0,3.0,800.0,3.0,19184.65227817746
Whitefield,1585.0,3.0,84.0,3.0,5299.6845425867505
Jakkur,1785.0,3.0,130.0,3.0,7282.913165266106
other,900.0,2.0,45.0,2.0,5000.0
other,1350.0,4.0,160.0,4.0,11851.851851851852
other,2375.0,3.0,260.0,4.0,10947.368421052632
other,1200.0,2.0,67.0,2.0,5583.333333333333
Anekal,1150.0,3.0,45.0,3.0,3913.0434782608695
Yeshwanthpur,770.0,1.0,70.0,2.0,9090.90909090909
1St Phase Jp Nagar,1200.0,2.0,86.0,2.0,7166.666666666667
Kenchenahalli,480.0,3.0,65.0,3.0,13541.666666666666
Lingadheeranahalli,1506.0,3.0,95.0,3.0,6308.100929614874
other,1872.0,3.0,152.0,3.0,8119.65811965812
Sarjapur Road,2900.0,4.0,240.0,4.0,8275.862068965518
Abbigere,1326.0,2.0,35.0,3.0,2639.517345399698
Talaghattapura,1040.0,2.0,33.28,2.0,3200.0
other,1200.0,5.0,90.0,5.0,7500.0
Hennur,1020.0,2.0,48.0,2.0,4705.882352941177
other,1400.0,3.0,90.0,3.0,6428.571428571428
Neeladri Nagar,4000.0,12.0,160.0,10.0,4000.0
other,812.0,1.0,26.0,1.0,3201.9704433497536
Vidyaranyapura,1100.0,2.0,54.0,2.0,4909.090909090909
other,829.0,2.0,22.8,2.0,2750.301568154403
Vijayanagar,750.0,4.0,95.0,5.0,12666.666666666666
Sanjay Nagar,2700.0,4.0,350.0,4.0,12962.962962962964
Ananth Nagar,850.0,2.0,25.99,2.0,3057.6470588235293
Cunningham Road,5108.0,5.0,995.0,4.0,19479.24823805795
Channasandra,1010.0,2.0,36.0,2.0,3564.3564356435645
Talaghattapura,1100.0,2.0,50.0,2.0,4545.454545454545
Thanisandra,1564.0,3.0,100.0,3.0,6393.861892583121
Thigalarapalya,2072.0,4.0,157.0,3.0,7577.220077220078
Rajaji Nagar,432.0,2.0,65.0,2.0,15046.296296296296
other,600.0,2.0,35.0,1.0,5833.333333333333
other,700.0,2.0,35.0,2.0,5000.0
Yelahanka,654.0,1.0,38.0,1.0,5810.397553516819
other,1105.0,2.0,50.0,2.0,4524.886877828054
Hebbal Kempapura,1800.0,3.0,150.0,3.0,8333.333333333334
Yelachenahalli,1200.0,2.0,160.0,2.0,13333.333333333334
Kogilu,700.0,1.0,30.84,1.0,4405.714285714285
other,1000.0,2.0,51.0,2.0,5100.0
Hsr Layout,3500.0,5.0,350.0,5.0,10000.0
other,1240.0,2.0,63.0,3.0,5080.645161290323
other,1393.0,3.0,54.0,3.0,3876.5254845656855
Sahakara Nagar,1000.0,5.0,130.0,5.0,13000.0
other,1640.0,3.0,70.0,3.0,4268.292682926829
other,1200.0,2.0,62.0,2.0,5166.666666666667
Yelenahalli,1650.0,3.0,68.0,3.0,4121.212121212121
Nagavara,2496.0,4.0,125.0,4.0,5008.01282051282
9Th Phase Jp Nagar,905.0,2.0,32.0,2.0,3535.9116022099447
other,1600.0,3.0,125.0,3.0,7812.5
Chikkalasandra,1070.0,2.0,45.48,2.0,4250.467289719626
other,8400.0,5.0,1675.0,4.0,19940.47619047619
Koramangala,1200.0,2.0,100.0,2.0,8333.333333333334
Indira Nagar,1800.0,5.0,350.0,5.0,19444.444444444445
Old Airport Road,1145.0,2.0,75.0,2.0,6550.218340611354
other,1495.0,3.0,55.0,3.0,3678.9297658862874
other,1200.0,2.0,300.0,3.0,25000.0
other,1400.0,3.0,53.0,3.0,3785.714285714286
Whitefield,1558.0,3.0,90.0,3.0,5776.636713735558
Ananth Nagar,902.0,2.0,25.26,2.0,2800.4434589800444
other,1054.0,2.0,53.0,2.0,5028.462998102466
Gollarapalya Hosahalli,996.0,2.0,49.0,2.0,4919.678714859438
other,1275.0,2.0,47.0,2.0,3686.274509803922
Nri Layout,1250.0,2.0,75.0,2.0,6000.0
Hennur,2502.0,4.0,170.0,4.0,6794.564348521183
other,1394.0,2.0,52.0,2.0,3730.2725968436157
Whitefield,1216.0,2.0,75.0,2.0,6167.763157894737
other,1075.0,2.0,57.0,2.0,5302.325581395349
Rayasandra,1708.0,3.0,76.0,4.0,4449.648711943794
Whitefield,1500.0,3.0,250.0,3.0,16666.666666666668
other,1800.0,4.0,115.0,3.0,6388.888888888889
Harlur,1532.0,2.0,65.0,2.0,4242.819843342037
Hosa Road,1726.0,3.0,81.99,3.0,4750.289687137891
other,1220.0,2.0,54.89,2.0,4499.180327868852
Chikkalasandra,1100.0,2.0,50.0,2.0,4545.454545454545
other,1499.0,3.0,89.0,3.0,5937.291527685124
other,1280.0,2.0,55.0,3.0,4296.875
Munnekollal,1170.0,2.0,59.0,2.0,5042.735042735043
Chikka Tirupathi,2646.0,3.0,99.0,3.0,3741.496598639456
other,1161.0,2.0,36.69,2.0,3160.206718346253
other,1050.0,2.0,65.0,2.0,6190.476190476191
Hennur Road,1650.0,5.0,309.0,4.0,18727.272727272728
Attibele,418.0,2.0,11.5,1.0,2751.196172248804
other,905.0,2.0,50.0,2.0,5524.861878453039
Kasturi Nagar,1101.0,2.0,66.0,2.0,5994.550408719346
other,2736.0,4.0,130.0,4.0,4751.461988304093
Epip Zone,2350.0,4.0,163.0,3.0,6936.170212765957
other,1056.0,2.0,55.0,2.0,5208.333333333333
Electronics City Phase 1,1450.0,3.0,70.0,3.0,4827.586206896552
Pai Layout,1000.0,2.0,34.0,2.0,3400.0
Haralur Road,575.0,1.0,38.0,1.0,6608.695652173913
Kanakpura Road,2000.0,2.0,180.0,3.0,9000.0
other,1770.0,3.0,90.0,3.0,5084.745762711865
other,3155.0,3.0,315.0,3.0,9984.152139461174
Anandapura,616.0,3.0,45.0,2.0,7305.194805194805
Jp Nagar,745.0,1.0,34.27,1.0,4600.000000000001
Panathur,1713.0,3.0,120.0,3.0,7005.253940455342
Sarjapur,3300.0,4.0,430.0,4.0,13030.30303030303
Mahalakshmi Layout,1135.0,4.0,190.0,8.0,16740.08810572687
Yeshwanthpur,1856.0,4.0,180.0,3.0,9698.275862068966
other,1152.0,2.0,57.0,2.0,4947.916666666667
Dodda Nekkundi,1100.0,2.0,46.75,2.0,4250.0
Narayanapura,2357.0,3.0,135.0,3.0,5727.619855748833
Akshaya Nagar,1820.0,4.0,95.0,3.0,5219.780219780219
Kannamangala,1865.0,3.0,139.0,3.0,7453.083109919571
Kanakpura Road,1240.0,2.0,65.0,2.0,5241.935483870968
Isro Layout,4200.0,4.0,255.0,4.0,6071.428571428572
Budigere,1139.0,2.0,72.0,2.0,6321.334503950834
other,1200.0,3.0,165.0,3.0,13750.0
other,600.0,4.0,77.0,4.0,12833.333333333334
Nagappa Reddy Layout,1200.0,2.0,39.0,2.0,3250.0
Yeshwanthpur,1855.0,3.0,140.0,3.0,7547.169811320755
Margondanahalli,1100.0,2.0,55.0,2.0,5000.0
other,1350.0,2.0,65.0,3.0,4814.814814814815
Old Madras Road,2266.0,3.0,207.0,3.0,9135.03971756399
Hosur Road,660.0,1.0,23.0,1.0,3484.848484848485
Kodihalli,1490.0,2.0,150.0,2.0,10067.114093959732
Hennur Road,1232.0,2.0,83.0,2.0,6737.012987012987
Raja Rajeshwari Nagar,1550.0,3.0,86.8,3.0,5600.0
Sarjapur Road,1059.0,2.0,68.0,2.0,6421.152030217186
Panathur,1210.0,2.0,78.0,2.0,6446.280991735537
Thanisandra,663.0,1.0,46.1,1.0,6953.242835595776
other,1464.0,2.0,135.0,3.0,9221.311475409837
Kadubeesanahalli,1365.0,3.0,80.0,3.0,5860.805860805861
Whitefield,1704.0,3.0,120.0,3.0,7042.2535211267605
Whitefield,1256.0,2.0,73.0,2.0,5812.101910828025
Kengeri,883.0,2.0,49.0,2.0,5549.263873159683
Bisuvanahalli,1080.0,2.0,45.0,3.0,4166.666666666667
Marsur,497.0,1.0,25.0,2.0,5030.181086519115
9Th Phase Jp Nagar,1073.0,2.0,52.36,2.0,4879.77632805219
Rajaji Nagar,3000.0,6.0,250.0,6.0,8333.333333333334
Thanisandra,662.0,1.0,45.0,1.0,6797.583081570997
other,1200.0,2.0,75.0,2.0,6250.0
other,1707.0,3.0,171.0,3.0,10017.574692442882
Kodigehaali,1324.0,3.0,65.0,3.0,4909.365558912386
Kothanur,1786.0,2.0,106.0,3.0,5935.05039193729
Harlur,1174.0,2.0,75.0,2.0,6388.415672913117
other,565.0,1.0,33.0,1.0,5840.70796460177
7Th Phase Jp Nagar,1400.0,2.0,95.0,3.0,6785.714285714285
Electronic City,635.0,1.0,28.0,1.0,4409.4488188976375
Kalyan Nagar,3000.0,8.0,400.0,6.0,13333.333333333334
Electronic City,1128.0,2.0,65.4,2.0,5797.8723404255325
Bhoganhalli,1125.0,2.0,54.0,2.0,4800.0
other,630.0,2.0,70.0,1.0,11111.111111111111
Kaggadasapura,1350.0,2.0,105.0,3.0,7777.777777777777
Bommasandra,877.0,2.0,29.0,2.0,3306.72748004561
Yelahanka New Town,450.0,1.0,15.0,1.0,3333.3333333333335
other,1000.0,2.0,55.0,2.0,5500.0
Whitefield,1300.0,2.0,78.0,2.0,6000.0
Abbigere,985.0,2.0,40.39,2.0,4100.507614213198
other,1045.0,2.0,42.0,2.0,4019.1387559808613
other,1250.0,2.0,62.4,2.0,4992.0
other,2400.0,4.0,130.0,3.0,5416.666666666667
Rachenahalli,1530.0,2.0,74.4,3.0,4862.745098039216
Anandapura,1200.0,2.0,66.0,3.0,5500.0
Whitefield,1570.0,3.0,88.0,3.0,5605.095541401274
Sarjapur Road,1157.0,2.0,74.0,3.0,6395.851339671564
Sarjapur,535.0,1.0,20.0,2.0,3738.3177570093458
Hebbal Kempapura,2400.0,5.0,200.0,5.0,8333.333333333334
Bannerghatta Road,1215.0,2.0,68.0,2.0,5596.707818930041
Bhoganhalli,1444.0,2.0,75.97,2.0,5261.0803324099725
6Th Phase Jp Nagar,2003.0,3.0,200.0,3.0,9985.022466300548
other,1100.0,2.0,70.0,2.0,6363.636363636364
Bisuvanahalli,1180.0,2.0,55.5,3.0,4703.389830508475
other,420.0,1.0,23.5,1.0,5595.238095238095
Hennur Road,1832.0,3.0,116.0,3.0,6331.8777292576415
Anandapura,1380.0,7.0,130.0,6.0,9420.289855072464
Vasanthapura,940.0,2.0,40.0,2.0,4255.31914893617
Whitefield,4290.0,5.0,625.0,4.0,14568.764568764569
Abbigere,2500.0,6.0,81.0,6.0,3240.0
other,1675.0,3.0,65.0,3.0,3880.597014925373
Channasandra,1123.0,2.0,36.0,2.0,3205.699020480855
Talaghattapura,1100.0,2.0,49.49,2.0,4499.090909090909
other,1225.0,2.0,71.05,2.0,5800.0
Lingadheeranahalli,1683.0,3.0,140.0,3.0,8318.478906714201
Kengeri Satellite Town,410.0,1.0,15.0,1.0,3658.5365853658536
Banashankari Stage Ii,2400.0,2.0,300.0,3.0,12500.0
other,1350.0,4.0,90.0,4.0,6666.666666666667
Gubbalala,1475.0,2.0,80.0,2.0,5423.728813559322
Kengeri Satellite Town,1120.0,2.0,49.0,2.0,4375.0
Kr Puram,1150.0,2.0,42.0,2.0,3652.1739130434785
Yeshwanthpur,1165.0,2.0,85.0,2.0,7296.137339055794
Harlur,1756.0,3.0,134.0,3.0,7630.979498861047
Ambedkar Nagar,1409.0,2.0,95.0,2.0,6742.370475514549
Jalahalli East,750.0,1.0,34.1,1.0,4546.666666666667
Sarjapur Road,1700.0,3.0,118.0,3.0,6941.176470588235
other,1660.0,3.0,91.855,3.0,5533.433734939759
Raja Rajeshwari Nagar,1110.0,2.0,52.0,2.0,4684.684684684685
Marathahalli,1550.0,7.0,160.0,7.0,10322.58064516129
other,3760.0,2.0,280.0,2.0,7446.808510638298
Hormavu,1600.0,5.0,140.0,5.0,8750.0
Bhoganhalli,1205.0,2.0,64.47,2.0,5350.207468879668
Thigalarapalya,1418.0,2.0,105.0,2.0,7404.795486600846
Ardendale,1650.0,3.0,82.0,3.0,4969.69696969697
other,1200.0,7.0,139.0,7.0,11583.333333333334
other,3071.0,4.0,300.0,3.0,9768.804949527841
Dasanapura,2400.0,5.0,100.0,4.0,4166.666666666667
other,850.0,2.0,34.0,2.0,4000.0
Raja Rajeshwari Nagar,1580.0,3.0,83.74,3.0,5299.999999999999
Whitefield,1216.0,2.0,84.03,2.0,6910.361842105263
Kanakpura Road,381.0,1.0,28.0,1.0,7349.081364829396
Kr Puram,4600.0,9.0,200.0,9.0,4347.826086956522
Hebbal,1040.0,2.0,55.0,2.0,5288.461538461538
Choodasandra,2429.0,3.0,210.0,4.0,8645.533141210375
other,1260.0,2.0,49.0,3.0,3888.8888888888887
Vidyaranyapura,1200.0,2.0,65.0,3.0,5416.666666666667
Electronic City,1355.0,2.0,72.9,2.0,5380.073800738008
other,1450.0,3.0,65.0,3.0,4482.758620689655
Yeshwanthpur,1860.0,3.0,168.0,3.0,9032.258064516129
Kundalahalli,2500.0,5.0,245.0,4.0,9800.0
Ambalipura,1625.0,2.0,145.0,3.0,8923.076923076924
Ombr Layout,1101.0,2.0,66.0,2.0,5994.550408719346
Whitefield,1216.0,2.0,72.5,2.0,5962.171052631579
other,2100.0,3.0,70.0,3.0,3333.3333333333335
Ananth Nagar,1470.0,3.0,54.0,3.0,3673.469387755102
Bannerghatta Road,1365.0,3.0,76.18,3.0,5580.952380952382
Banashankari Stage Vi,1180.0,2.0,59.47,2.0,5039.830508474576
7Th Phase Jp Nagar,1800.0,3.0,130.0,3.0,7222.222222222223
Kothannur,1350.0,2.0,42.0,2.0,3111.1111111111113
Thanisandra,1573.0,3.0,98.0,3.0,6230.1335028607755
other,1620.0,3.0,95.0,3.0,5864.197530864198
Doddakallasandra,1072.0,2.0,42.87,2.0,3999.0671641791046
other,560.0,1.0,21.0,1.0,3750.0
other,1156.0,2.0,46.0,2.0,3979.2387543252594
Marathahalli,3400.0,4.0,235.0,4.0,6911.764705882353
Jp Nagar,4000.0,4.0,441.0,4.0,11025.0
Cox Town,1100.0,2.0,166.0,2.0,15090.90909090909
Green Glen Layout,1517.0,3.0,100.0,3.0,6591.957811470006
Mallasandra,1565.0,2.0,69.0,2.0,4408.945686900958
other,1680.0,4.0,250.0,6.0,14880.952380952382
Whitefield,2025.0,4.0,115.0,3.0,5679.0123456790125
other,3850.0,3.0,650.0,3.0,16883.116883116883
Sarjapur,1044.0,2.0,34.0,2.0,3256.704980842912
other,1140.0,2.0,56.0,2.0,4912.2807017543855
Yelachenahalli,1110.0,2.0,110.0,2.0,9909.90990990991
Bannerghatta Road,1115.0,2.0,78.0,2.0,6995.5156950672645
other,2250.0,3.0,180.0,3.0,8000.0
Ngr Layout,1020.0,2.0,48.45,2.0,4750.0
other,1485.0,3.0,78.0,3.0,5252.525252525253
Whitefield,1920.0,5.0,250.0,4.0,13020.833333333334
other,1350.0,2.0,45.0,1.0,3333.3333333333335
other,1209.0,2.0,100.0,2.0,8271.298593879239
Yelahanka,1445.0,2.0,82.0,2.0,5674.740484429066
other,1500.0,3.0,95.0,3.0,6333.333333333333
Devarachikkanahalli,1705.0,3.0,75.0,3.0,4398.826979472141
Laggere,1800.0,8.0,110.0,8.0,6111.111111111111
Subramanyapura,1260.0,2.0,73.0,3.0,5793.650793650793
Kaggadasapura,2500.0,5.0,120.0,3.0,4800.0
Kudlu Gate,1919.0,3.0,121.0,3.0,6305.367378843148
other,1400.0,6.0,160.0,6.0,11428.57142857143
Hennur Road,2050.0,3.0,120.0,3.0,5853.658536585366
other,1000.0,2.0,60.0,2.0,6000.0
Raja Rajeshwari Nagar,1640.0,3.0,86.8,3.0,5292.682926829269
other,1488.0,2.0,65.0,3.0,4368.279569892473
Hennur,1640.0,3.0,120.0,3.0,7317.073170731707
9Th Phase Jp Nagar,1719.3,2.0,88.0,3.0,5118.362124120282
other,1200.0,4.0,130.0,4.0,10833.333333333334
Kaggadasapura,1180.0,2.0,70.0,2.0,5932.203389830508
Jp Nagar,1800.0,6.0,68.0,6.0,3777.777777777778
Cox Town,1495.0,2.0,300.0,4.0,20066.889632107024
Yelahanka,1225.0,2.0,62.0,2.0,5061.224489795918
Sarjapur Road,1691.0,3.0,120.0,3.0,7096.392667060911
other,2250.0,3.0,199.0,3.0,8844.444444444445
other,3700.0,4.0,314.0,4.0,8486.486486486487
Jalahalli,1244.0,6.0,130.0,8.0,10450.16077170418
other,750.0,4.0,120.0,4.0,16000.0
other,1190.0,2.0,42.25,2.0,3550.4201680672268
Chamrajpet,730.0,1.0,52.0,2.0,7123.287671232877
other,1405.0,3.0,169.0,3.0,12028.469750889679
Yelahanka New Town,500.0,1.0,18.0,1.0,3600.0
other,4800.0,6.0,420.0,4.0,8750.0
Hormavu,1668.0,2.0,120.0,3.0,7194.244604316546
Kenchenahalli,700.0,1.0,35.0,1.0,5000.0
Kanakpura Road,700.0,2.0,41.0,2.0,5857.142857142857
Whitefield,1346.0,2.0,100.0,3.0,7429.420505200595
Bisuvanahalli,1075.0,2.0,47.0,3.0,4372.093023255814
other,1050.0,2.0,43.5,2.0,4142.857142857143
other,1800.0,3.0,53.0,3.0,2944.4444444444443
Electronic City,1609.0,3.0,115.0,3.0,7147.296457426974
Kudlu,1076.0,2.0,50.0,2.0,4646.840148698885
Kengeri,1052.0,2.0,51.0,2.0,4847.9087452471485
Channasandra,1000.0,2.0,35.0,2.0,3500.0
Bommasandra Industrial Area,1000.0,2.0,28.88,2.0,2888.0
Thanisandra,1262.0,2.0,83.0,3.0,6576.862123613312
other,720.0,3.0,48.0,3.0,6666.666666666667
other,500.0,1.0,16.0,1.0,3200.0
other,3500.0,4.0,700.0,4.0,20000.0
other,1600.0,3.0,180.0,3.0,11250.0
Nagarbhavi,1050.0,3.0,175.0,3.0,16666.666666666668
other,1140.0,2.0,49.0,2.0,4298.245614035088
Old Madras Road,1157.0,2.0,47.32,2.0,4089.887640449438
other,648.0,1.0,34.0,1.0,5246.913580246914
Harlur,1197.0,2.0,78.0,2.0,6516.290726817043
Kumaraswami Layout,2400.0,2.0,125.0,3.0,5208.333333333333
Kundalahalli,1397.0,3.0,105.0,3.0,7516.1059413027915
Basaveshwara Nagar,900.0,2.0,60.0,2.0,6666.666666666667
Rachenahalli,2710.0,3.0,170.0,3.0,6273.062730627306
other,1720.0,2.0,126.0,3.0,7325.581395348837
other,1756.0,3.0,307.0,3.0,17482.915717539865
Yelahanka,602.0,1.0,38.0,1.0,6312.292358803987
Sarjapur Road,1770.0,3.0,180.0,3.0,10169.49152542373
Kothannur,930.0,6.0,150.0,6.0,16129.032258064517
other,1100.0,2.0,45.0,2.0,4090.909090909091
Marsur,720.0,2.0,32.0,3.0,4444.444444444444
Kasavanhalli,1476.0,3.0,105.0,3.0,7113.821138211382
Thanisandra,1056.0,2.0,65.0,2.0,6155.30303030303
other,825.0,2.0,35.0,2.0,4242.424242424242
Epip Zone,1860.0,3.0,130.0,3.0,6989.247311827957
Gunjur,1063.0,2.0,40.0,2.0,3762.9350893697083
Yelahanka,697.0,1.0,35.0,1.0,5021.520803443329
Vijayanagar,2400.0,2.0,230.0,1.0,9583.333333333334
Cv Raman Nagar,1835.0,3.0,160.0,3.0,8719.346049046322
Bannerghatta Road,1365.0,3.0,79.465,3.0,5821.611721611722
Btm 2Nd Stage,1147.0,2.0,75.0,2.0,6538.7968613775065
Kothanur,3400.0,5.0,265.0,4.0,7794.117647058823
other,1080.0,2.0,64.0,2.0,5925.925925925926
Doddakallasandra,1010.0,2.0,40.4,2.0,4000.0
other,2600.0,4.0,523.0,4.0,20115.384615384617
Brookefield,1270.0,2.0,95.0,2.0,7480.314960629921
Basapura,1100.0,2.0,61.0,2.0,5545.454545454545
Bellandur,1410.0,3.0,92.0,2.0,6524.822695035461
Indira Nagar,1650.0,3.0,200.0,3.0,12121.212121212122
Kaggadasapura,960.0,2.0,45.0,2.0,4687.5
other,800.0,1.0,29.0,2.0,3625.0
other,1225.0,2.0,47.0,2.0,3836.734693877551
other,3000.0,3.0,550.0,3.0,18333.333333333332
other,535.0,1.0,35.0,1.0,6542.056074766355
Bommasandra Industrial Area,1020.0,2.0,29.45,2.0,2887.2549019607845
Gm Palaya,1315.0,3.0,64.0,3.0,4866.920152091255
Basavangudi,1350.0,2.0,130.0,3.0,9629.62962962963
Bisuvanahalli,1075.0,2.0,48.0,3.0,4465.116279069767
Gottigere,1806.0,1.0,150.0,1.0,8305.647840531561
Marathahalli,1350.0,2.0,99.0,2.0,7333.333333333333
Binny Pete,1282.0,3.0,178.0,3.0,13884.555382215289
Sarjapur Road,1929.0,3.0,103.0,3.0,5339.554173146708
Gubbalala,1223.0,2.0,42.81,2.0,3500.408830744072
Bharathi Nagar,1664.0,3.0,69.89,3.0,4200.120192307692
Kasavanhalli,1158.0,2.0,67.0,2.0,5785.837651122625
Sarjapur Road,1308.0,2.0,75.0,2.0,5733.94495412844
Basavangudi,1485.0,3.0,140.0,3.0,9427.609427609428
other,1067.0,2.0,33.99,2.0,3185.5670103092784
Rajaji Nagar,2450.0,3.0,330.0,3.0,13469.387755102041
other,1152.0,2.0,42.0,2.0,3645.8333333333335
other,1465.0,2.0,88.0,3.0,6006.825938566553
Hbr Layout,1198.0,2.0,65.0,2.0,5425.709515859767
other,1145.0,2.0,63.0,2.0,5502.183406113537
Attibele,1000.0,2.0,42.0,2.0,4200.0
Anekal,400.0,1.0,11.5,1.0,2875.0
other,3420.0,3.0,410.0,4.0,11988.30409356725
Uttarahalli,1265.0,2.0,65.0,3.0,5138.339920948617
other,1280.0,2.0,75.0,2.0,5859.375
Raja Rajeshwari Nagar,1279.0,2.0,53.76,3.0,4203.283815480844
other,680.0,3.0,60.0,2.0,8823.529411764706
Hoodi,1837.0,3.0,142.0,3.0,7729.994556341861
Hegde Nagar,1703.0,3.0,130.0,3.0,7633.587786259542
Kudlu,1293.0,2.0,80.0,3.0,6187.161639597834
other,1450.0,3.0,75.0,3.0,5172.413793103448
5Th Phase Jp Nagar,1030.0,2.0,57.0,2.0,5533.980582524272
Epip Zone,2210.0,3.0,165.0,3.0,7466.06334841629
other,1738.0,3.0,110.0,3.0,6329.113924050633
Rajaji Nagar,1640.0,3.0,262.0,3.0,15975.609756097561
2Nd Stage Nagarbhavi,1200.0,4.0,240.0,5.0,20000.0
Thigalarapalya,3362.0,5.0,249.0,4.0,7406.305770374777
Mysore Road,1410.0,2.0,83.3,3.0,5907.801418439716
Sanjay Nagar,960.0,2.0,55.0,2.0,5729.166666666667
other,800.0,1.0,29.5,1.0,3687.5
Sarjapur Road,2650.0,3.0,260.0,3.0,9811.32075471698
Jakkur,1080.0,2.0,60.0,2.0,5555.555555555556
Hebbal,1150.0,2.0,55.0,2.0,4782.608695652174
Dasanapura,1286.0,2.0,68.0,3.0,5287.713841368584
Whitefield,2990.0,3.0,198.0,4.0,6622.0735785953175
Jp Nagar,1150.0,2.0,90.0,2.0,7826.086956521739
Cooke Town,1310.0,2.0,111.0,2.0,8473.282442748092
Prithvi Layout,1352.0,2.0,72.0,2.0,5325.443786982249
Channasandra,1500.0,4.0,89.45,4.0,5963.333333333333
other,1500.0,3.0,90.0,3.0,6000.0
Hosur Road,2800.0,4.0,241.0,4.0,8607.142857142857
Yelahanka,682.0,1.0,36.23,1.0,5312.316715542522
Whitefield,2500.0,4.0,420.0,4.0,16800.0
Haralur Road,1850.0,3.0,120.0,3.0,6486.486486486487
Gubbalala,2000.0,4.0,85.0,4.0,4250.0
other,2015.0,4.0,325.0,2.0,16129.032258064517
Thanisandra,1702.0,3.0,115.0,3.0,6756.756756756757
other,1050.0,2.0,110.0,2.0,10476.190476190477
Yelahanka,1023.0,2.0,52.59,2.0,5140.762463343109
Dairy Circle,1541.0,2.0,181.0,2.0,11745.619727449708
other,1275.0,2.0,105.0,2.0,8235.29411764706
Jakkur,1230.0,2.0,71.195,2.0,5788.21138211382
Sarjapur Road,1580.0,3.0,125.0,3.0,7911.392405063291
Bommasandra,1365.0,3.0,52.81,3.0,3868.864468864469
Shampura,1187.0,2.0,42.0,2.0,3538.3319292333613
Banashankari Stage Iii,1050.0,3.0,147.0,4.0,14000.0
Frazer Town,560.0,1.0,90.0,1.0,16071.42857142857
Banashankari Stage Iii,1000.0,2.0,120.0,3.0,12000.0
Nagadevanahalli,1200.0,5.0,260.0,5.0,21666.666666666668
Choodasandra,1075.0,2.0,45.0,2.0,4186.046511627907
Dairy Circle,2048.0,3.0,206.0,3.0,10058.59375
Raja Rajeshwari Nagar,1090.0,2.0,57.0,2.0,5229.357798165138
other,1119.0,2.0,48.5,3.0,4334.226988382485
other,1355.0,2.0,58.25,3.0,4298.89298892989
Hennur Road,1445.0,2.0,86.69,3.0,5999.307958477509
Electronics City Phase 1,1314.0,5.0,120.0,6.0,9132.4200913242
Malleshwaram,6500.0,4.0,1400.0,4.0,21538.46153846154
Kothanur,1787.0,3.0,107.0,3.0,5987.688864017907
other,3600.0,4.0,330.0,4.0,9166.666666666666
Battarahalli,1200.0,6.0,100.0,6.0,8333.333333333334
Sarjapur Road,1797.0,4.0,95.0,3.0,5286.588759042849
other,1095.0,2.0,55.85,2.0,5100.456621004566
Yelahanka,1560.0,2.0,98.0,3.0,6282.051282051282
5Th Phase Jp Nagar,1200.0,2.0,68.0,2.0,5666.666666666667
Rajaji Nagar,1200.0,1.0,200.0,2.0,16666.666666666668
Thanisandra,1935.0,4.0,122.0,3.0,6304.909560723514
Jakkur,1816.0,3.0,119.0,3.0,6552.863436123348
7Th Phase Jp Nagar,1680.0,3.0,125.0,3.0,7440.476190476191
Kengeri,1220.0,2.0,63.0,2.0,5163.934426229508
Hosur Road,3000.0,4.0,160.0,4.0,5333.333333333333
7Th Phase Jp Nagar,980.0,2.0,86.0,2.0,8775.510204081633
Nagarbhavi,1200.0,4.0,210.0,4.0,17500.0
Jakkur,1424.0,2.0,80.0,2.0,5617.9775280898875
Hennur Road,1297.0,2.0,49.9,2.0,3847.3400154202004
Karuna Nagar,1300.0,3.0,170.0,3.0,13076.923076923076
Harlur,1290.0,2.0,89.9,2.0,6968.992248062015
Judicial Layout,1200.0,7.0,199.0,7.0,16583.333333333332
other,2320.0,2.0,160.0,3.0,6896.551724137931
other,1237.0,3.0,78.0,3.0,6305.578011317704
Whitefield,1720.0,3.0,98.97,3.0,5754.069767441861
Chikkalasandra,1224.0,2.0,45.0,2.0,3676.470588235294
Yelahanka,1780.0,3.0,107.0,3.0,6011.23595505618
Seegehalli,4700.0,5.0,800.0,4.0,17021.27659574468
Electronics City Phase 1,1800.0,3.0,93.0,3.0,5166.666666666667
other,588.0,1.0,88.2,1.0,15000.0
other,700.0,2.0,35.0,2.0,5000.0
Kengeri,1150.0,1.0,52.0,1.0,4521.739130434783
Channasandra,1330.0,2.0,51.83,3.0,3896.9924812030076
Kodigehaali,965.0,2.0,38.0,2.0,3937.8238341968913
Whitefield,1600.0,3.0,95.0,3.0,5937.5
other,1464.0,2.0,56.0,2.0,3825.136612021858
Frazer Town,3100.0,3.0,400.0,3.0,12903.225806451614
Bisuvanahalli,1075.0,2.0,45.0,3.0,4186.046511627907
other,1840.0,1.0,95.0,2.0,5163.04347826087
other,2400.0,4.0,89.0,4.0,3708.3333333333335
Lakshminarayana Pura,1169.0,2.0,75.0,2.0,6415.739948674081
Lingadheeranahalli,1683.0,3.0,110.0,3.0,6535.9477124183
other,1250.0,2.0,44.0,3.0,3520.0
Green Glen Layout,3150.0,4.0,218.0,4.0,6920.6349206349205
other,1200.0,2.0,140.0,4.0,11666.666666666666
Bhoganhalli,1234.6,3.0,104.0,3.0,8423.780981694477
Vijayanagar,492.0,1.0,40.0,1.0,8130.081300813008
Kalena Agrahara,1902.0,3.0,89.0,3.0,4679.2849631966355
other,1200.0,6.0,125.0,6.0,10416.666666666666
other,1639.0,3.0,77.89,3.0,4752.2879804758995
other,565.0,2.0,15.0,2.0,2654.8672566371683
Basaveshwara Nagar,2520.0,4.0,378.0,5.0,15000.0
Harlur,1386.0,2.0,85.0,2.0,6132.7561327561325
Marathahalli,1720.0,3.0,175.0,3.0,10174.418604651162
Bannerghatta Road,1655.0,3.0,90.0,3.0,5438.0664652567975
Vidyaranyapura,1200.0,2.0,52.0,2.0,4333.333333333333
Horamavu Banaswadi,1610.0,3.0,68.0,3.0,4223.60248447205
Mahalakshmi Layout,1105.0,2.0,80.0,2.0,7239.819004524887
Banjara Layout,753.0,3.0,59.5,2.0,7901.726427622842
Whitefield,1655.0,3.0,108.0,3.0,6525.679758308157
other,1700.0,3.0,250.0,3.0,14705.882352941177
Vishwapriya Layout,770.0,2.0,30.0,2.0,3896.103896103896
Kanakpura Road,700.0,1.0,41.0,2.0,5857.142857142857
Whitefield,1740.0,3.0,95.0,3.0,5459.770114942528
Sarjapur Road,1763.25,3.0,98.0,3.0,5557.918616191691
Basaveshwara Nagar,1900.0,3.0,150.0,3.0,7894.736842105263
Kammanahalli,1000.0,6.0,150.0,6.0,15000.0
Cv Raman Nagar,1836.0,3.0,148.0,3.0,8061.002178649237
other,1160.0,2.0,75.0,2.0,6465.517241379311
Hennur Road,1153.0,2.0,43.0,2.0,3729.4015611448394
other,2500.0,3.0,400.0,3.0,16000.0
Kadubeesanahalli,1257.0,2.0,105.0,2.0,8353.221957040572
Hormavu,527.0,1.0,28.275,1.0,5365.27514231499
Tumkur Road,1240.0,2.0,79.0,3.0,6370.967741935484
Basapura,1294.0,2.0,52.0,3.0,4018.5471406491497
other,1095.0,2.0,45.0,2.0,4109.58904109589
Hsr Layout,1145.0,2.0,46.0,2.0,4017.467248908297
Sarjapur Road,1826.0,3.0,130.0,3.0,7119.386637458927
other,1040.0,2.0,36.84,2.0,3542.307692307693
Jakkur,1290.0,2.0,85.0,2.0,6589.147286821705
Kodigehaali,1200.0,4.0,130.0,4.0,10833.333333333334
other,1325.0,2.0,47.0,3.0,3547.169811320755
Hebbal,2600.0,3.0,195.0,3.0,7500.0
Balagere,645.0,1.0,42.295,1.0,6557.364341085271
Hebbal,1075.0,2.0,52.0,2.0,4837.209302325581
other,1108.0,2.0,48.0,2.0,4332.129963898917
Ananth Nagar,810.0,2.0,25.5,2.0,3148.1481481481483
other,1155.0,2.0,65.0,2.0,5627.705627705628
Rajaji Nagar,3900.0,6.0,260.0,6.0,6666.666666666667
Rajaji Nagar,2367.0,3.0,375.0,3.0,15842.839036755386
Sarjapur Road,1550.0,2.0,98.0,3.0,6322.580645161291
Babusapalaya,1100.0,2.0,38.0,2.0,3454.5454545454545
other,1464.0,3.0,56.0,3.0,3825.136612021858
other,1500.0,3.0,67.49,3.0,4499.333333333333
Anekal,456.0,1.0,15.0,1.0,3289.4736842105262
Ramamurthy Nagar,1200.0,4.0,125.0,4.0,10416.666666666666
Thigalarapalya,3122.0,6.0,245.0,4.0,7847.533632286995
Horamavu Agara,760.0,2.0,37.49,2.0,4932.894736842105
Koramangala,2400.0,6.0,480.0,6.0,20000.0
Choodasandra,1180.0,2.0,71.22,2.0,6035.593220338983
Kaggadasapura,775.0,2.0,29.5,2.0,3806.451612903226
other,1060.0,2.0,42.5,2.0,4009.433962264151
Cooke Town,3900.0,5.0,415.0,4.0,10641.02564102564
Bhoganhalli,2439.0,4.0,190.0,4.0,7790.077900779008
1St Phase Jp Nagar,1200.0,4.0,300.0,4.0,25000.0
other,984.0,2.0,125.0,2.0,12703.252032520326
Devanahalli,1550.0,3.0,85.0,3.0,5483.870967741936
Balagere,1012.0,2.0,65.0,2.0,6422.924901185771
Thanisandra,933.0,2.0,55.0,2.0,5894.962486602358
Sarjapur,1200.0,3.0,76.13,3.0,6344.166666666667
other,1148.0,2.0,69.0,2.0,6010.452961672474
other,1719.0,3.0,110.0,3.0,6399.069226294358
Whitefield,1350.0,2.0,88.0,2.0,6518.518518518518
1St Block Jayanagar,1700.0,3.0,50.0,8.0,2941.176470588235
Mahalakshmi Layout,4320.0,7.0,821.0,9.0,19004.62962962963
Lakshminarayana Pura,1200.0,2.0,75.0,2.0,6250.0
other,1420.0,3.0,70.0,3.0,4929.577464788732
Ramagondanahalli,9600.0,6.0,1800.0,5.0,18750.0
Kanakpura Road,1703.0,3.0,126.0,3.0,7398.7081620669405
Old Madras Road,1210.0,2.0,80.0,2.0,6611.570247933884
Horamavu Banaswadi,1210.0,2.0,50.0,2.0,4132.231404958678
other,3000.0,4.0,264.0,4.0,8800.0
other,1398.0,3.0,51.0,3.0,3648.068669527897
Nagavarapalya,1335.0,2.0,110.0,2.0,8239.700374531834
Hennur,1255.0,2.0,52.32,2.0,4168.924302788844
Mysore Road,540.0,4.0,85.0,4.0,15740.74074074074
Yelahanka,1076.0,2.0,78.0,2.0,7249.07063197026
other,1320.0,2.0,90.0,2.0,6818.181818181818
Whitefield,1216.0,2.0,80.0,2.0,6578.9473684210525
Thanisandra,1183.0,2.0,77.3,2.0,6534.234995773458
Balagere,656.0,1.0,38.77,1.0,5910.0609756097565
Sarjapur Road,534.0,1.0,19.65,1.0,3679.775280898876
other,1285.0,2.0,45.0,3.0,3501.9455252918287
Hegde Nagar,2087.01,4.0,135.0,3.0,6468.584242528785
other,1161.0,2.0,59.0,2.0,5081.82601205857
Begur,1306.0,2.0,65.0,2.0,4977.029096477795
Jakkur,2249.81,4.0,245.0,4.0,10889.808472715475
other,1504.0,3.0,67.0,3.0,4454.787234042553
Balagere,645.0,1.0,39.0,1.0,6046.511627906977
other,1230.0,2.0,68.0,2.0,5528.455284552845
Hebbal,1100.0,2.0,42.0,2.0,3818.181818181818
other,1260.0,2.0,62.0,2.0,4920.6349206349205
Ambalipura,1817.0,3.0,102.0,3.0,5613.648871766648
Kodihalli,3626.0,5.0,785.0,4.0,21649.20022062879
Kr Puram,1050.0,2.0,55.0,2.0,5238.0952380952385
Whitefield,2900.0,4.0,225.0,4.0,7758.620689655172
Kasavanhalli,2110.0,4.0,120.0,3.0,5687.203791469195
Mysore Road,500.0,1.0,17.5,1.0,3500.0
other,4560.0,5.0,430.0,4.0,9429.82456140351
Ananth Nagar,890.0,2.0,27.0,2.0,3033.7078651685392
Gunjur Palya,849.0,2.0,25.4,2.0,2991.7550058892816
Chikka Tirupathi,1555.0,3.0,100.0,3.0,6430.868167202572
other,600.0,2.0,85.0,3.0,14166.666666666666
7Th Phase Jp Nagar,1680.0,3.0,122.0,3.0,7261.9047619047615
other,799.0,2.0,35.0,2.0,4380.475594493117
Sarjapur Road,1819.0,3.0,100.0,3.0,5497.526113249038
Hsr Layout,2020.0,3.0,160.0,3.0,7920.792079207921
other,2700.0,4.0,170.0,5.0,6296.2962962962965
Dasarahalli,1950.0,3.0,125.0,3.0,6410.25641025641
other,1077.0,2.0,34.46,2.0,3199.6285979572885
Brookefield,1706.0,3.0,115.0,3.0,6740.914419695194
other,3000.0,4.0,300.0,5.0,10000.0
Channasandra,1093.0,2.0,37.0,2.0,3385.1784080512352
Ambalipura,2750.0,4.0,142.0,4.0,5163.636363636364
Whitefield,1340.0,2.0,101.0,2.0,7537.313432835821
Sarjapur Road,984.0,2.0,59.0,2.0,5995.934959349594
Aecs Layout,1135.0,2.0,68.0,2.0,5991.1894273127755
Bannerghatta Road,2400.0,4.0,344.0,4.0,14333.333333333334
Kaggalipura,700.0,1.0,35.0,1.0,5000.0
Hormavu,1385.0,2.0,69.25,3.0,5000.0
Akshaya Nagar,2061.0,4.0,175.0,3.0,8491.02377486657
Bellandur,1015.0,2.0,60.0,2.0,5911.330049261083
Banashankari Stage Iii,3000.0,6.0,150.0,6.0,5000.0
Electronic City,1108.0,2.0,63.0,2.0,5685.9205776173285
Hennur Road,1445.0,2.0,83.0,3.0,5743.9446366782
Vasanthapura,1500.0,2.0,65.0,2.0,4333.333333333333
Kr Puram,1085.0,2.0,46.5,2.0,4285.714285714285
Kadugodi,2760.0,4.0,290.0,4.0,10507.246376811594
Sarjapura - Attibele Road,1330.0,2.0,49.0,3.0,3684.2105263157896
Kadugodi,1762.0,3.0,112.0,3.0,6356.413166855846
Ambalipura,1303.0,2.0,80.0,2.0,6139.677666922486
other,1560.0,2.0,125.0,3.0,8012.820512820513
other,1290.0,3.0,45.33,3.0,3513.953488372093
9Th Phase Jp Nagar,1780.0,3.0,88.0,3.0,4943.820224719101
Hennur,2557.0,2.0,170.0,4.0,6648.4161126319905
other,7500.0,5.0,1500.0,5.0,20000.0
other,1012.0,2.0,59.0,2.0,5830.0395256917
Kengeri,1192.0,2.0,53.5,2.0,4488.255033557047
Abbigere,795.0,2.0,32.54,2.0,4093.0817610062895
Sarjapur Road,1489.0,3.0,88.0,3.0,5910.006715916723
Sarjapur,1200.0,2.0,62.0,2.0,5166.666666666667
Ananth Nagar,1200.0,2.0,36.0,2.0,3000.0
Vidyaranyapura,2640.0,6.0,225.0,5.0,8522.727272727272
Bannerghatta Road,1650.0,3.0,94.0,3.0,5696.969696969697
other,1245.0,2.0,120.0,2.0,9638.55421686747
Ardendale,1224.0,2.0,67.0,2.0,5473.856209150327
Gunjur,1235.0,2.0,52.76,2.0,4272.064777327935
Yelenahalli,1200.0,2.0,45.6,2.0,3800.0
Yelahanka,1342.0,2.0,75.0,3.0,5588.673621460507
9Th Phase Jp Nagar,600.0,3.0,79.0,3.0,13166.666666666666
Tc Palaya,1800.0,2.0,80.0,2.0,4444.444444444444
Rajaji Nagar,2440.0,2.0,415.0,4.0,17008.196721311477
Abbigere,1130.0,2.0,46.33,2.0,4100.0
Somasundara Palya,1186.0,2.0,72.0,2.0,6070.826306913997
Hennur,1295.0,2.0,64.0,2.0,4942.084942084942
Kudlu Gate,1535.0,3.0,85.0,3.0,5537.459283387622
Bannerghatta Road,905.0,2.0,65.0,2.0,7182.32044198895
Bhoganhalli,1447.0,2.0,75.97,2.0,5250.172771250864
Kanakpura Road,1328.0,2.0,107.0,2.0,8057.22891566265
other,1485.0,2.0,110.0,3.0,7407.407407407408
Vidyaranyapura,1175.0,2.0,35.0,2.0,2978.723404255319
Thigalarapalya,1245.0,2.0,100.0,2.0,8032.128514056225
other,720.0,4.0,95.0,4.0,13194.444444444445
Koramangala,4000.0,5.0,800.0,5.0,20000.0
Hoskote,1395.0,2.0,63.0,3.0,4516.129032258064
Hoodi,706.0,1.0,42.65,1.0,6041.076487252125
Electronic City,630.0,1.0,40.5,1.0,6428.571428571428
other,2400.0,4.0,88.0,4.0,3666.6666666666665
Marathahalli,2500.0,5.0,181.0,4.0,7240.0
Gubbalala,1100.0,2.0,49.5,2.0,4500.0
Hulimavu,3560.0,5.0,318.0,4.0,8932.58426966292
Margondanahalli,900.0,2.0,55.0,2.0,6111.111111111111
Bommasandra Industrial Area,1160.0,2.0,33.51,2.0,2888.793103448276
Tumkur Road,1441.0,2.0,95.0,3.0,6592.64399722415
other,1115.0,2.0,50.0,2.0,4484.304932735426
Yeshwanthpur,1825.0,3.0,145.0,3.0,7945.2054794520545
other,1489.0,2.0,101.0,2.0,6783.075889858966
other,2800.0,4.0,365.0,4.0,13035.714285714286
Koramangala,1130.0,2.0,63.0,2.0,5575.221238938053
Hrbr Layout,1900.0,3.0,90.0,4.0,4736.8421052631575
Choodasandra,1140.0,2.0,62.0,2.0,5438.596491228071
other,1464.0,3.0,56.0,3.0,3825.136612021858
Sarjapur,3508.0,6.0,425.0,4.0,12115.165336374002
Kr Puram,1700.0,3.0,105.0,3.0,6176.470588235294
other,1600.0,2.0,90.0,3.0,5625.0
Ombr Layout,3400.0,4.0,275.0,4.0,8088.235294117647
other,1508.0,3.0,75.0,3.0,4973.474801061008
Balagere,645.0,1.0,41.0,1.0,6356.589147286822
Hormavu,1046.0,2.0,60.0,2.0,5736.137667304015
Munnekollal,1200.0,8.0,230.0,10.0,19166.666666666668
other,1500.0,1.0,300.0,1.0,20000.0
other,3000.0,6.0,300.0,6.0,10000.0
Thubarahalli,975.0,2.0,50.0,2.0,5128.205128205128
Isro Layout,1050.0,2.0,51.0,2.0,4857.142857142857
other,1903.0,3.0,165.0,3.0,8670.520231213874
other,1200.0,2.0,38.0,2.0,3166.6666666666665
other,2996.0,4.0,200.0,4.0,6675.567423230975
other,3400.0,4.0,200.0,4.0,5882.35294117647
Whitefield,2000.0,4.0,312.0,4.0,15600.0
Jigani,1453.0,4.0,160.0,4.0,11011.699931176876
Parappana Agrahara,1092.0,2.0,43.0,2.0,3937.7289377289376
Hormavu,1400.0,2.0,75.0,2.0,5357.142857142857
Bommanahalli,1416.0,2.0,85.0,3.0,6002.824858757062
other,1602.0,2.0,75.0,3.0,4681.647940074907
Kothanur,1760.0,3.0,110.0,3.0,6250.0
Marathahalli,3800.0,4.0,235.0,4.0,6184.210526315789
Vasanthapura,1037.0,2.0,36.28,2.0,3498.553519768563
other,551.0,1.0,30.0,1.0,5444.64609800363
7Th Phase Jp Nagar,500.0,1.0,70.0,1.0,14000.0
Sarjapur,900.0,2.0,27.98,2.0,3108.8888888888887
Anandapura,1415.0,2.0,74.0,3.0,5229.681978798587
other,1400.0,2.0,44.8,2.0,3200.0
other,1300.0,4.0,52.0,7.0,4000.0
other,2850.0,4.0,460.0,3.0,16140.350877192983
Kudlu,1030.0,2.0,75.0,2.0,7281.553398058252
Kambipura,883.0,2.0,39.0,2.0,4416.761041902605
other,550.0,1.0,16.0,1.0,2909.090909090909
other,1800.0,4.0,55.0,4.0,3055.5555555555557
other,10000.0,5.0,1950.0,5.0,19500.0
Old Madras Road,1210.0,2.0,77.0,2.0,6363.636363636364
other,1780.0,3.0,100.0,3.0,5617.9775280898875
other,950.0,5.0,55.0,5.0,5789.473684210527
Marathahalli,3951.0,4.0,230.0,4.0,5821.311060491015
other,1050.0,2.0,49.5,2.0,4714.285714285715
other,1843.0,3.0,87.54,3.0,4749.864351600651
other,1200.0,4.0,175.0,4.0,14583.333333333334
Somasundara Palya,1186.0,2.0,76.0,2.0,6408.0944350758855
Haralur Road,560.0,1.0,45.0,1.0,8035.714285714285
Narayanapura,2357.0,3.0,135.0,3.0,5727.619855748833
Mahalakshmi Layout,1200.0,3.0,160.0,4.0,13333.333333333334
Yelahanka,1823.0,3.0,103.0,3.0,5650.027427317608
other,1310.0,3.0,90.0,3.0,6870.229007633588
Whitefield,1500.0,3.0,78.57,3.0,5237.999999999999
other,1400.0,2.0,80.0,3.0,5714.285714285715
Hrbr Layout,1625.0,3.0,120.0,3.0,7384.615384615385
Chikkalasandra,1500.0,5.0,265.0,5.0,17666.666666666668
other,900.0,2.0,24.0,2.0,2666.6666666666665
Talaghattapura,1100.0,2.0,32.0,2.0,2909.090909090909
Bannerghatta Road,1000.0,2.0,50.0,2.0,5000.0
Yeshwanthpur,994.0,2.0,54.67,1.0,5500.0
Kaggadasapura,1455.0,3.0,75.0,3.0,5154.639175257732
Chandapura,1200.0,3.0,79.0,5.0,6583.333333333333
Lakshminarayana Pura,1172.0,2.0,75.0,2.0,6399.317406143345
Hennur,1935.0,3.0,102.0,3.0,5271.3178294573645
Rachenahalli,1856.0,3.0,106.0,3.0,5711.206896551724
Old Airport Road,2392.0,3.0,249.0,3.0,10409.69899665552
Raja Rajeshwari Nagar,1757.0,3.0,98.0,3.0,5577.689243027889
Whitefield,1626.0,3.0,85.0,3.0,5227.552275522755
other,1200.0,2.0,54.0,2.0,4500.0
Kr Puram,1200.0,2.0,72.0,2.0,6000.0
Harlur,1174.0,2.0,74.0,2.0,6303.236797274276
Kanakpura Road,1140.0,2.0,65.0,2.0,5701.754385964912
other,1603.0,2.0,125.0,3.0,7797.878976918279
Subramanyapura,1278.0,3.0,70.0,3.0,5477.308294209703
other,2180.0,3.0,285.0,3.0,13073.394495412844
Banashankari Stage Iii,1085.0,2.0,50.0,2.0,4608.294930875576
other,450.0,1.0,30.0,1.0,6666.666666666667
Rajaji Nagar,6500.0,5.0,1400.0,4.0,21538.46153846154
other,3000.0,4.0,301.0,4.0,10033.333333333334
Sarjapur Road,702.0,1.0,52.0,1.0,7407.407407407408
other,1160.0,2.0,40.53,2.0,3493.9655172413795
Vidyaranyapura,1050.0,2.0,50.0,2.0,4761.9047619047615
Jp Nagar,1960.0,3.0,138.0,3.0,7040.816326530612
Ganga Nagar,1200.0,3.0,52.0,2.0,4333.333333333333
Judicial Layout,1200.0,4.0,220.0,3.0,18333.333333333332
Kudlu,1700.0,3.0,125.0,3.0,7352.941176470588
8Th Phase Jp Nagar,1800.0,4.0,230.0,4.0,12777.777777777777
other,612.0,3.0,47.0,4.0,7679.738562091503
other,1275.0,2.0,69.0,2.0,5411.764705882353
Yeshwanthpur,650.0,1.0,40.0,1.0,6153.846153846154
Kasavanhalli,1495.0,2.0,110.0,2.0,7357.859531772575
Hebbal,1200.0,2.0,48.0,2.0,4000.0
Sarjapura - Attibele Road,3750.0,6.0,295.0,5.0,7866.666666666667
Hennur Road,1679.0,3.0,94.86,3.0,5649.791542584872
Kaval Byrasandra,1450.0,3.0,75.0,3.0,5172.413793103448
Balagere,1210.0,2.0,82.0,2.0,6776.859504132231
other,1300.0,2.0,51.0,3.0,3923.076923076923
Judicial Layout,1165.0,2.0,49.61,2.0,4258.369098712446
other,1623.0,3.0,155.0,3.0,9550.215650030807
Channasandra,1115.0,2.0,35.8,2.0,3210.7623318385645
Btm Layout,450.0,1.0,20.0,1.0,4444.444444444444
Electronics City Phase 1,1170.0,2.0,62.0,2.0,5299.145299145299
Kr Puram,2065.0,4.0,248.0,4.0,12009.685230024214
Marathahalli,1700.0,3.0,126.0,3.0,7411.764705882353
Malleshpalya,1245.0,2.0,55.0,2.0,4417.6706827309235
Kanakapura,1017.0,2.0,66.0,2.0,6489.675516224189
7Th Phase Jp Nagar,650.0,6.0,80.0,6.0,12307.692307692309
Sarjapur Road,1242.0,2.0,75.0,2.0,6038.647342995169
Yelahanka,1792.0,3.0,104.0,3.0,5803.571428571428
other,1275.0,3.0,55.0,3.0,4313.725490196079
8Th Phase Jp Nagar,1200.0,6.0,260.0,6.0,21666.666666666668
other,2400.0,3.0,408.0,3.0,17000.0
Electronic City,605.0,1.0,22.0,1.0,3636.3636363636365
Hbr Layout,1200.0,4.0,115.0,4.0,9583.333333333334
Electronics City Phase 1,1450.0,3.0,79.0,3.0,5448.275862068966
Bommenahalli,1232.0,3.0,96.0,3.0,7792.207792207792
Laggere,1800.0,5.0,70.0,5.0,3888.8888888888887
other,900.0,1.0,52.3,1.0,5811.111111111111
Kaggadasapura,1200.0,2.0,40.0,2.0,3333.3333333333335
Kadugodi,2100.0,3.0,204.0,4.0,9714.285714285714
other,1075.0,2.0,48.38,2.0,4500.46511627907
other,1508.0,5.0,240.0,6.0,15915.119363395226
other,780.0,2.0,31.0,2.0,3974.358974358974
Ramagondanahalli,1910.0,3.0,150.0,3.0,7853.4031413612565
Cox Town,1280.0,2.0,120.0,2.0,9375.0
Raja Rajeshwari Nagar,1530.0,3.0,64.0,3.0,4183.006535947712
Bhoganhalli,2439.0,5.0,170.0,4.0,6970.069700697007
other,1088.0,2.0,43.5,2.0,3998.1617647058824
Harlur,1174.0,2.0,78.0,2.0,6643.9522998296425
Raja Rajeshwari Nagar,1587.0,3.0,73.8,3.0,4650.283553875236
Kaggadasapura,1045.0,2.0,55.0,2.0,5263.1578947368425
Yelahanka,1304.0,2.0,69.97,2.0,5365.79754601227
Whitefield,1100.0,2.0,65.0,2.0,5909.090909090909
Devanahalli,2125.0,3.0,107.0,3.0,5035.294117647059
Varthur,1000.0,4.0,65.0,5.0,6500.0
Parappana Agrahara,1194.0,2.0,45.0,2.0,3768.8442211055276
other,1070.0,2.0,32.99,2.0,3083.177570093458
Whitefield,1270.0,2.0,65.0,3.0,5118.110236220473
other,1000.0,2.0,31.0,2.0,3100.0
Vittasandra,1246.0,2.0,69.0,2.0,5537.720706260032
Gubbalala,1060.0,2.0,46.0,2.0,4339.622641509434
Ananth Nagar,1319.0,3.0,37.75,3.0,2862.016679302502
Kaikondrahalli,991.0,2.0,64.0,2.0,6458.123107971745
Thanisandra,662.0,1.0,38.0,1.0,5740.181268882176
other,1200.0,2.0,110.0,2.0,9166.666666666666
other,1400.0,2.0,78.0,3.0,5571.428571428572
Talaghattapura,1575.0,3.0,80.0,3.0,5079.3650793650795
Electronic City,717.0,5.0,78.0,5.0,10878.661087866109
Ananth Nagar,1319.0,3.0,42.0,3.0,3184.230477634572
Brookefield,2000.0,3.0,300.0,3.0,15000.0
9Th Phase Jp Nagar,600.0,3.0,85.0,3.0,14166.666666666666
Singasandra,600.0,1.0,45.0,1.0,7500.0
Kodigehalli,500.0,1.0,55.0,2.0,11000.0
Bharathi Nagar,1349.0,2.0,56.7,2.0,4203.113417346182
Whitefield,3117.0,3.0,261.0,3.0,8373.435996150145
Hsr Layout,1844.0,3.0,95.0,3.0,5151.843817787419
Thigalarapalya,1830.0,4.0,150.0,3.0,8196.72131147541
Sarjapur Road,2275.0,4.0,185.0,3.0,8131.868131868132
Bannerghatta,1791.0,2.0,246.0,4.0,13735.34338358459
Varthur Road,1140.0,2.0,49.11,2.0,4307.894736842105
Banjara Layout,900.0,3.0,79.0,3.0,8777.777777777777
other,2648.0,3.0,238.0,3.0,8987.915407854985
Judicial Layout,5400.0,4.0,700.0,5.0,12962.962962962964
other,1455.0,2.0,45.0,3.0,3092.783505154639
Hebbal,1100.0,2.0,38.0,2.0,3454.5454545454545
other,1475.0,3.0,80.0,3.0,5423.728813559322
Nagavarapalya,1788.0,3.0,164.0,3.0,9172.259507829978
Yeshwanthpur,1855.0,3.0,140.0,3.0,7547.169811320755
Kudlu Gate,1850.0,3.0,120.0,3.0,6486.486486486487
Whitefield,1216.0,2.0,73.0,2.0,6003.289473684211
other,1721.0,3.0,93.0,3.0,5403.834979662986
Sonnenahalli,1059.0,2.0,62.0,2.0,5854.579792256846
Kadubeesanahalli,1184.0,2.0,55.0,2.0,4645.27027027027
Yelahanka,1400.0,5.0,175.0,7.0,12500.0
Koramangala,2223.0,3.0,300.0,3.0,13495.27665317139
other,1480.0,3.0,75.0,3.0,5067.5675675675675
Kodigehalli,635.0,1.0,28.0,2.0,4409.4488188976375
Beml Layout,2400.0,2.0,228.0,2.0,9500.0
Sarjapur Road,3200.0,4.0,350.0,4.0,10937.5
Kanakpura Road,3170.0,4.0,250.0,4.0,7886.435331230284
other,4800.0,4.0,420.0,4.0,8750.0
Kothannur,1485.0,2.0,59.4,3.0,4000.0
Rajaji Nagar,1640.0,3.0,251.0,3.0,15304.878048780487
other,900.0,2.0,41.0,2.0,4555.555555555556
other,1163.0,2.0,68.0,2.0,5846.947549441101
Yelahanka New Town,485.021334,2.0,18.0,1.0,3711.1769603107805
Hennur Road,1654.0,3.0,97.8,3.0,5912.938331318017
other,799.0,1.0,33.645,1.0,4210.888610763455
Bellandur,1685.0,3.0,101.0,3.0,5994.06528189911
Banashankari,1540.0,3.0,80.0,3.0,5194.805194805195
other,1300.0,2.0,80.0,3.0,6153.846153846154
Sultan Palaya,1009.0,2.0,65.0,2.0,6442.021803766105
other,1540.0,3.0,65.0,3.0,4220.779220779221
Bellandur,1735.0,3.0,105.0,3.0,6051.873198847262
Hsr Layout,2500.0,4.0,300.0,4.0,12000.0
Marsur,497.0,1.0,20.0,2.0,4024.1448692152917
Hosakerehalli,2480.0,4.0,265.0,3.0,10685.483870967742
other,1215.0,2.0,46.8,3.0,3851.8518518518517
Bommasandra Industrial Area,1125.0,2.0,32.49,2.0,2888.0
Hosa Road,1360.0,2.0,77.61,2.0,5706.617647058823
Haralur Road,1710.0,3.0,85.0,3.0,4970.7602339181285
other,2400.0,4.0,135.0,4.0,5625.0
Vittasandra,1246.0,2.0,67.0,2.0,5377.2070626003215
Ganga Nagar,998.0,2.0,65.0,2.0,6513.026052104208
Doddaballapur,2400.0,3.0,250.0,3.0,10416.666666666666
Koramangala,1744.0,4.0,210.0,3.0,12041.284403669724
Karuna Nagar,1354.0,2.0,98.0,3.0,7237.81388478582
other,3300.0,9.0,450.0,10.0,13636.363636363636
Brookefield,1389.0,2.0,94.0,2.0,6767.458603311735
Cooke Town,2560.0,4.0,310.0,3.0,12109.375
Lakshminarayana Pura,1172.0,2.0,75.0,2.0,6399.317406143345
other,500.0,2.0,75.0,3.0,15000.0
Dodda Nekkundi,1315.0,2.0,50.0,2.0,3802.2813688212927
Raja Rajeshwari Nagar,1450.0,2.0,67.0,3.0,4620.689655172414
Rayasandra,470.0,1.0,21.0,1.0,4468.085106382979
other,1040.0,2.0,78.0,2.0,7500.0
other,1215.0,2.0,50.0,3.0,4115.22633744856
Budigere,664.0,1.0,34.0,1.0,5120.481927710844
Babusapalaya,1200.0,2.0,105.0,2.0,8750.0
Bharathi Nagar,1328.0,2.0,69.0,2.0,5195.78313253012
other,975.0,2.0,45.0,2.0,4615.384615384615
other,1907.0,2.0,200.0,3.0,10487.676979549029
other,1330.0,2.0,80.0,2.0,6015.037593984963
Munnekollal,1222.0,3.0,95.0,3.0,7774.140752864158
Dodsworth Layout,4446.0,3.0,410.0,3.0,9221.772379667116
Sarjapur Road,2100.0,3.0,135.0,3.0,6428.571428571428
Sarjapur Road,3335.0,4.0,290.0,4.0,8695.652173913044
Whitefield,3150.0,3.0,290.0,3.0,9206.349206349207
other,1320.0,2.0,95.0,3.0,7196.969696969697
9Th Phase Jp Nagar,820.0,7.0,140.0,7.0,17073.170731707316
other,8000.0,5.0,550.0,5.0,6875.0
Hennur Road,2400.0,5.0,500.0,4.0,20833.333333333332
Hosur Road,2000.0,4.0,130.0,4.0,6500.0
other,1000.0,2.0,50.0,2.0,5000.0
Gunjur Palya,1400.0,3.0,45.0,3.0,3214.285714285714
other,1000.0,2.0,35.0,2.0,3500.0
Rajaji Nagar,1056.0,1.0,250.0,2.0,23674.242424242424
Hebbal,2470.0,5.0,188.0,4.0,7611.336032388664
other,1225.0,2.0,48.0,2.0,3918.3673469387754
Indira Nagar,2800.0,4.0,365.0,4.0,13035.714285714286
Seegehalli,1683.0,3.0,80.0,3.0,4753.416518122401
Hennur Road,1305.0,2.0,110.0,3.0,8429.11877394636
Sarjapur Road,3009.0,3.0,331.0,3.0,11000.33233632436
Kaggadasapura,1654.0,3.0,70.0,3.0,4232.1644498186215
other,4500.0,3.0,225.0,4.0,5000.0
Kadugodi,1890.0,4.0,125.0,3.0,6613.756613756614
Banashankari,675.0,4.0,140.0,4.0,20740.74074074074
Hormavu,2400.0,3.0,177.0,3.0,7375.0
2Nd Stage Nagarbhavi,1200.0,4.0,240.0,5.0,20000.0
Koramangala,1410.0,2.0,280.0,4.0,19858.156028368794
7Th Phase Jp Nagar,1680.0,3.0,130.0,3.0,7738.0952380952385
other,3500.0,4.0,500.0,3.0,14285.714285714286
Sarjapur Road,1700.0,3.0,93.5,3.0,5500.0
other,2200.0,2.0,150.0,4.0,6818.181818181818
Thanisandra,1595.0,3.0,105.0,3.0,6583.0721003134795
Hennur Road,1480.0,3.0,100.0,3.0,6756.756756756757
other,1092.0,3.0,95.0,3.0,8699.6336996337
Koramangala,1866.0,4.0,245.0,3.0,13129.689174705252
Hebbal,3895.0,3.0,390.0,3.0,10012.836970474968
Banashankari,1683.0,3.0,115.0,3.0,6833.036244800951
Banaswadi,1340.0,2.0,73.0,2.0,5447.761194029851
other,1100.0,3.0,53.0,3.0,4818.181818181818
Akshaya Nagar,2000.0,1.0,200.0,1.0,10000.0
Chandapura,1025.0,2.0,27.68,2.0,2700.487804878049
Haralur Road,1730.0,3.0,95.0,3.0,5491.329479768786
Hennur Road,1450.0,3.0,88.6,3.0,6110.3448275862065
Sarjapur Road,1862.0,4.0,110.0,3.0,5907.626208378088
Sarjapur Road,4000.0,5.0,578.0,4.0,14450.0
Old Madras Road,2430.0,5.0,180.0,3.0,7407.407407407408
Hoodi,783.0,1.0,40.55,1.0,5178.799489144316
other,1170.0,2.0,50.0,2.0,4273.504273504273
other,1075.0,2.0,50.0,2.0,4651.162790697675
Sarjapur,850.0,2.0,32.0,2.0,3764.705882352941
other,935.0,2.0,45.9,2.0,4909.090909090909
Gollarapalya Hosahalli,1905.0,3.0,86.0,4.0,4514.435695538058
other,2000.0,6.0,300.0,6.0,15000.0
9Th Phase Jp Nagar,600.0,6.0,75.0,6.0,12500.0
Chikkabanavar,1500.0,4.0,105.0,4.0,7000.0
other,1120.0,2.0,36.0,2.0,3214.285714285714
other,750.0,3.0,95.0,5.0,12666.666666666666
Uttarahalli,1270.0,2.0,55.25,3.0,4350.393700787402
Iblur Village,5384.0,5.0,420.0,5.0,7800.891530460624
Sahakara Nagar,1180.0,2.0,72.0,2.0,6101.6949152542375
other,1130.0,2.0,75.0,2.0,6637.168141592921
Ardendale,1723.0,3.0,95.0,3.0,5513.6390017411495
Ambalipura,1607.0,2.0,112.0,3.0,6969.508400746733
other,1334.0,2.0,62.0,2.0,4647.67616191904
Vishwapriya Layout,2800.0,5.0,130.0,5.0,4642.857142857143
Bellandur,1138.0,3.0,128.0,3.0,11247.80316344464
Bannerghatta,1113.0,2.0,70.0,2.0,6289.308176100629
Judicial Layout,2400.0,4.0,350.0,4.0,14583.333333333334
Sahakara Nagar,1200.0,2.0,60.0,2.0,5000.0
other,1900.0,3.0,190.0,3.0,10000.0
Jakkur,5150.0,4.0,559.0,4.0,10854.368932038835
2Nd Stage Nagarbhavi,1200.0,5.0,290.0,5.0,24166.666666666668
Whitefield,2956.0,5.0,234.0,4.0,7916.102841677944
Begur Road,1100.0,5.0,165.0,5.0,15000.0
Panathur,1398.0,2.0,97.0,2.0,6938.483547925608
Margondanahalli,1152.0,1.0,66.0,2.0,5729.166666666667
Nagavara,1110.0,2.0,44.95,2.0,4049.5495495495497
Devarachikkanahalli,1116.0,2.0,47.0,2.0,4211.469534050179
Babusapalaya,1061.0,2.0,33.84,2.0,3189.4439208294066
Malleshwaram,620.0,1.0,86.8,1.0,14000.0
other,966.0,2.0,50.0,2.0,5175.983436853002
other,1200.0,4.0,110.0,4.0,9166.666666666666
Kodigehalli,1320.0,4.0,249.0,4.0,18863.636363636364
Iblur Village,3596.0,5.0,297.0,4.0,8259.176863181312
other,1630.0,3.0,131.0,3.0,8036.80981595092
other,600.0,6.0,72.0,5.0,12000.0
other,600.0,4.0,60.0,4.0,10000.0
other,1200.0,4.0,250.0,4.0,20833.333333333332
Jakkur,1300.0,2.0,80.0,2.0,6153.846153846154
Electronic City,1360.0,2.0,70.0,3.0,5147.058823529412
Hennur Road,1155.0,2.0,69.18,2.0,5989.6103896103905
Hosakerehalli,2378.0,3.0,310.0,3.0,13036.164844407065
Hsr Layout,1203.0,2.0,72.0,2.0,5985.037406483791
Hebbal,1645.0,3.0,113.0,3.0,6869.300911854103
other,1050.0,2.0,41.0,1.0,3904.7619047619046
Jigani,1252.0,3.0,70.0,3.0,5591.054313099042
Uttarahalli,1270.0,2.0,55.25,3.0,4350.393700787402
Sahakara Nagar,1032.0,2.0,45.0,2.0,4360.46511627907
Frazer Town,2900.0,4.0,325.0,4.0,11206.896551724138
other,1427.0,2.0,52.0,2.0,3644.008409250175
other,800.0,5.0,95.0,5.0,11875.0
Bannerghatta Road,1460.0,2.0,80.0,3.0,5479.45205479452
Sarjapur Road,2275.0,4.0,175.0,3.0,7692.307692307692
9Th Phase Jp Nagar,1522.0,3.0,90.0,3.0,5913.272010512484
other,3210.0,4.0,380.0,3.0,11838.006230529594
Banashankari,1800.0,3.0,125.0,3.0,6944.444444444444
other,1200.0,4.0,135.0,4.0,11250.0
other,1050.0,2.0,48.0,2.0,4571.428571428572
Subramanyapura,929.0,2.0,49.0,2.0,5274.48869752422
Banjara Layout,3750.0,5.0,145.0,4.0,3866.6666666666665
other,900.0,2.0,48.0,2.0,5333.333333333333
Vasanthapura,978.0,2.0,34.22,2.0,3498.9775051124743
other,4041.0,4.0,345.0,4.0,8537.490720118782
Ambalipura,770.0,1.0,43.82,1.0,5690.909090909091
Electronic City,635.0,1.0,28.0,1.0,4409.4488188976375
Hebbal,1175.0,2.0,54.05,2.0,4600.0
Chikkabanavar,1200.0,4.0,130.0,4.0,10833.333333333334
Vidyaranyapura,1188.0,2.0,50.0,2.0,4208.754208754209
other,620.0,1.0,25.0,1.0,4032.2580645161293
other,1210.0,2.0,75.0,2.0,6198.347107438017
Attibele,1000.0,3.0,90.0,3.0,9000.0
Electronic City,1800.0,3.0,190.0,4.0,10555.555555555555
Yelahanka,1300.0,2.0,69.23,2.0,5325.384615384615
Kasavanhalli,1100.0,2.0,68.0,2.0,6181.818181818182
Panathur,1007.0,2.0,64.0,2.0,6355.511420059583
R.T. Nagar,1150.0,2.0,72.0,2.0,6260.869565217391
Nagavara,2400.0,3.0,252.0,3.0,10500.0
other,1180.0,2.0,41.94,2.0,3554.237288135593
other,1200.0,6.0,180.0,6.0,15000.0
Kr Puram,3628.0,4.0,246.0,4.0,6780.595369349504
other,1430.0,3.0,70.0,3.0,4895.104895104895
Kanakpura Road,700.0,2.0,40.0,2.0,5714.285714285715
other,1200.0,1.0,70.0,2.0,5833.333333333333
Old Madras Road,1165.0,2.0,40.77,2.0,3499.570815450644
Jalahalli,1569.0,3.0,118.0,3.0,7520.713830465264
other,1950.0,4.0,95.0,3.0,4871.794871794872
other,1200.0,3.0,70.0,2.0,5833.333333333333
Bellandur,1685.0,3.0,115.0,3.0,6824.925816023739
Green Glen Layout,3270.0,4.0,205.0,4.0,6269.113149847095
Sarjapur Road,1314.0,2.0,110.0,2.0,8371.38508371385
other,1250.0,3.0,40.0,3.0,3200.0
other,1130.0,2.0,68.0,2.0,6017.699115044248
other,1200.0,9.0,122.0,6.0,10166.666666666666
Sultan Palaya,890.0,5.0,160.0,6.0,17977.52808988764
other,857.0,3.0,95.0,3.0,11085.180863477246
Whitefield,2247.0,3.0,145.0,3.0,6453.048509123276
Hennur Road,1053.0,2.0,53.0,2.0,5033.2383665717
Begur Road,1200.0,3.0,50.0,3.0,4166.666666666667
Hbr Layout,1800.0,2.0,230.0,3.0,12777.777777777777
Chikkabanavar,2400.0,4.0,97.0,5.0,4041.6666666666665
other,1245.0,1.0,60.0,2.0,4819.277108433735
Koramangala,1320.0,2.0,160.0,2.0,12121.212121212122
Whitefield,3940.0,5.0,265.0,4.0,6725.888324873096
Thanisandra,1241.0,2.0,65.0,3.0,5237.711522965351
7Th Phase Jp Nagar,2980.0,4.0,260.0,3.0,8724.832214765102
other,600.0,5.0,130.0,6.0,21666.666666666668
Raja Rajeshwari Nagar,1090.0,2.0,57.0,2.0,5229.357798165138
other,1390.0,2.0,50.0,3.0,3597.122302158273
other,2750.0,5.0,275.0,3.0,10000.0
Koramangala,1350.0,2.0,103.0,2.0,7629.62962962963
other,800.0,2.0,55.0,2.0,6875.0
Sarjapur Road,1787.0,3.0,116.0,3.0,6491.326245103525
Btm Layout,2400.0,3.0,220.0,3.0,9166.666666666666
Haralur Road,3700.0,4.0,325.0,4.0,8783.783783783783
Sarjapur Road,1691.0,3.0,93.01,3.0,5500.295683027794
Chikka Tirupathi,2325.0,3.0,95.0,3.0,4086.021505376344
Thyagaraja Nagar,570.0,5.0,80.0,5.0,14035.087719298246
Akshaya Nagar,1896.0,3.0,102.0,3.0,5379.7468354430375
other,1244.0,2.0,95.0,2.0,7636.655948553054
Hormavu,1365.0,2.0,65.0,3.0,4761.9047619047615
Thanisandra,580.0,1.0,27.5,1.0,4741.379310344828
Hebbal,1355.0,3.0,83.87,3.0,6189.667896678967
other,1500.0,4.0,180.0,3.0,12000.0
Thanisandra,2087.0,4.0,139.0,3.0,6660.277910876856
Talaghattapura,2273.0,3.0,145.0,3.0,6379.234491860977
Thanisandra,2050.0,3.0,150.0,3.0,7317.073170731707
other,1200.0,2.0,75.0,2.0,6250.0
Kodigehalli,600.0,3.0,85.0,4.0,14166.666666666666
Thigalarapalya,1830.0,3.0,133.0,3.0,7267.75956284153
Channasandra,4278.0,7.0,299.0,7.0,6989.247311827957
Sarjapur Road,1028.0,2.0,56.0,2.0,5447.470817120623
Old Madras Road,1300.0,2.0,100.0,2.0,7692.307692307692
Mahadevpura,1505.0,3.0,78.0,3.0,5182.724252491695
other,400.0,2.0,50.0,1.0,12500.0
Sarjapur,1175.0,2.0,41.68,2.0,3547.2340425531916
other,1100.0,2.0,57.6,2.0,5236.363636363636
other,2159.0,3.0,120.0,3.0,5558.12876331635
other,1200.0,4.0,180.0,3.0,15000.0
other,3100.0,6.0,165.0,5.0,5322.580645161291
Old Madras Road,4500.0,7.0,287.0,5.0,6377.777777777777
other,1200.0,1.0,48.0,1.0,4000.0
Dodsworth Layout,1340.0,2.0,71.0,2.0,5298.507462686567
Banashankari,1750.0,2.0,89.0,3.0,5085.714285714285
Banashankari Stage Ii,1400.0,2.0,100.0,2.0,7142.857142857143
other,1675.0,3.0,62.0,3.0,3701.492537313433
Malleshwaram,600.0,1.0,68.0,2.0,11333.333333333334
other,1190.0,2.0,59.9,2.0,5033.6134453781515
Electronic City,1128.0,2.0,65.45,2.0,5802.304964539007
other,1250.0,2.0,55.0,2.0,4400.0
other,1450.0,2.0,90.0,2.0,6206.896551724138
Kudlu,1084.0,2.0,53.0,2.0,4889.29889298893
Kaggadasapura,2150.0,4.0,90.0,4.0,4186.046511627907
Koramangala,6000.0,4.0,625.0,4.0,10416.666666666666
Nagarbhavi,600.0,3.0,77.0,4.0,12833.333333333334
Hosur Road,1250.0,2.0,65.0,2.0,5200.0
Seegehalli,2400.0,4.0,240.0,3.0,10000.0
Begur,1304.0,3.0,65.0,3.0,4984.662576687117
Rajaji Nagar,1640.0,3.0,268.0,3.0,16341.463414634147
other,1275.0,2.0,49.5,2.0,3882.3529411764707
Banjara Layout,2500.0,4.0,140.0,3.0,5600.0
other,3600.0,4.0,225.0,4.0,6250.0
Anekal,2400.0,4.0,95.0,3.0,3958.3333333333335
other,2300.0,3.0,280.0,3.0,12173.91304347826
Bannerghatta Road,1340.0,2.0,85.0,2.0,6343.2835820895525
Vidyaranyapura,1100.0,2.0,75.0,3.0,6818.181818181818
Kengeri,750.0,2.0,40.0,2.0,5333.333333333333
Basaveshwara Nagar,700.0,4.0,125.0,4.0,17857.14285714286
Hrbr Layout,1301.0,2.0,120.0,2.0,9223.674096848577
other,3200.0,8.0,130.0,9.0,4062.5
other,1900.0,2.0,92.0,3.0,4842.105263157895
Kanakpura Road,1299.0,2.0,105.0,2.0,8083.140877598153
other,1250.0,3.0,40.0,3.0,3200.0
Whitefield,1600.0,4.0,300.0,4.0,18750.0
Kalkere,925.0,2.0,55.0,2.0,5945.945945945946
other,3900.0,3.0,250.0,3.0,6410.25641025641
other,1400.0,2.0,160.0,2.0,11428.57142857143
Yeshwanthpur,570.0,2.0,62.0,2.0,10877.192982456141
other,1715.0,3.0,95.0,3.0,5539.35860058309
other,1200.0,5.0,280.0,6.0,23333.333333333332
other,703.0,2.0,60.0,2.0,8534.850640113798
Talaghattapura,921.0,2.0,29.47,2.0,3199.782844733985
Kanakpura Road,525.0,1.0,26.01,1.0,4954.285714285715
other,1400.0,2.0,56.0,3.0,4000.0
Balagere,661.0,1.0,33.0,1.0,4992.435703479577
other,1200.0,6.0,160.0,6.0,13333.333333333334
Kengeri Satellite Town,1200.0,5.0,70.0,5.0,5833.333333333333
Yelahanka,1705.0,3.0,91.0,3.0,5337.243401759531
other,1035.0,5.0,170.0,5.0,16425.12077294686
Garudachar Palya,1325.0,2.0,60.8,3.0,4588.679245283019
other,740.0,2.0,24.5,4.0,3310.810810810811
Sarjapur Road,3005.0,5.0,275.0,4.0,9151.414309484193
other,1300.0,3.0,170.0,3.0,13076.923076923076
Kengeri Satellite Town,936.0,2.0,60.84,4.0,6500.0
Kodigehalli,1200.0,4.0,156.0,3.0,13000.0
Cox Town,1073.0,2.0,72.0,2.0,6710.158434296365
Sarjapur,4201.0,4.0,435.0,4.0,10354.677457748156
Padmanabhanagar,610.0,2.0,75.0,3.0,12295.081967213115
other,1270.0,2.0,57.15,3.0,4500.0
Kothannur,1215.0,2.0,48.6,3.0,4000.0
other,600.0,1.0,20.0,1.0,3333.3333333333335
Whitefield,1180.0,2.0,77.0,2.0,6525.423728813559
other,4382.0,4.0,400.0,4.0,9128.251939753538
Whitefield,2140.0,3.0,139.0,3.0,6495.327102803738
Banaswadi,1008.0,2.0,52.0,2.0,5158.730158730159
Ambedkar Nagar,1921.0,4.0,129.0,3.0,6715.252472670484
other,2400.0,3.0,360.0,3.0,15000.0
other,1030.0,2.0,77.25,3.0,7500.0
Whitefield,1314.0,2.0,84.0,2.0,6392.6940639269405
Banashankari Stage Vi,600.0,3.0,97.0,4.0,16166.666666666666
Jp Nagar,1590.0,2.0,85.0,3.0,5345.911949685535
Gottigere,3000.0,3.0,132.0,4.0,4400.0
Yelahanka,4025.0,6.0,350.0,4.0,8695.652173913044
other,1254.0,2.0,70.0,3.0,5582.13716108453
Ramagondanahalli,2040.0,3.0,114.0,3.0,5588.235294117647
Jalahalli,1478.0,2.0,125.0,2.0,8457.374830852503
Malleshwaram,2475.0,4.0,337.0,3.0,13616.161616161617
other,1669.0,3.0,298.0,3.0,17855.002995805873
Nagappa Reddy Layout,1820.0,3.0,79.5,3.0,4368.131868131868
Horamavu Agara,1623.0,3.0,89.0,3.0,5483.672211953173
Gottigere,1613.0,3.0,72.0,3.0,4463.732176069436
other,1293.0,2.0,80.0,2.0,6187.161639597834
Sarjapur Road,1181.0,2.0,65.0,3.0,5503.81033022862
Malleshwaram,2215.0,3.0,275.0,3.0,12415.349887133183
Marathahalli,1100.0,2.0,75.0,1.0,6818.181818181818
other,1050.0,2.0,36.0,2.0,3428.5714285714284
Subramanyapura,1260.0,2.0,75.0,3.0,5952.380952380952
Banashankari Stage Ii,2800.0,3.0,425.0,5.0,15178.57142857143
other,1500.0,3.0,56.0,3.0,3733.3333333333335
Kr Puram,1200.0,6.0,132.0,6.0,11000.0
other,1000.0,2.0,66.0,2.0,6600.0
Hsr Layout,1140.0,2.0,46.0,2.0,4035.0877192982457
other,1864.0,3.0,115.0,3.0,6169.527896995708
Attibele,1200.0,3.0,105.0,3.0,8750.0
Raja Rajeshwari Nagar,945.0,2.0,45.0,2.0,4761.9047619047615
Sarjapur Road,1691.0,3.0,100.0,3.0,5913.660555884092
other,1200.0,2.0,135.0,2.0,11250.0
Kengeri,600.0,1.0,35.0,1.0,5833.333333333333
other,1950.0,2.0,89.5,3.0,4589.74358974359
other,2400.0,4.0,150.0,4.0,6250.0
Abbigere,795.0,1.0,32.6,2.0,4100.62893081761
other,800.0,5.0,95.0,5.0,11875.0
Tc Palaya,1400.0,5.0,97.0,5.0,6928.571428571428
Kalyan Nagar,2285.0,4.0,165.0,3.0,7221.006564551422
other,1263.0,2.0,51.5,2.0,4077.593032462391
other,1200.0,4.0,115.0,5.0,9583.333333333334
Hennur,1345.0,2.0,69.0,3.0,5130.111524163569
other,4400.0,5.0,240.0,5.0,5454.545454545455
Electronic City,1360.0,2.0,58.0,3.0,4264.705882352941
Sarjapur Road,1026.0,2.0,60.55,2.0,5901.559454191033
other,1050.0,2.0,38.0,2.0,3619.0476190476193
Uttarahalli,1460.0,3.0,76.0,3.0,5205.479452054795
other,1525.0,2.0,91.48,3.0,5998.688524590164
other,975.0,2.0,60.0,2.0,6153.846153846154
Bisuvanahalli,1075.0,2.0,44.0,3.0,4093.0232558139537
Panathur,1210.0,2.0,77.93,2.0,6440.495867768595
other,2000.0,3.0,100.0,3.0,5000.0
Jakkur,1290.0,2.0,80.04,2.0,6204.651162790698
other,1220.0,2.0,56.0,2.0,4590.163934426229
other,1500.0,2.0,85.0,1.0,5666.666666666667
Kaggadasapura,1361.0,2.0,79.0,2.0,5804.555473916238
Frazer Town,2801.25,4.0,462.0,5.0,16492.637215528783
other,5000.0,5.0,300.0,4.0,6000.0
Hebbal,1420.0,2.0,99.39,2.0,6999.295774647887
Bellandur,1846.0,3.0,135.0,3.0,7313.109425785482
Benson Town,1688.12,2.0,270.0,2.0,15994.123640499492
Kannamangala,2422.0,4.0,135.0,4.0,5573.905862923204
other,1000.0,2.0,50.0,2.0,5000.0
Banashankari Stage Ii,3000.0,3.0,450.0,3.0,15000.0
Jigani,939.0,2.0,39.0,2.0,4153.35463258786
Konanakunte,1590.0,6.0,150.0,9.0,9433.962264150943
Jalahalli,600.0,1.0,37.0,1.0,6166.666666666667
Marathahalli,1710.0,3.0,135.0,3.0,7894.736842105263
Subramanyapura,1000.0,2.0,45.0,2.0,4500.0
other,1200.0,4.0,138.0,2.0,11500.0
other,1100.0,2.0,68.0,2.0,6181.818181818182
Jalahalli,615.0,1.0,46.0,1.0,7479.674796747968
Sarjapur Road,1350.0,2.0,85.0,2.0,6296.2962962962965
Sultan Palaya,5000.0,5.0,325.0,4.0,6500.0
Cunningham Road,2700.0,3.0,501.0,3.0,18555.555555555555
other,4000.0,6.0,460.0,6.0,11500.0
Hegde Nagar,1718.0,3.0,130.0,3.0,7566.938300349243
7Th Phase Jp Nagar,1680.0,3.0,112.0,3.0,6666.666666666667
Sarjapur Road,1157.0,2.0,72.0,3.0,6222.990492653414
Banashankari,1800.0,3.0,175.0,3.0,9722.222222222223
Jalahalli East,1010.0,2.0,52.0,2.0,5148.514851485149
Electronic City,630.0,1.0,46.0,1.0,7301.587301587301
Kaval Byrasandra,1025.0,2.0,60.0,2.0,5853.658536585366
Hennur Road,1195.0,2.0,59.0,2.0,4937.238493723849
Hegde Nagar,1884.0,4.0,118.0,3.0,6263.2696390658175
Sarjapura - Attibele Road,1090.0,2.0,37.0,2.0,3394.4954128440368
other,2950.0,4.0,250.0,4.0,8474.57627118644
Uttarahalli,1500.0,3.0,68.0,3.0,4533.333333333333
Dommasandra,674.0,1.0,19.9,2.0,2952.522255192878
Kumaraswami Layout,510.0,4.0,70.0,6.0,13725.490196078432
other,1385.0,3.0,90.0,3.0,6498.194945848375
Haralur Road,1817.0,3.0,110.0,3.0,6053.935057787562
other,1205.0,2.0,47.0,2.0,3900.414937759336
other,1070.0,2.0,33.43,2.0,3124.299065420561
other,1070.0,2.0,52.0,2.0,4859.813084112149
Thanisandra,1098.0,2.0,71.0,2.0,6466.302367941712
other,1200.0,2.0,53.5,2.0,4458.333333333333
Thigalarapalya,4190.0,4.0,325.0,4.0,7756.563245823389
Sarjapur Road,1019.0,2.0,62.0,2.0,6084.396467124632
Anekal,1733.5,3.0,120.0,3.0,6922.411306605134
other,1415.0,2.0,120.0,2.0,8480.565371024735
other,1750.0,3.0,58.0,3.0,3314.285714285714
other,1537.0,3.0,81.0,3.0,5270.006506180872
other,1050.0,2.0,45.0,2.0,4285.714285714285
Domlur,1246.0,2.0,95.0,2.0,7624.398073836276
other,10624.0,4.0,2340.0,4.0,22025.602409638555
Brookefield,1500.0,5.0,160.0,4.0,10666.666666666666
Electronic City,630.0,1.0,33.7,1.0,5349.20634920635
Kothanur,1050.0,5.0,80.0,8.0,7619.047619047619
other,1255.0,2.0,60.0,3.0,4780.876494023904
Ramamurthy Nagar,1900.0,4.0,185.0,4.0,9736.842105263158
Doddaballapur,2440.0,3.0,142.0,3.0,5819.672131147541
Bannerghatta Road,1711.0,3.0,125.0,3.0,7305.669199298656
Nagarbhavi,1200.0,4.0,240.0,5.0,20000.0
Sarjapur Road,3418.0,3.0,235.0,4.0,6875.365710942071
Green Glen Layout,1750.0,3.0,120.0,3.0,6857.142857142857
Subramanyapura,1260.0,2.0,80.0,3.0,6349.206349206349
Sarjapur Road,691.0,1.0,31.1,1.0,4500.723589001447
Btm 2Nd Stage,2400.0,3.0,400.0,4.0,16666.666666666668
Hebbal,1590.0,3.0,96.0,3.0,6037.735849056604
Hebbal Kempapura,2800.0,5.0,220.0,5.0,7857.142857142857
Garudachar Palya,1060.0,2.0,48.66,2.0,4590.566037735849
Hennur,1255.0,2.0,58.0,2.0,4621.5139442231075
other,702.0,4.0,65.0,4.0,9259.25925925926
other,2400.0,2.0,185.0,3.0,7708.333333333333
Bannerghatta Road,1520.0,2.0,81.0,3.0,5328.9473684210525
other,1170.0,2.0,45.51,2.0,3889.74358974359
Ombr Layout,1580.0,3.0,75.0,3.0,4746.835443037975
Ardendale,1777.26,3.0,89.0,3.0,5007.7084950991975
Yelahanka,1835.0,3.0,108.0,3.0,5885.558583106267
Banjara Layout,610.0,3.0,60.0,3.0,9836.065573770491
other,1080.0,2.0,38.0,2.0,3518.5185185185187
Balagere,656.0,1.0,34.77,1.0,5300.304878048782
other,1025.0,2.0,65.0,2.0,6341.463414634146
Kundalahalli,3092.0,4.0,230.0,4.0,7438.551099611902
Hegde Nagar,1930.0,4.0,122.0,3.0,6321.243523316062
other,1020.0,2.0,70.0,2.0,6862.745098039216
Kumaraswami Layout,1310.0,2.0,70.0,3.0,5343.511450381679
Jalahalli,610.0,1.0,27.565,1.0,4518.852459016393
Kanakpura Road,1322.0,2.0,70.0,2.0,5295.00756429652
Kothanur,1160.0,2.0,57.0,2.0,4913.793103448276
5Th Block Hbr Layout,1100.0,2.0,48.0,2.0,4363.636363636364
Lakshminarayana Pura,1720.0,3.0,150.0,3.0,8720.93023255814
Hosur Road,1689.0,3.0,103.0,3.0,6098.283007696862
Chikkalasandra,1090.0,2.0,47.42,2.0,4350.45871559633
Kr Puram,2000.0,2.0,75.0,2.0,3750.0
other,1155.0,2.0,69.0,2.0,5974.025974025974
other,4000.0,6.0,230.0,6.0,5750.0
Hebbal,3520.0,5.0,320.0,3.0,9090.90909090909
Yelahanka,1847.0,3.0,92.0,3.0,4981.050351922036
Raja Rajeshwari Nagar,3450.0,7.0,225.0,8.0,6521.739130434783
Bellandur,1049.0,2.0,51.0,2.0,4861.773117254528
Amruthahalli,2650.0,4.0,175.0,3.0,6603.773584905661
Varthur Road,850.0,2.0,25.4,2.0,2988.235294117647
other,2600.0,5.0,370.0,5.0,14230.76923076923
Jakkur,1282.0,2.0,72.0,2.0,5616.224648985959
other,1200.0,4.0,240.0,4.0,20000.0
Magadi Road,1318.0,2.0,68.0,3.0,5159.332321699545
Kanakpura Road,1698.0,2.0,105.0,2.0,6183.745583038869
other,2030.0,2.0,182.0,3.0,8965.51724137931
other,1555.0,2.0,67.0,3.0,4308.681672025724
Sarjapur Road,1881.0,3.0,145.0,3.0,7708.665603402445
other,2900.0,3.0,325.0,3.0,11206.896551724138
Yelahanka,1890.0,3.0,109.0,3.0,5767.195767195767
other,900.0,5.0,135.0,5.0,15000.0
Old Madras Road,935.0,2.0,32.0,2.0,3422.4598930481284
Cox Town,1000.0,2.0,58.0,2.0,5800.0
Singasandra,1510.0,3.0,75.0,3.0,4966.887417218543
Talaghattapura,1175.0,2.0,62.0,2.0,5276.595744680851
Malleshwaram,2215.0,3.0,330.0,3.0,14898.419864559819
other,2180.0,4.0,115.0,4.0,5275.229357798165
Kasavanhalli,1715.0,3.0,112.0,3.0,6530.6122448979595
Hebbal,1072.0,2.0,45.0,2.0,4197.761194029851
Panathur,1230.0,2.0,80.0,2.0,6504.065040650406
Thanisandra,1411.0,3.0,93.25,3.0,6608.788093550674
Rayasandra,3600.0,5.0,145.0,5.0,4027.777777777778
Sahakara Nagar,1200.0,4.0,190.0,4.0,15833.333333333334
Nagarbhavi,1200.0,3.0,226.0,3.0,18833.333333333332
Yeshwanthpur,1700.0,5.0,300.0,5.0,17647.058823529413
Hebbal,1162.0,2.0,69.0,2.0,5938.037865748709
Thanisandra,1262.0,2.0,65.0,3.0,5150.5546751188585
other,1050.0,2.0,35.0,2.0,3333.3333333333335
Channasandra,1500.0,3.0,61.95,3.0,4130.0
other,1610.0,3.0,85.0,3.0,5279.503105590062
Sarjapur Road,2275.0,4.0,182.0,3.0,8000.0
other,1500.0,2.0,145.0,2.0,9666.666666666666
other,3150.0,3.0,135.0,4.0,4285.714285714285
Banashankari Stage Vi,1423.0,2.0,71.73,3.0,5040.758959943781
Kaggadasapura,1106.0,2.0,40.0,2.0,3616.6365280289333
Cunningham Road,7500.0,6.0,1800.0,4.0,24000.0
other,1255.0,2.0,56.7,2.0,4517.92828685259
Babusapalaya,1061.0,2.0,38.95,2.0,3671.065032987748
other,600.0,2.0,29.5,2.0,4916.666666666667
Indira Nagar,1260.0,2.0,120.0,2.0,9523.809523809523
Itpl,854.0,2.0,55.43,2.0,6490.632318501171
other,2597.0,4.0,189.0,4.0,7277.628032345014
Bellandur,1211.0,2.0,63.0,2.0,5202.312138728324
Hennur Road,1904.0,3.0,129.0,3.0,6775.210084033613
other,1410.0,2.0,73.0,2.0,5177.304964539007
other,1150.0,2.0,42.0,2.0,3652.1739130434785
other,1170.0,2.0,53.11,2.0,4539.316239316239
Hennur,1420.0,2.0,62.0,2.0,4366.197183098591
Nri Layout,1789.0,3.0,75.0,3.0,4192.286193404137
Hennur Road,1981.0,3.0,134.0,3.0,6764.260474507824
Yelachenahalli,1103.0,2.0,55.0,2.0,4986.400725294651
other,1201.0,2.0,65.0,2.0,5412.156536219817
Sarjapur,920.0,2.0,33.0,2.0,3586.9565217391305
other,675.0,3.0,75.0,3.0,11111.111111111111
Sonnenahalli,1268.0,2.0,75.0,3.0,5914.826498422713
other,660.0,1.0,30.0,1.0,4545.454545454545
Harlur,1755.0,3.0,115.0,3.0,6552.706552706552
8Th Phase Jp Nagar,500.0,1.0,33.0,1.0,6600.0
Bommenahalli,1632.0,3.0,140.0,4.0,8578.43137254902
Domlur,1276.0,2.0,80.0,2.0,6269.592476489028
Lakshminarayana Pura,1180.0,2.0,75.0,2.0,6355.932203389831
Isro Layout,1370.0,2.0,87.0,3.0,6350.36496350365
other,1200.0,9.0,230.0,9.0,19166.666666666668
Electronic City,1400.0,3.0,90.0,3.0,6428.571428571428
other,1050.0,2.0,40.0,2.0,3809.5238095238096
2Nd Stage Nagarbhavi,1200.0,4.0,240.0,5.0,20000.0
Rajaji Nagar,7514.0,7.0,1500.0,5.0,19962.736225712004
Sarjapur Road,1881.0,3.0,145.0,3.0,7708.665603402445
Garudachar Palya,1150.0,2.0,52.0,2.0,4521.739130434783
Sarjapur,2690.0,3.0,295.0,3.0,10966.542750929368
other,933.4454079999999,2.0,40.0,2.0,4285.199718932036
Dairy Circle,2735.0,4.0,340.0,3.0,12431.44424131627
other,950.0,2.0,65.0,2.0,6842.105263157895
Hoodi,1660.0,3.0,131.0,3.0,7891.566265060241
Hebbal,1100.0,2.0,60.0,2.0,5454.545454545455
Magadi Road,800.0,4.0,60.0,4.0,7500.0
Nagarbhavi,1200.0,4.0,240.0,4.0,20000.0
other,980.0,3.0,80.0,3.0,8163.265306122449
other,1080.0,2.0,37.8,2.0,3499.9999999999995
Cv Raman Nagar,705.0,2.0,50.0,1.0,7092.198581560284
other,1200.0,2.0,35.0,3.0,2916.6666666666665
Anandapura,1200.0,2.0,50.0,2.0,4166.666666666667
Talaghattapura,1804.0,3.0,127.0,3.0,7039.911308203991
other,750.0,2.0,20.0,2.0,2666.6666666666665
other,420.0,1.0,25.0,2.0,5952.380952380952
R.T. Nagar,1500.0,2.0,230.0,2.0,15333.333333333334
Electronic City,1287.0,3.0,55.0,3.0,4273.504273504273
Kadubeesanahalli,2800.0,4.0,375.0,4.0,13392.857142857143
Whitefield,1431.0,3.0,85.0,3.0,5939.902166317261
Dommasandra,999.0,2.0,32.9,2.0,3293.293293293293
other,1535.0,3.0,72.0,3.0,4690.553745928339
Marathahalli,2524.0,5.0,180.0,4.0,7131.537242472266
other,600.0,3.0,125.0,3.0,20833.333333333332
7Th Phase Jp Nagar,2095.0,3.0,150.0,3.0,7159.904534606205
Yelahanka New Town,284.0,1.0,8.0,1.0,2816.9014084507044
Ananth Nagar,500.0,1.0,14.0,1.0,2800.0
other,1265.0,2.0,68.0,2.0,5375.494071146245
Yelahanka New Town,2200.0,2.0,180.0,2.0,8181.818181818182
1St Phase Jp Nagar,2077.0,3.0,175.0,3.0,8425.613866153106
Sarjapur Road,2880.0,3.0,211.0,4.0,7326.388888888889
other,499.0,5.0,89.0,6.0,17835.67134268537
Bannerghatta Road,2826.0,3.0,148.0,3.0,5237.0842179759375
Kanakpura Road,381.0,1.0,33.66,1.0,8834.645669291338
other,3500.0,4.0,150.0,4.0,4285.714285714285
other,5400.0,4.0,250.0,4.0,4629.62962962963
other,1000.0,5.0,200.0,4.0,20000.0
Amruthahalli,1450.0,2.0,90.0,3.0,6206.896551724138
Kasavanhalli,1100.0,2.0,65.0,2.0,5909.090909090909
Kadubeesanahalli,1185.0,2.0,55.0,2.0,4641.350210970464
9Th Phase Jp Nagar,1900.0,4.0,80.0,4.0,4210.526315789473
Tc Palaya,1200.0,2.0,70.0,2.0,5833.333333333333
other,660.0,1.0,35.0,1.0,5303.030303030303
Jalahalli,1200.0,2.0,130.0,2.0,10833.333333333334
Sarjapur Road,3418.0,2.0,222.0,4.0,6495.026331187829
1St Phase Jp Nagar,4550.0,2.0,240.0,4.0,5274.725274725275
Bhoganhalli,1205.0,2.0,68.32,2.0,5669.709543568464
Akshaya Nagar,1421.0,2.0,73.0,3.0,5137.227304714989
Whitefield,524.0,1.0,29.0,1.0,5534.3511450381675
Hsr Layout,4200.0,5.0,245.0,5.0,5833.333333333333
other,1140.0,2.0,60.0,2.0,5263.1578947368425
5Th Block Hbr Layout,3600.0,5.0,130.0,5.0,3611.1111111111113
Raja Rajeshwari Nagar,1700.0,2.0,86.0,3.0,5058.823529411765
Dasarahalli,1333.0,2.0,86.65,2.0,6500.375093773443
Electronic City,1258.0,2.0,85.5,2.0,6796.502384737679
other,1458.0,2.0,87.0,3.0,5967.078189300411
Electronic City,1386.0,2.0,85.0,2.0,6132.7561327561325
Electronic City,550.0,1.0,27.0,1.0,4909.090909090909
Lakshminarayana Pura,1200.0,2.0,83.0,2.0,6916.666666666667
other,1081.0,2.0,39.0,2.0,3607.7705827937093
Whitefield,2135.0,3.0,149.0,4.0,6978.922716627635
other,1178.0,2.0,80.0,2.0,6791.171477079796
Devarachikkanahalli,991.0,2.0,40.0,2.0,4036.326942482341
Gottigere,1493.0,2.0,90.0,3.0,6028.131279303416
Kammasandra,1080.0,2.0,31.99,2.0,2962.037037037037
Dasanapura,814.0,2.0,53.0,2.0,6511.056511056511
Bannerghatta Road,1115.0,2.0,61.0,2.0,5470.85201793722
Whitefield,3075.0,2.0,188.0,4.0,6113.821138211382
other,1900.0,3.0,162.0,7.0,8526.315789473685
Whitefield,1760.0,3.0,160.0,3.0,9090.90909090909
other,4000.0,8.0,150.0,7.0,3750.0
Marathahalli,3090.0,4.0,350.0,4.0,11326.860841423948
other,2700.0,4.0,295.0,4.0,10925.925925925925
other,1175.0,2.0,52.86,2.0,4498.723404255319
Hebbal,4235.0,5.0,364.0,4.0,8595.04132231405
Kr Puram,1100.0,2.0,45.0,2.0,4090.909090909091
Banashankari Stage Vi,1200.0,7.0,175.0,8.0,14583.333333333334
6Th Phase Jp Nagar,1810.0,3.0,131.0,3.0,7237.5690607734805
Gunjur Palya,1426.0,2.0,71.0,3.0,4978.962131837307
Kalyan Nagar,1100.0,2.0,70.0,2.0,6363.636363636364
Electronic City Phase Ii,650.0,1.0,35.0,1.0,5384.615384615385
Kaikondrahalli,900.0,2.0,27.0,2.0,3000.0
Billekahalli,1360.0,2.0,110.0,2.0,8088.235294117647
Yeshwanthpur,674.0,1.0,36.85,1.0,5467.359050445104
Whitefield,1655.0,3.0,110.0,3.0,6646.525679758308
other,1300.0,2.0,95.0,2.0,7307.692307692308
other,936.0,1.0,53.0,1.0,5662.393162393162
other,1277.0,2.0,92.0,2.0,7204.385277995301
other,1200.0,2.0,54.0,2.0,4500.0
Budigere,1153.0,2.0,60.0,2.0,5203.816131830009
Kengeri,1035.0,2.0,51.5,2.0,4975.84541062802
Kr Puram,3300.0,3.0,255.0,5.0,7727.272727272727
Old Madras Road,3630.0,6.0,212.5,4.0,5853.994490358126
8Th Phase Jp Nagar,1160.0,2.0,95.0,2.0,8189.6551724137935
Brookefield,1225.0,2.0,72.0,2.0,5877.551020408163
Benson Town,5000.0,5.0,950.0,4.0,19000.0
other,1600.0,2.0,160.0,2.0,10000.0
Malleshwaram,600.0,1.0,90.0,2.0,15000.0
Nagappa Reddy Layout,1350.0,3.0,60.0,3.0,4444.444444444444
Channasandra,830.0,2.0,36.28,2.0,4371.084337349397
Hennur Road,1155.0,2.0,69.18,2.0,5989.6103896103905
Sarakki Nagar,3126.0,5.0,345.0,4.0,11036.468330134358
Kannamangala,957.0,2.0,55.0,2.0,5747.126436781609
9Th Phase Jp Nagar,890.0,2.0,45.0,2.0,5056.179775280899
Kr Puram,3000.0,4.0,235.0,4.0,7833.333333333333
Electronic City,1070.0,2.0,55.0,2.0,5140.186915887851
other,2400.0,5.0,150.0,5.0,6250.0
other,2400.0,4.0,595.0,4.0,24791.666666666668
Kammasandra,1415.0,2.0,60.0,2.0,4240.282685512368
other,500.0,2.0,80.0,1.0,16000.0
Whitefield,840.0,1.0,57.0,1.0,6785.714285714285
Banashankari Stage Iii,1560.0,9.0,200.0,9.0,12820.51282051282
Thanisandra,1732.0,3.0,112.0,3.0,6466.512702078522
Parappana Agrahara,1200.0,1.0,45.0,1.0,3750.0
Bhoganhalli,1260.0,2.0,69.9,2.0,5547.619047619049
other,1092.0,2.0,49.0,2.0,4487.179487179487
other,827.0,2.0,34.0,2.0,4111.24546553809
Horamavu Banaswadi,1357.0,2.0,54.0,2.0,3979.3662490788506
Chamrajpet,650.0,1.0,40.0,2.0,6153.846153846154
Whitefield,1725.0,3.0,106.0,3.0,6144.927536231884
Jalahalli,1000.0,2.0,70.0,2.0,7000.0
Tc Palaya,1350.0,1.0,55.0,1.0,4074.074074074074
7Th Phase Jp Nagar,3200.0,4.0,350.0,4.0,10937.5
Bellandur,1717.0,3.0,110.0,3.0,6406.523005241701
other,800.0,2.0,32.0,2.0,4000.0
Rajaji Nagar,2367.0,4.0,340.0,3.0,14364.17405999155
7Th Phase Jp Nagar,1976.0,3.0,145.0,3.0,7338.056680161943
Kambipura,883.0,2.0,37.01,2.0,4191.392978482446
Yelahanka,700.0,1.0,38.0,1.0,5428.571428571428
Battarahalli,2082.0,3.0,104.0,3.0,4995.1969260326605
Hsr Layout,1140.0,2.0,46.0,2.0,4035.0877192982457
Thanisandra,933.0,2.0,66.0,2.0,7073.954983922829
Nri Layout,800.0,5.0,95.5,4.0,11937.5
Bannerghatta,1200.0,2.0,73.2,2.0,6100.0
other,1055.0,2.0,43.0,2.0,4075.829383886256
other,2214.0,3.0,350.0,3.0,15808.491418247515
Devanahalli,658.0,1.0,26.91,1.0,4089.665653495441
Bhoganhalli,896.9,2.0,78.74,2.0,8779.128107927305
Giri Nagar,4000.0,3.0,750.0,4.0,18750.0
Kr Puram,1035.0,2.0,40.0,2.0,3864.7342995169083
Whitefield,2064.0,5.0,225.0,4.0,10901.162790697674
other,1839.0,3.0,160.0,3.0,8700.380641653072
Yelahanka New Town,488.0,1.0,20.0,1.0,4098.360655737705
Banashankari Stage Ii,1200.0,2.0,198.0,3.0,16500.0
other,2760.0,5.0,140.0,5.0,5072.463768115942
Gunjur Palya,993.0,2.0,42.0,2.0,4229.607250755287
Tc Palaya,900.0,2.0,55.0,2.0,6111.111111111111
Electronic City,1200.0,13.0,150.0,9.0,12500.0
Sompura,825.0,2.0,32.0,2.0,3878.787878787879
Bellandur,3596.0,4.0,359.0,4.0,9983.314794215796
other,1350.0,4.0,203.0,6.0,15037.037037037036
Electronic City Phase Ii,1800.0,3.0,92.0,3.0,5111.111111111111
other,925.0,2.0,100.0,2.0,10810.81081081081
Kanakpura Road,1167.0,2.0,63.0,2.0,5398.457583547558
Sarjapur,1150.0,2.0,41.0,2.0,3565.217391304348
other,650.0,1.0,50.0,1.0,7692.307692307692
Sarjapur Road,675.0,1.0,27.0,1.0,4000.0
other,2260.0,3.0,90.0,2.0,3982.3008849557523
other,660.0,1.0,32.39,1.0,4907.575757575758
Whitefield,4800.0,4.0,600.0,3.0,12500.0
Yelahanka New Town,1100.0,2.0,58.0,2.0,5272.727272727273
other,550.0,1.0,20.0,2.0,3636.3636363636365
Uttarahalli,1330.0,2.0,58.0,3.0,4360.902255639097
Koramangala,1320.0,2.0,160.0,2.0,12121.212121212122
Ulsoor,1685.0,4.0,185.0,3.0,10979.228486646884
other,2400.0,5.0,75.0,6.0,3125.0
Banashankari,1770.0,3.0,108.0,3.0,6101.6949152542375
Prithvi Layout,2100.0,3.0,125.0,3.0,5952.380952380952
Pai Layout,1000.0,2.0,42.0,2.0,4200.0
Banashankari Stage Vi,600.0,5.0,105.0,4.0,17500.0
Ramamurthy Nagar,2916.0,5.0,230.0,4.0,7887.517146776406
Horamavu Agara,750.0,2.0,37.49,2.0,4998.666666666667
Bannerghatta,1070.0,2.0,87.0,2.0,8130.841121495327
Kannamangala,1536.0,3.0,107.0,3.0,6966.145833333333
Koramangala,1710.0,3.0,210.0,3.0,12280.701754385966
Jp Nagar,2400.0,3.0,196.0,3.0,8166.666666666667
Sarjapur Road,1618.0,2.0,102.92,3.0,6360.939431396786
Electronic City,1342.0,2.0,72.0,2.0,5365.126676602086
other,1600.0,3.0,130.0,3.0,8125.0
Kanakapura,938.0,1.0,50.0,1.0,5330.490405117271
Budigere,1820.0,3.0,99.0,3.0,5439.56043956044
Bhoganhalli,2439.0,4.0,170.0,4.0,6970.069700697007
Sarjapur Road,1346.0,2.0,74.03,2.0,5500.0
Rajaji Nagar,1720.0,3.0,224.0,3.0,13023.255813953489
Hebbal,1299.0,2.0,97.0,2.0,7467.282525019245
Yelahanka,1491.0,3.0,85.0,3.0,5700.871898054997
Basaveshwara Nagar,1200.0,2.0,85.0,2.0,7083.333333333333
Yelahanka,2088.0,5.0,110.0,4.0,5268.199233716475
Hulimavu,581.0,1.0,29.0,1.0,4991.394148020654
other,1296.0,2.0,70.0,2.0,5401.234567901234
other,1125.0,2.0,55.0,2.0,4888.888888888889
Electronic City,1275.0,3.0,70.0,3.0,5490.196078431372
Kothanur,1095.0,2.0,55.0,2.0,5022.83105022831
Old Madras Road,1330.0,2.0,74.0,2.0,5563.909774436091
Whitefield,516.0,1.0,39.0,1.0,7558.139534883721
other,1194.0,2.0,51.0,2.0,4271.356783919598
Banaswadi,2250.0,5.0,240.0,5.0,10666.666666666666
Sarjapur Road,3930.0,5.0,330.0,4.0,8396.946564885497
Abbigere,3000.0,8.0,150.0,8.0,5000.0
Hebbal,3758.0,4.0,450.0,4.0,11974.454497072911
Bhoganhalli,1707.0,3.0,115.0,3.0,6736.965436438196
other,1200.0,5.0,225.0,5.0,18750.0
Sultan Palaya,1070.0,2.0,49.0,2.0,4579.439252336449
Whitefield,6000.0,4.0,410.0,4.0,6833.333333333333
Tumkur Road,1240.0,2.0,83.0,3.0,6693.548387096775
Jp Nagar,1300.0,2.0,91.65,2.0,7050.0
other,3000.0,4.0,170.0,5.0,5666.666666666667
Thigalarapalya,2072.0,4.0,151.0,3.0,7287.644787644787
other,2200.0,3.0,225.0,4.0,10227.272727272728
Jalahalli,615.0,1.0,46.0,1.0,7479.674796747968
Kr Puram,1116.0,2.0,45.0,2.0,4032.2580645161293
Whitefield,1639.0,3.0,107.0,3.0,6528.370957901159
Marathahalli,1839.0,3.0,130.0,3.0,7069.0592713431215
other,1300.0,2.0,63.0,2.0,4846.153846153846
Horamavu Agara,625.0,1.0,27.0,1.0,4320.0
Thanisandra,933.0,1.0,61.0,1.0,6538.049303322615
Hosur Road,2289.0,3.0,180.0,3.0,7863.695937090432
Ramamurthy Nagar,2316.0,3.0,125.0,3.0,5397.2366148531955
Munnekollal,1200.0,5.0,185.0,7.0,15416.666666666666
Vishwapriya Layout,910.0,2.0,36.0,2.0,3956.043956043956
Hormavu,1200.0,2.0,73.0,2.0,6083.333333333333
Kothanur,1142.0,2.0,56.0,2.0,4903.6777583187395
Hormavu,1800.0,3.0,204.0,3.0,11333.333333333334
Aecs Layout,1005.0,2.0,55.0,2.0,5472.636815920398
other,1626.6,3.0,133.0,3.0,8176.564613303824
Kothanur,1074.0,2.0,54.0,2.0,5027.932960893855
other,1007.0,2.0,48.0,2.0,4766.633565044687
other,1050.0,6.0,74.0,4.0,7047.619047619048
Whitefield,1820.0,3.0,113.0,3.0,6208.791208791209
Basapura,1100.0,2.0,60.0,2.0,5454.545454545455
other,1348.0,2.0,100.0,2.0,7418.39762611276
other,1298.0,2.0,65.0,2.0,5007.704160246533
other,1350.0,4.0,175.0,4.0,12962.962962962964
other,1200.0,5.0,138.0,5.0,11500.0
Electronic City,1644.0,3.0,92.59,3.0,5631.995133819952
Kasavanhalli,1819.0,3.0,150.0,3.0,8246.289169873557
1St Phase Jp Nagar,1205.0,2.0,85.0,2.0,7053.941908713693
Basavangudi,2350.0,3.0,300.0,3.0,12765.95744680851
Raja Rajeshwari Nagar,1270.0,2.0,62.0,2.0,4881.889763779527
Jigani,1221.0,3.0,70.0,3.0,5733.005733005733
other,840.0,2.0,35.0,3.0,4166.666666666667
Raja Rajeshwari Nagar,1250.0,2.0,68.0,2.0,5440.0
Bisuvanahalli,850.0,2.0,27.0,2.0,3176.470588235294
7Th Phase Jp Nagar,1600.0,2.0,110.0,3.0,6875.0
Electronic City,1250.0,2.0,62.0,2.0,4960.0
other,1312.0,2.0,56.5,3.0,4306.40243902439
Kadugodi,3000.0,4.0,134.0,4.0,4466.666666666667
other,760.0,2.0,38.5,2.0,5065.789473684211
Ambedkar Nagar,5000.0,4.0,536.0,4.0,10720.0
Judicial Layout,1500.0,3.0,162.0,4.0,10800.0
other,1182.0,2.0,60.1,3.0,5084.602368866328
other,1053.0,2.0,46.29,2.0,4396.011396011396
6Th Phase Jp Nagar,750.0,1.0,105.0,1.0,14000.0
Gubbalala,2000.0,3.0,125.0,3.0,6250.0
Electronic City Phase Ii,1940.0,4.0,116.0,3.0,5979.381443298969
Hennur Road,1590.0,3.0,105.0,3.0,6603.773584905661
other,1035.0,2.0,52.79,2.0,5100.48309178744
Kothanur,1075.0,2.0,53.0,2.0,4930.232558139535
Tc Palaya,900.0,2.0,55.0,2.0,6111.111111111111
Raja Rajeshwari Nagar,1260.0,2.0,62.0,3.0,4920.6349206349205
other,1200.0,5.0,260.0,6.0,21666.666666666668
Thanisandra,1702.0,3.0,107.0,3.0,6286.721504112808
Bisuvanahalli,1080.0,2.0,65.0,3.0,6018.518518518518
Hennur Road,1200.0,2.0,36.0,2.0,3000.0
Mahalakshmi Layout,4482.0,6.0,852.0,8.0,19009.37081659973
other,1200.0,3.0,200.0,3.0,16666.666666666668
Yelahanka,1330.0,2.0,93.65,2.0,7041.353383458647
Kaval Byrasandra,1900.0,2.0,65.0,3.0,3421.0526315789475
Ambedkar Nagar,1935.0,4.0,125.0,3.0,6459.948320413437
other,1410.0,3.0,90.0,3.0,6382.978723404255
Narayanapura,1469.0,2.0,99.14,2.0,6748.8087134104835
other,1460.0,2.0,87.0,3.0,5958.904109589041
other,1260.0,2.0,85.05,3.0,6750.0
Subramanyapura,929.0,1.0,51.0,2.0,5489.773950484392
other,3000.0,3.0,265.0,3.0,8833.333333333334
Gunjur,1362.0,3.0,62.63,3.0,4598.384728340676
Yeshwanthpur,672.0,1.0,36.85,1.0,5483.630952380952
Brookefield,1746.0,3.0,115.0,3.0,6586.483390607102
Harlur,1532.0,2.0,65.0,2.0,4242.819843342037
other,1200.0,2.0,120.0,3.0,10000.0
Ganga Nagar,1250.0,2.0,65.0,2.0,5200.0
Whitefield,3565.0,4.0,218.0,4.0,6115.007012622721
Marathahalli,1170.0,2.0,85.0,2.0,7264.957264957265
other,1800.0,3.0,150.0,3.0,8333.333333333334
other,1000.0,2.0,35.0,2.0,3500.0
Cooke Town,2600.0,3.0,375.0,3.0,14423.076923076924
Nagarbhavi,1200.0,4.0,240.0,5.0,20000.0
Kasturi Nagar,2507.0,4.0,155.0,4.0,6182.688472277623
Babusapalaya,1061.0,2.0,34.0,2.0,3204.5240339302545
Kr Puram,1290.0,2.0,69.0,2.0,5348.837209302325
Sarjapur,1200.0,2.0,42.6,2.0,3550.0
Bharathi Nagar,1120.0,2.0,39.29,2.0,3508.035714285714
Electronic City,418.0,1.0,12.0,1.0,2870.813397129187
Sarjapur,1333.0,3.0,50.0,3.0,3750.9377344336085
Sarjapur Road,1691.0,3.0,119.0,3.0,7037.25606150207
Thanisandra,684.0,1.0,34.355,1.0,5022.66081871345
Koramangala,1700.0,3.0,250.0,3.0,14705.882352941177
Thanisandra,2030.0,4.0,125.0,3.0,6157.635467980295
Balagere,1012.0,2.0,70.0,2.0,6916.99604743083
Kudlu,1245.0,2.0,60.0,3.0,4819.277108433735
7Th Phase Jp Nagar,1765.0,3.0,118.0,3.0,6685.552407932011
other,967.0,2.0,47.8,2.0,4943.1230610134435
Sarjapur,1044.0,2.0,36.0,2.0,3448.2758620689656
other,1798.0,3.0,73.0,3.0,4060.066740823137
Kr Puram,866.28,2.0,36.38,2.0,4199.565960197628
Whitefield,3410.0,5.0,253.0,4.0,7419.354838709677
other,2098.0,3.0,210.0,3.0,10009.532888465204
other,2400.0,3.0,270.0,3.0,11250.0
Haralur Road,1976.0,3.0,92.0,3.0,4655.87044534413
5Th Phase Jp Nagar,1190.0,2.0,61.8,2.0,5193.27731092437
other,1800.0,3.0,192.0,3.0,10666.666666666666
Ramamurthy Nagar,900.0,4.0,70.0,4.0,7777.777777777777
Electronic City,1128.0,2.0,64.8,2.0,5744.68085106383
other,2000.0,3.0,85.0,3.0,4250.0
other,509.0,1.0,20.0,1.0,3929.2730844793714
Ambedkar Nagar,1852.0,4.0,122.0,3.0,6587.473002159827
other,3535.0,4.0,215.0,4.0,6082.036775106082
other,1800.0,3.0,82.0,4.0,4555.555555555556
other,1397.0,2.0,52.0,3.0,3722.2619899785254
Kothanur,1140.0,2.0,56.0,2.0,4912.2807017543855
Balagere,645.0,1.0,55.0,1.0,8527.131782945737
other,2350.0,5.0,325.0,5.0,13829.787234042553
Nagarbhavi,1200.0,3.0,225.0,3.0,18750.0
other,2050.0,3.0,135.0,3.0,6585.365853658536
Sarjapur Road,1335.0,2.0,95.0,2.0,7116.104868913858
other,2100.0,1.0,200.0,2.0,9523.809523809523
Hebbal,1255.0,3.0,77.68,3.0,6189.641434262949
Hosakerehalli,2376.0,3.0,240.0,3.0,10101.0101010101
Thanisandra,663.0,1.0,46.0,1.0,6938.15987933635
other,1276.0,2.0,146.0,2.0,11442.006269592477
Kodichikkanahalli,1400.0,3.0,66.0,3.0,4714.285714285715
other,1339.0,2.0,53.56,2.0,4000.0
Malleshwaram,2200.0,3.0,275.0,3.0,12500.0
other,1305.0,2.0,52.0,2.0,3984.6743295019155
Anekal,680.0,1.0,21.0,2.0,3088.235294117647
Munnekollal,1200.0,2.0,40.0,2.0,3333.3333333333335
Hennur,1155.0,2.0,54.5,2.0,4718.614718614718
Giri Nagar,600.0,1.0,125.0,1.0,20833.333333333332
Hebbal,2470.0,5.0,192.0,4.0,7773.27935222672
Padmanabhanagar,1100.0,2.0,60.0,2.0,5454.545454545455
Kothanur,1400.0,2.0,70.0,2.0,5000.0
other,1600.0,3.0,100.0,3.0,6250.0
Electronic City,1060.0,2.0,55.0,2.0,5188.679245283019
Horamavu Banaswadi,1272.0,2.0,50.0,2.0,3930.817610062893
Kanakpura Road,1296.0,2.0,105.0,2.0,8101.851851851852
other,2100.0,3.0,280.0,4.0,13333.333333333334
other,2300.0,2.0,69.0,3.0,3000.0
Gunjur Palya,1235.0,2.0,52.76,2.0,4272.064777327935
other,2100.0,3.0,270.0,3.0,12857.142857142857
other,850.0,2.0,42.5,2.0,5000.0
Subramanyapura,1880.0,3.0,110.0,3.0,5851.063829787234
1St Block Jayanagar,2450.0,4.0,368.0,4.0,15020.408163265307
Hennur Road,2041.0,3.0,138.0,3.0,6761.391474767271
Vasanthapura,1037.0,2.0,36.28,2.0,3498.553519768563
other,1150.0,2.0,39.0,2.0,3391.304347826087
other,1184.0,2.0,62.0,2.0,5236.486486486487
Sarjapur Road,1680.0,3.0,126.0,3.0,7500.0
Thanisandra,1411.0,3.0,100.0,3.0,7087.172218284904
Hosa Road,900.0,5.0,55.0,5.0,6111.111111111111
other,3500.0,4.0,320.0,4.0,9142.857142857143
Thanisandra,1702.0,3.0,120.0,3.0,7050.5287896592245
other,1545.0,3.0,65.0,3.0,4207.119741100324
6Th Phase Jp Nagar,1515.0,2.0,135.0,3.0,8910.89108910891
Old Madras Road,1720.0,3.0,106.0,3.0,6162.790697674419
other,1540.0,3.0,150.0,3.0,9740.25974025974
Electronic City,710.0,1.0,40.42,1.0,5692.957746478874
other,3200.0,4.0,270.0,4.0,8437.5
other,900.0,2.0,160.0,2.0,17777.777777777777
Kaggadasapura,2400.0,4.0,130.0,5.0,5416.666666666667
Hegde Nagar,1584.01,3.0,104.0,3.0,6565.615116066187
other,875.0,4.0,150.0,4.0,17142.85714285714
Kammasandra,1200.0,6.0,60.0,4.0,5000.0
Kaggadasapura,1485.0,2.0,70.0,3.0,4713.804713804714
Hennur Road,1100.0,2.0,78.0,3.0,7090.909090909091
Hennur Road,1880.0,4.0,154.0,4.0,8191.489361702128
Frazer Town,2214.0,3.0,350.0,3.0,15808.491418247515
other,1050.0,2.0,45.0,2.0,4285.714285714285
Bannerghatta Road,1640.0,3.0,105.0,3.0,6402.4390243902435
other,1165.0,2.0,65.0,2.0,5579.399141630901
Kengeri Satellite Town,1110.0,2.0,43.0,2.0,3873.873873873874
other,1200.0,5.0,200.0,7.0,16666.666666666668
other,4000.0,4.0,630.0,4.0,15750.0
Uttarahalli,4500.0,4.0,150.0,4.0,3333.3333333333335
other,600.0,4.0,65.0,4.0,10833.333333333334
other,1200.0,1.0,42.0,2.0,3500.0
Hennur Road,1232.0,2.0,69.61,2.0,5650.162337662337
7Th Phase Jp Nagar,1275.0,2.0,88.0,3.0,6901.9607843137255
Sarjapur Road,1222.0,2.0,68.0,3.0,5564.648117839607
Horamavu Banaswadi,1200.0,2.0,45.0,2.0,3750.0
5Th Phase Jp Nagar,4000.0,5.0,170.0,5.0,4250.0
Rajaji Nagar,1350.0,4.0,230.0,4.0,17037.037037037036
Yelahanka,3019.0,6.0,190.0,4.0,6293.474660483604
Dommasandra,900.0,3.0,75.0,3.0,8333.333333333334
Epip Zone,3800.0,5.0,170.0,4.0,4473.684210526316
Chandapura,971.0,2.0,38.0,3.0,3913.491246138002
Hennur,1255.0,2.0,52.32,2.0,4168.924302788844
Epip Zone,1810.0,2.0,65.0,2.0,3591.160220994475
other,1300.0,2.0,58.0,2.0,4461.538461538462
Pattandur Agrahara,1350.0,2.0,68.0,2.0,5037.037037037037
Thyagaraja Nagar,3000.0,6.0,180.0,7.0,6000.0
Brookefield,1560.0,3.0,149.0,4.0,9551.28205128205
Somasundara Palya,1650.0,3.0,126.0,3.0,7636.363636363636
other,1645.0,3.0,87.0,3.0,5288.753799392097
Hennur Road,1748.0,3.0,103.0,3.0,5892.448512585813
Channasandra,1200.0,3.0,67.77,3.0,5647.5
Kengeri Satellite Town,1170.0,2.0,50.0,2.0,4273.504273504273
Sarjapur Road,3420.0,4.0,225.0,4.0,6578.9473684210525
Frazer Town,1870.0,3.0,180.0,3.0,9625.668449197861
Sarjapur Road,1510.0,2.0,110.0,3.0,7284.76821192053
other,2700.0,7.0,110.0,6.0,4074.074074074074
other,1305.0,2.0,45.68,3.0,3500.383141762452
Indira Nagar,1149.0,2.0,130.0,2.0,11314.186248912098
Thanisandra,1948.0,4.0,129.0,4.0,6622.17659137577
Margondanahalli,1448.0,3.0,70.0,3.0,4834.254143646409
Sarjapur Road,1242.0,2.0,78.0,2.0,6280.193236714976
other,1255.0,2.0,65.0,2.0,5179.282868525896
Gunjur,1362.0,3.0,62.63,3.0,4598.384728340676
Sarjapur Road,984.0,3.0,140.0,3.0,14227.642276422765
other,800.0,1.0,95.0,2.0,11875.0
Uttarahalli,1345.0,2.0,57.0,3.0,4237.918215613383
Thanisandra,3600.0,9.0,125.0,8.0,3472.222222222222
other,1650.0,2.0,140.0,4.0,8484.848484848484
Hbr Layout,1068.0,2.0,43.0,2.0,4026.2172284644193
Yelahanka New Town,860.0,1.0,31.0,2.0,3604.6511627906975
Kengeri,3000.0,5.0,130.0,8.0,4333.333333333333
Hoodi,1120.0,8.0,155.0,8.0,13839.285714285714
Banashankari,1800.0,3.0,125.0,3.0,6944.444444444444
Ananth Nagar,1010.0,2.0,38.0,2.0,3762.3762376237623
Nagarbhavi,1250.0,3.0,170.0,2.0,13600.0
Doddakallasandra,1010.0,2.0,41.0,2.0,4059.4059405940593
Mysore Road,1248.52,3.0,115.0,3.0,9210.90571236344
Naganathapura,1451.0,3.0,68.0,3.0,4686.423156443831
Giri Nagar,1200.0,3.0,175.0,6.0,14583.333333333334
Jp Nagar,1250.0,2.0,93.0,2.0,7440.0
other,4395.0,3.0,240.0,3.0,5460.750853242321
Hebbal,4600.0,6.0,650.0,4.0,14130.434782608696
other,1100.0,2.0,38.5,2.0,3500.0
Whitefield,6000.0,6.0,700.0,4.0,11666.666666666666
Yelahanka,1200.0,5.0,150.0,6.0,12500.0
Kr Puram,1096.0,2.0,43.0,2.0,3923.3576642335765
other,1936.0,3.0,139.0,3.0,7179.752066115702
Nehru Nagar,1269.0,2.0,63.0,3.0,4964.5390070921985
other,3500.0,3.0,630.0,3.0,18000.0
Panathur,1586.0,3.0,125.0,3.0,7881.462799495586
Hosa Road,1538.0,3.0,107.0,3.0,6957.087126137842
Hosur Road,1427.0,2.0,130.0,3.0,9110.021023125439
other,935.0,2.0,40.0,2.0,4278.07486631016
other,1220.0,2.0,65.0,2.0,5327.868852459016
Harlur,1197.0,2.0,77.0,2.0,6432.748538011696
Kengeri,410.0,1.0,15.0,1.0,3658.5365853658536
Thanisandra,1573.0,3.0,90.0,3.0,5721.551176096631
Dodda Nekkundi,1135.0,2.0,58.0,2.0,5110.132158590309
other,1400.0,2.0,40.43,3.0,2887.8571428571427
other,1200.0,1.0,65.0,1.0,5416.666666666667
other,1800.0,3.0,95.0,3.0,5277.777777777777
other,2045.0,3.0,108.0,3.0,5281.173594132029
Kambipura,883.0,2.0,39.0,2.0,4416.761041902605
Yelahanka,1600.0,3.0,100.0,3.0,6250.0
Thanisandra,1056.0,2.0,70.0,2.0,6628.787878787879
Jigani,1200.0,11.0,105.0,10.0,8750.0
Whitefield,4500.0,4.0,330.0,4.0,7333.333333333333
Kr Puram,1204.0,2.0,58.0,2.0,4817.275747508305
other,1410.0,2.0,54.0,3.0,3829.7872340425533
Hennur Road,1460.0,2.0,80.3,2.0,5500.0
Dodda Nekkundi,1100.0,2.0,41.18,2.0,3743.6363636363635
other,1310.0,2.0,88.0,2.0,6717.557251908397
other,1250.0,2.0,55.0,2.0,4400.0
Uttarahalli,1345.0,2.0,57.0,3.0,4237.918215613383
other,2000.0,5.0,240.0,5.0,12000.0
Hsr Layout,1145.0,2.0,46.0,2.0,4017.467248908297
Munnekollal,7200.0,10.0,200.0,10.0,2777.777777777778
other,972.0,2.0,43.0,2.0,4423.868312757201
other,4500.0,4.0,345.0,4.0,7666.666666666667
other,3155.0,4.0,316.0,3.0,10015.847860538826
Balagere,1007.0,2.0,68.0,2.0,6752.730883813307
Whitefield,1250.0,2.0,85.0,2.0,6800.0
other,1200.0,2.0,54.0,2.0,4500.0
other,1441.0,2.0,115.0,2.0,7980.569049271339
Old Madras Road,1157.0,2.0,47.32,2.0,4089.887640449438
other,1300.0,6.0,150.0,6.0,11538.461538461539
Thigalarapalya,1400.0,2.0,105.0,2.0,7500.0
Tindlu,1370.07,3.0,65.0,3.0,4744.283138817725
Magadi Road,1200.0,4.0,130.0,5.0,10833.333333333334
Judicial Layout,900.0,2.0,40.0,2.0,4444.444444444444
other,418.0,1.0,17.0,1.0,4066.9856459330144
other,1200.0,3.0,80.0,3.0,6666.666666666667
Isro Layout,1200.0,2.0,43.0,2.0,3583.3333333333335
Talaghattapura,1062.0,2.0,42.48,2.0,4000.0
other,1500.0,2.0,200.0,3.0,13333.333333333334
Isro Layout,950.0,4.0,180.0,4.0,18947.36842105263
Kanakpura Road,1430.0,2.0,78.0,2.0,5454.545454545455
Channasandra,1195.0,2.0,56.0,3.0,4686.192468619247
Old Madras Road,2640.0,5.0,150.0,3.0,5681.818181818182
Bisuvanahalli,1075.0,2.0,42.0,3.0,3906.9767441860463
Kammanahalli,782.0,4.0,85.0,6.0,10869.565217391304
Sonnenahalli,1011.0,2.0,59.0,2.0,5835.806132542038
7Th Phase Jp Nagar,1450.0,2.0,102.0,3.0,7034.482758620689
Sarjapur Road,1129.0,2.0,69.0,2.0,6111.603188662533
Sarjapura - Attibele Road,1126.0,2.0,36.0,2.0,3197.158081705151
Attibele,1200.0,3.0,110.0,3.0,9166.666666666666
other,600.0,4.0,125.0,3.0,20833.333333333332
Bannerghatta,940.0,4.0,45.0,4.0,4787.234042553191
Hennur Road,1933.0,3.0,140.0,3.0,7242.628039317124
Tc Palaya,1082.0,2.0,64.0,2.0,5914.972273567468
other,2400.0,8.0,250.0,8.0,10416.666666666666
other,610.0,1.0,28.0,1.0,4590.163934426229
Raja Rajeshwari Nagar,1560.0,4.0,160.0,4.0,10256.410256410256
Kudlu Gate,3850.0,6.0,205.0,4.0,5324.675324675325
other,2400.0,7.0,107.0,6.0,4458.333333333333
Battarahalli,2500.0,3.0,65.0,4.0,2600.0
Old Airport Road,1798.0,3.0,150.0,3.0,8342.602892102335
other,1864.0,3.0,120.0,3.0,6437.768240343347
Kengeri,400.0,1.0,25.0,1.0,6250.0
other,950.0,2.0,57.0,2.0,6000.0
R.T. Nagar,1500.0,4.0,185.0,4.0,12333.333333333334
Bellandur,1200.0,2.0,62.0,2.0,5166.666666666667
Btm 2Nd Stage,1750.0,3.0,172.0,3.0,9828.57142857143
Hsr Layout,1009.0,2.0,56.0,2.0,5550.049554013875
Jalahalli,1470.0,2.0,102.0,3.0,6938.775510204082
Bannerghatta Road,1527.0,3.0,115.0,3.0,7531.106745252128
other,985.0,2.0,45.0,2.0,4568.527918781726
Chandapura,3300.0,4.0,135.0,4.0,4090.909090909091
Whitefield,1277.0,2.0,77.0,2.0,6029.757243539546
other,1100.0,2.0,62.0,2.0,5636.363636363636
Whitefield,1820.0,3.0,140.0,3.0,7692.307692307692
other,1530.0,3.0,87.0,4.0,5686.274509803921
Banashankari,1886.0,3.0,205.0,3.0,10869.565217391304
other,1200.0,2.0,190.0,3.0,15833.333333333334
Jakkur,1880.0,4.0,110.0,3.0,5851.063829787234
Hennur,1255.0,2.0,52.35,2.0,4171.314741035857
Kanakpura Road,700.0,2.0,36.0,2.0,5142.857142857143
Somasundara Palya,1140.0,2.0,46.0,2.0,4035.0877192982457
Whitefield,3453.0,4.0,247.0,4.0,7153.200115841298
other,1200.0,4.0,165.0,4.0,13750.0
Sarjapur Road,1850.0,3.0,140.0,3.0,7567.5675675675675
Kaikondrahalli,1250.0,2.0,78.0,2.0,6240.0
other,2400.0,3.0,108.0,4.0,4500.0
Kodihalli,3522.0,5.0,716.0,4.0,20329.358319136853
Jalahalli,1244.0,2.0,88.0,2.0,7073.954983922829
Kumaraswami Layout,623.0,4.0,75.0,4.0,12038.52327447833
Hosa Road,1470.0,2.0,84.22,3.0,5729.251700680272
Harlur,1752.12,3.0,125.0,3.0,7134.214551514737
Btm 1St Stage,600.0,6.0,80.0,6.0,13333.333333333334
Old Madras Road,2990.0,3.0,170.0,3.0,5685.61872909699
Electronic City,1275.0,3.0,63.43,3.0,4974.901960784314
Bommasandra Industrial Area,1365.0,3.0,52.81,3.0,3868.864468864469
other,1200.0,2.0,90.0,3.0,7500.0
Kanakpura Road,2546.0,3.0,170.0,3.0,6677.140612725844
Banashankari Stage Vi,1392.0,3.0,69.46,3.0,4989.942528735632
Rayasandra,1200.0,3.0,65.0,5.0,5416.666666666667
Singasandra,1476.0,2.0,73.0,3.0,4945.79945799458
Kr Puram,700.0,1.0,21.5,1.0,3071.4285714285716
other,3600.0,6.0,170.0,6.0,4722.222222222223
Jigani,943.0,2.0,48.0,2.0,5090.1378579003185
Pai Layout,1150.0,2.0,170.0,2.0,14782.608695652174
Varthur,1615.0,3.0,69.43,3.0,4299.071207430341
other,1279.0,2.0,100.0,2.0,7818.608287724785
other,1256.0,2.0,60.0,2.0,4777.070063694267
Benson Town,1805.0,3.0,280.0,3.0,15512.465373961219
Sompura,1350.0,3.0,65.0,3.0,4814.814814814815
other,1525.0,3.0,68.63,3.0,4500.327868852459
Hebbal,1645.0,3.0,117.0,3.0,7112.462006079028
Ardendale,1777.26,3.0,92.0,3.0,5176.507657855351
Bisuvanahalli,845.0,2.0,32.0,2.0,3786.98224852071
other,900.0,2.0,25.0,2.0,2777.777777777778
Sarjapur Road,1879.0,3.0,155.0,3.0,8249.068653539116
other,1200.0,2.0,35.0,4.0,2916.6666666666665
Sarjapur Road,1157.0,2.0,75.0,3.0,6482.281763180639
other,1185.0,2.0,42.66,2.0,3600.0
Green Glen Layout,1751.0,3.0,115.0,3.0,6567.6756139348945
other,1550.0,3.0,250.0,5.0,16129.032258064517
Channasandra,1175.0,2.0,38.0,2.0,3234.0425531914893
Jalahalli,1407.0,2.0,98.49,2.0,7000.0
Yelachenahalli,1000.0,2.0,50.0,2.0,5000.0
Electronic City,1518.0,3.0,75.0,3.0,4940.711462450593
other,3600.0,4.0,300.0,4.0,8333.333333333334
Tumkur Road,1027.0,2.0,67.0,2.0,6523.855890944498
Dairy Circle,3730.0,6.0,430.0,4.0,11528.150134048257
Hsr Layout,1145.0,2.0,46.0,2.0,4017.467248908297
Hennur,3484.0,2.0,161.5,4.0,4635.476463834672
other,1600.0,4.0,120.0,3.0,7500.0
Hegde Nagar,1500.0,3.0,135.0,3.0,9000.0
other,1120.0,2.0,60.0,2.0,5357.142857142857
other,1200.0,4.0,240.0,3.0,20000.0
Hennur Road,1030.0,2.0,46.5,2.0,4514.563106796117
Gubbalala,2500.0,6.0,88.0,6.0,3520.0
Kammasandra,1057.0,2.0,35.0,2.0,3311.2582781456954
Mysore Road,1080.0,2.0,60.0,3.0,5555.555555555556
Kodihalli,3626.0,5.0,788.0,4.0,21731.936017650303
other,5100.0,7.0,225.0,6.0,4411.764705882353
Sarjapur Road,2425.0,5.0,175.0,4.0,7216.494845360825
Sarjapur Road,1323.0,2.0,74.0,2.0,5593.348450491308
Hennur Road,1232.0,2.0,69.61,2.0,5650.162337662337
Sarjapura - Attibele Road,740.0,1.0,23.65,1.0,3195.945945945946
Hebbal,1920.0,3.0,134.0,3.0,6979.166666666667
Bannerghatta Road,1550.0,3.0,96.0,3.0,6193.548387096775
Gunjur,1588.0,2.0,90.0,3.0,5667.506297229219
R.T. Nagar,3600.0,8.0,165.0,9.0,4583.333333333333
other,1308.0,2.0,86.0,2.0,6574.923547400612
Kogilu,3280.0,9.0,450.0,10.0,13719.512195121952
other,2170.0,3.0,265.0,4.0,12211.981566820277
Thanisandra,1719.0,3.0,135.0,3.0,7853.4031413612565
Electronic City,1090.0,2.0,31.48,1.0,2888.0733944954127
other,1500.0,5.0,210.0,5.0,14000.0
Jakkur,1660.0,3.0,104.0,3.0,6265.060240963855
Nagavara,1247.0,2.0,58.56,2.0,4696.0705693664795
Thanisandra,1595.0,3.0,96.0,3.0,6018.808777429467
Kaggadasapura,1175.0,2.0,50.0,2.0,4255.31914893617
9Th Phase Jp Nagar,1200.0,8.0,135.0,8.0,11250.0
Old Airport Road,1184.0,2.0,78.0,2.0,6587.8378378378375
other,1100.0,2.0,55.0,2.0,5000.0
Kaval Byrasandra,935.0,2.0,78.0,2.0,8342.245989304813
Yelahanka,1200.0,2.0,60.0,2.0,5000.0
Rajaji Nagar,2400.0,5.0,408.0,5.0,17000.0
other,1000.0,2.0,45.0,2.0,4500.0
Yelahanka,1705.0,3.0,85.0,3.0,4985.337243401759
Chikka Tirupathi,2325.0,4.0,120.0,4.0,5161.290322580645
other,1347.0,2.0,55.0,3.0,4083.147735708983
other,1200.0,8.0,250.0,8.0,20833.333333333332
Whitefield,2280.0,4.0,125.0,3.0,5482.456140350877
other,1225.0,2.0,71.05,2.0,5800.0
5Th Phase Jp Nagar,1080.0,2.0,53.0,2.0,4907.407407407408
other,1919.0,3.0,300.0,3.0,15633.142261594581
Sarjapur Road,2500.0,4.0,225.0,4.0,9000.0
Bannerghatta Road,1200.0,2.0,78.0,2.0,6500.0
other,1200.0,3.0,78.0,2.0,6500.0
Whitefield,2882.0,5.0,200.0,4.0,6939.625260235947
Tc Palaya,1440.0,5.0,97.0,5.0,6736.111111111111
other,2180.0,3.0,273.0,3.0,12522.935779816513
Nagasandra,7000.0,8.0,450.0,4.0,6428.571428571428
Abbigere,985.0,2.0,38.92,2.0,3951.269035532995
Sarjapur,950.0,2.0,35.0,2.0,3684.2105263157896
other,1339.0,2.0,55.0,2.0,4107.542942494399
other,1449.0,3.0,72.0,3.0,4968.944099378882
other,1200.0,4.0,180.0,4.0,15000.0
other,1100.0,2.0,38.68,2.0,3516.3636363636365
Kaval Byrasandra,2700.0,3.0,200.0,3.0,7407.407407407408
other,1100.0,2.0,55.0,2.0,5000.0
Sarjapur,3009.0,3.0,330.0,3.0,10967.098703888336
other,3300.0,8.0,310.0,8.0,9393.939393939394
Chandapura,800.0,1.0,30.0,2.0,3750.0
Chikkabanavar,2000.0,4.0,65.0,5.0,3250.0
other,1200.0,4.0,190.0,4.0,15833.333333333334
other,1300.0,2.0,95.0,2.0,7307.692307692308
Sarjapur Road,2289.0,3.0,178.0,3.0,7776.321537789428
other,1350.0,2.0,89.5,2.0,6629.62962962963
Kambipura,883.0,2.0,45.0,2.0,5096.262740656852
Thanisandra,1698.0,3.0,125.0,3.0,7361.601884570083
Electronic City Phase Ii,2150.0,4.0,105.0,4.0,4883.720930232558
Somasundara Palya,1185.0,2.0,75.0,2.0,6329.113924050633
Padmanabhanagar,2051.0,3.0,180.0,3.0,8776.206728425159
Vittasandra,1404.0,2.0,72.0,2.0,5128.205128205128
Bannerghatta Road,1885.0,3.0,125.0,3.0,6631.29973474801
Kaikondrahalli,3381.0,6.0,225.0,6.0,6654.835847382431
Rajaji Nagar,2500.0,3.0,340.0,3.0,13600.0
other,1166.0,6.0,135.0,6.0,11578.044596912521
other,2312.0,3.0,156.0,3.0,6747.404844290658
Kaggadasapura,3000.0,4.0,130.0,4.0,4333.333333333333
other,1175.0,2.0,70.0,2.0,5957.446808510638
other,1145.0,2.0,51.0,2.0,4454.14847161572
Bhoganhalli,970.0,2.0,52.5,2.0,5412.371134020618
Whitefield,1520.0,3.0,92.63,3.0,6094.078947368421
9Th Phase Jp Nagar,5000.0,4.0,300.0,4.0,6000.0
other,2150.0,3.0,240.0,3.0,11162.790697674418
Harlur,3425.0,3.0,320.0,3.0,9343.065693430657
Hennur Road,2950.0,4.0,253.0,4.0,8576.271186440677
Jalahalli,1200.0,2.0,66.0,1.0,5500.0
Hebbal,4450.0,6.0,449.0,4.0,10089.887640449439
Rajaji Nagar,2390.0,3.0,372.0,3.0,15564.853556485356
other,1460.0,2.0,90.0,3.0,6164.3835616438355
other,1690.0,3.0,50.0,3.0,2958.579881656805
other,1386.0,3.0,93.0,4.0,6709.95670995671
other,1090.0,2.0,32.0,2.0,2935.7798165137615
Thanisandra,1732.0,3.0,85.73,3.0,4949.769053117783
Kengeri,416.0,1.0,17.19,1.0,4132.211538461539
Yelahanka,1350.0,2.0,85.0,3.0,6296.2962962962965
Kasturi Nagar,784.0,2.0,165.0,4.0,21045.918367346938
Bannerghatta,1776.0,3.0,124.0,3.0,6981.981981981982
Hormavu,860.0,2.0,56.0,2.0,6511.627906976744
other,2800.0,3.0,400.0,3.0,14285.714285714286
Nagasandra,1650.0,3.0,95.0,3.0,5757.575757575758
Whitefield,1190.0,2.0,70.0,2.0,5882.35294117647
other,1559.0,3.0,62.0,3.0,3976.9082745349583
Horamavu Banaswadi,1448.0,4.0,118.0,3.0,8149.171270718232
other,6652.0,6.0,510.0,4.0,7666.867107636801
Kodichikkanahalli,976.0,2.0,50.0,2.0,5122.950819672131
other,1350.0,4.0,240.0,4.0,17777.777777777777
Binny Pete,2940.0,6.0,201.0,4.0,6836.734693877551
Yelahanka,1633.0,3.0,110.0,3.0,6736.068585425597
Kereguddadahalli,1400.0,2.0,42.0,3.0,3000.0
other,1060.0,2.0,52.0,2.0,4905.66037735849
Thigalarapalya,2215.0,4.0,162.0,3.0,7313.769751693002
Hennur,1255.0,2.0,54.5,2.0,4342.629482071713
other,2500.0,2.0,300.0,3.0,12000.0
Harlur,2569.0,5.0,180.0,4.0,7006.617360840794
Itpl,900.0,2.0,27.0,2.0,3000.0
Hsr Layout,1100.0,2.0,44.0,2.0,4000.0
Gm Palaya,1643.0,2.0,70.0,3.0,4260.49908703591
other,1500.0,2.0,120.0,3.0,8000.0
Jakkur,1291.0,2.0,75.0,2.0,5809.450038729667
Hennur,1150.0,3.0,80.0,3.0,6956.521739130435
Electronic City,1060.0,2.0,55.0,2.0,5188.679245283019
7Th Phase Jp Nagar,1575.0,2.0,110.0,3.0,6984.126984126984
other,1200.0,4.0,160.0,5.0,13333.333333333334
other,1700.0,3.0,55.0,4.0,3235.294117647059
Malleshwaram,2475.0,4.0,326.0,3.0,13171.717171717171
Pai Layout,3800.0,6.0,175.0,6.0,4605.263157894737
Haralur Road,4694.0,5.0,375.0,4.0,7988.9220281210055
Hulimavu,1200.0,4.0,75.0,4.0,6250.0
Harlur,1225.0,2.0,56.0,2.0,4571.428571428572
Thanisandra,1056.0,2.0,75.0,2.0,7102.272727272727
Banashankari,1200.0,3.0,74.52,3.0,6210.0
Kudlu Gate,1850.0,3.0,110.0,3.0,5945.945945945946
other,3150.0,4.0,180.0,4.0,5714.285714285715
Naganathapura,1200.0,1.0,39.82,1.0,3318.3333333333335
other,1018.0,4.0,150.0,4.0,14734.774066797643
other,3520.0,6.0,460.0,5.0,13068.181818181818
Jigani,918.0,2.0,56.0,2.0,6100.217864923748
other,1330.0,2.0,68.0,3.0,5112.7819548872185
Lakshminarayana Pura,1200.0,2.0,80.0,2.0,6666.666666666667
other,927.0,2.0,37.0,2.0,3991.3700107874865
Cv Raman Nagar,1400.0,2.0,78.0,3.0,5571.428571428572
Hosur Road,1345.0,2.0,106.0,2.0,7881.0408921933085
1St Phase Jp Nagar,1900.0,3.0,400.0,4.0,21052.63157894737
Kanakpura Road,525.0,2.0,27.0,1.0,5142.857142857143
Itpl,1500.0,3.0,61.52,3.0,4101.333333333333
Yelahanka,629.0,1.0,42.535,1.0,6762.321144674086
Vidyaranyapura,1100.0,2.0,72.0,3.0,6545.454545454545
other,1200.0,3.0,68.0,3.0,5666.666666666667
Hormavu,2282.0,4.0,115.0,4.0,5039.439088518843
other,760.0,2.0,37.49,2.0,4932.894736842105
Sarjapur,2172.0,3.0,100.0,3.0,4604.051565377532
other,3800.0,6.0,390.0,6.0,10263.157894736842
Kumaraswami Layout,600.0,2.0,72.0,4.0,12000.0
8Th Phase Jp Nagar,3300.0,3.0,165.0,3.0,5000.0
other,410.0,1.0,48.0,1.0,11707.317073170732
Sahakara Nagar,1200.0,2.0,46.0,2.0,3833.3333333333335
Btm 1St Stage,1717.0,3.0,200.0,3.0,11648.223645894
7Th Phase Jp Nagar,2100.0,3.0,200.0,3.0,9523.809523809523
other,880.0,1.0,90.0,2.0,10227.272727272728
Abbigere,1200.0,6.0,95.0,6.0,7916.666666666667
other,1250.0,3.0,42.0,3.0,3360.0
Hebbal,3520.0,5.0,240.0,3.0,6818.181818181818
5Th Phase Jp Nagar,1041.0,2.0,54.0,2.0,5187.319884726225
Bannerghatta,1776.0,3.0,150.0,3.0,8445.945945945947
other,1293.0,2.0,80.0,2.0,6187.161639597834
other,1280.0,2.0,68.48,2.0,5350.0
Thanisandra,1245.0,2.0,83.05,2.0,6670.682730923695
Yelenahalli,1200.0,2.0,46.17,2.0,3847.5
other,1065.0,3.0,72.0,3.0,6760.56338028169
Kannamangala,1814.0,3.0,129.0,3.0,7111.35611907387
Ramagondanahalli,1610.0,2.0,112.0,3.0,6956.521739130435
Kumaraswami Layout,850.0,1.0,78.0,1.0,9176.470588235294
other,3200.0,4.0,140.0,3.0,4375.0
other,1250.0,2.0,77.13,3.0,6170.4
other,1475.0,3.0,75.0,3.0,5084.745762711865
Electronic City,1353.0,2.0,75.0,2.0,5543.2372505543235
other,2100.0,3.0,210.0,4.0,10000.0
Whitefield,4800.0,4.0,550.0,4.0,11458.333333333334
Sahakara Nagar,1270.0,2.0,96.0,2.0,7559.055118110236
Battarahalli,2700.0,3.0,75.0,4.0,2777.777777777778
8Th Phase Jp Nagar,1200.0,4.0,270.0,4.0,22500.0
Thanisandra,2695.0,4.0,188.0,4.0,6975.881261595548
other,1330.0,3.0,65.0,3.0,4887.2180451127815
Btm 2Nd Stage,1400.0,2.0,90.0,2.0,6428.571428571428
Gubbalala,4000.0,5.0,195.0,4.0,4875.0
Electronic City,1128.0,2.0,67.0,2.0,5939.7163120567375
Hsr Layout,1203.0,2.0,60.0,2.0,4987.5311720698255
Mallasandra,905.0,2.0,35.0,2.0,3867.403314917127
Channasandra,1200.0,2.0,46.13,2.0,3844.1666666666665
Dasarahalli,1333.0,2.0,78.56,2.0,5893.473368342085
other,1065.0,2.0,45.0,2.0,4225.352112676056
Margondanahalli,1200.0,2.0,65.0,2.0,5416.666666666667
Whitefield,1270.0,2.0,94.0,2.0,7401.574803149606
Chandapura,900.0,2.0,35.0,2.0,3888.8888888888887
Attibele,2400.0,2.0,250.0,4.0,10416.666666666666
other,7000.0,6.0,560.0,6.0,8000.0
Bannerghatta Road,1450.0,2.0,78.0,3.0,5379.310344827586
other,1525.0,3.0,65.0,3.0,4262.295081967213
Mahalakshmi Layout,1080.0,2.0,67.0,2.0,6203.7037037037035
other,1220.0,2.0,72.0,2.0,5901.639344262295
Bommanahalli,1215.0,2.0,73.17,2.0,6022.222222222223
R.T. Nagar,2400.0,3.0,348.0,3.0,14500.0
other,1500.0,2.0,60.0,2.0,4000.0
Koramangala,1355.0,2.0,95.0,2.0,7011.070110701107
Electronic City,1070.0,2.0,57.0,2.0,5327.102803738318
Cv Raman Nagar,1980.0,4.0,180.0,3.0,9090.90909090909
Bommasandra,842.0,2.0,30.0,2.0,3562.9453681710215
Bannerghatta Road,700.0,1.0,31.2,1.0,4457.142857142857
other,2500.0,4.0,65.0,3.0,2600.0
other,1884.0,3.0,95.0,3.0,5042.462845010616
other,1100.0,2.0,75.0,2.0,6818.181818181818
other,1200.0,8.0,145.0,8.0,12083.333333333334
Varthur,2145.0,3.0,170.0,3.0,7925.407925407925
Whitefield,1220.0,2.0,89.0,2.0,7295.081967213115
Marathahalli,1449.0,3.0,110.0,3.0,7591.44237405107
Ardendale,2500.0,3.0,250.0,3.0,10000.0
Electronic City,1700.0,3.0,90.0,3.0,5294.117647058823
Hebbal,1920.0,3.0,150.0,3.0,7812.5
other,1350.0,2.0,90.0,2.0,6666.666666666667
other,4800.0,5.0,350.0,4.0,7291.666666666667
other,1700.0,3.0,74.0,3.0,4352.941176470588
Kanakpura Road,1329.0,2.0,107.0,2.0,8051.166290443943
Sarjapur Road,1314.0,2.0,70.44,3.0,5360.730593607306
other,1200.0,3.0,110.0,3.0,9166.666666666666
Basavangudi,1214.0,3.0,220.0,6.0,18121.91103789127
Hosa Road,1513.0,3.0,103.0,3.0,6807.666886979511
Vittasandra,1246.0,2.0,67.5,2.0,5417.335473515249
Ganga Nagar,705.0,1.0,65.0,1.0,9219.85815602837
Dasarahalli,1220.0,2.0,62.0,2.0,5081.9672131147545
Kaval Byrasandra,1400.0,3.0,75.0,3.0,5357.142857142857
Kasavanhalli,1245.0,2.0,80.0,2.0,6425.70281124498
other,1495.0,2.0,63.0,3.0,4214.046822742475
Nagavara,2000.0,2.0,275.0,3.0,13750.0
Gollarapalya Hosahalli,996.0,2.0,36.5,2.0,3664.6586345381525
Yelahanka New Town,1000.0,2.0,44.0,2.0,4400.0
other,1250.0,2.0,75.0,2.0,6000.0
Thanisandra,1261.0,2.0,80.0,3.0,6344.171292624901
other,1230.0,2.0,50.0,2.0,4065.040650406504
Bommasandra,1260.0,3.0,49.36,3.0,3917.4603174603176
Hsr Layout,1590.0,2.0,135.0,3.0,8490.566037735849
Green Glen Layout,1750.0,3.0,105.0,3.0,6000.0
Varthur,1560.0,3.0,90.0,3.0,5769.2307692307695
Whitefield,3758.0,3.0,300.0,3.0,7982.969664715274
other,1275.0,2.0,59.0,2.0,4627.450980392156
other,1040.0,2.0,36.4,2.0,3500.0
Chamrajpet,1500.0,9.0,230.0,6.0,15333.333333333334
Kaggalipura,3150.0,5.0,212.0,4.0,6730.158730158731
Karuna Nagar,1960.0,3.0,165.0,3.0,8418.367346938776
Jp Nagar,3200.0,5.0,309.0,4.0,9656.25
Yeshwanthpur,1195.0,2.0,100.0,2.0,8368.200836820084
Hosakerehalli,4500.0,5.0,145.0,5.0,3222.222222222222
Ulsoor,450.0,3.0,70.0,3.0,15555.555555555555
other,4304.0,4.0,699.0,4.0,16240.706319702602
other,648.0,1.0,40.0,1.0,6172.83950617284
Sarjapur Road,2100.0,3.0,130.0,3.0,6190.476190476191
other,4209.0,4.0,602.0,4.0,14302.684723212164
Whitefield,1575.0,4.0,250.0,4.0,15873.015873015873
Bommasandra,1365.0,3.0,52.82,3.0,3869.5970695970695
Yelahanka New Town,650.0,1.0,18.0,1.0,2769.230769230769
Chandapura,1200.0,2.0,52.0,3.0,4333.333333333333
Cooke Town,1100.0,2.0,90.0,2.0,8181.818181818182
other,1320.0,2.0,58.0,3.0,4393.939393939394
Kammasandra,1500.0,3.0,65.0,3.0,4333.333333333333
other,1200.0,5.0,150.0,4.0,12500.0
other,1125.0,3.0,126.0,4.0,11200.0
Vittasandra,1246.0,2.0,67.5,2.0,5417.335473515249
other,1480.0,3.0,75.48,3.0,5100.0
other,500.0,1.0,13.0,1.0,2600.0
other,2400.0,4.0,325.0,5.0,13541.666666666666
Kaikondrahalli,1200.0,4.0,125.0,4.0,10416.666666666666
other,1128.0,2.0,48.4,2.0,4290.780141843971
other,1180.0,2.0,65.0,2.0,5508.474576271186
other,1200.0,2.0,60.0,2.0,5000.0
other,1250.0,3.0,39.5,3.0,3160.0
other,1000.0,2.0,45.0,2.0,4500.0
Yelahanka New Town,600.0,2.0,80.0,2.0,13333.333333333334
Vittasandra,1404.0,2.0,70.0,2.0,4985.754985754986
Ramagondanahalli,1610.0,2.0,115.0,3.0,7142.857142857143
other,975.0,2.0,55.0,2.0,5641.025641025641
other,1190.0,2.0,42.0,2.0,3529.4117647058824
Rajaji Nagar,2415.0,3.0,399.0,3.0,16521.739130434784
Gunjur,1235.0,2.0,44.5,2.0,3603.2388663967613
other,1275.0,2.0,55.0,2.0,4313.725490196079
other,1115.0,2.0,115.0,2.0,10313.90134529148
Harlur,1197.0,2.0,76.0,2.0,6349.206349206349
Begur Road,644.0,1.0,32.0,1.0,4968.944099378882
Neeladri Nagar,1105.0,2.0,30.0,2.0,2714.9321266968327
other,1080.0,2.0,38.0,2.0,3518.5185185185187
Kudlu,2100.0,3.0,114.0,4.0,5428.571428571428
Kammanahalli,1600.0,4.0,200.0,4.0,12500.0
Nri Layout,1731.0,3.0,64.11,3.0,3703.639514731369
Choodasandra,1560.0,3.0,78.0,3.0,5000.0
7Th Phase Jp Nagar,750.0,1.0,47.0,1.0,6266.666666666667
Billekahalli,1035.0,2.0,90.0,2.0,8695.652173913044
Ramamurthy Nagar,1200.0,6.0,150.0,7.0,12500.0
Sarjapur Road,702.0,1.0,35.8,1.0,5099.715099715099
Attibele,1700.0,3.0,65.0,3.0,3823.529411764706
Hrbr Layout,1145.0,2.0,68.5,2.0,5982.532751091703
other,560.0,2.0,22.0,2.0,3928.5714285714284
Green Glen Layout,1885.0,3.0,135.0,3.0,7161.803713527852
Old Madras Road,935.0,2.0,37.77,2.0,4039.5721925133694
Old Madras Road,1171.0,2.0,73.0,2.0,6233.98804440649
Budigere,1820.0,3.0,95.0,3.0,5219.780219780219
Raja Rajeshwari Nagar,1580.0,2.0,66.85,3.0,4231.012658227847
Hennur Road,1445.0,2.0,89.56,3.0,6197.923875432526
other,1170.0,2.0,39.0,2.0,3333.3333333333335
other,1070.0,2.0,50.0,2.0,4672.897196261682
Kothanur,1140.0,2.0,56.0,2.0,4912.2807017543855
Rachenahalli,2600.0,3.0,160.0,3.0,6153.846153846154
other,1532.0,3.0,59.75,3.0,3900.1305483028723
other,1150.0,2.0,46.0,2.0,4000.0
Jakkur,1473.0,2.0,85.0,2.0,5770.536320434488
Prithvi Layout,4040.0,4.0,500.0,4.0,12376.237623762376
Cv Raman Nagar,1980.0,4.0,166.0,3.0,8383.838383838383
Hoodi,1660.0,3.0,128.0,3.0,7710.843373493976
Kogilu,2456.0,7.0,85.0,7.0,3460.912052117264
Chamrajpet,650.0,2.0,45.0,2.0,6923.076923076923
Neeladri Nagar,4000.0,5.0,425.0,5.0,10625.0
Malleshwaram,2475.0,4.0,340.0,3.0,13737.373737373737
other,1495.0,3.0,90.0,3.0,6020.066889632107
R.T. Nagar,1080.0,2.0,48.0,2.0,4444.444444444444
other,1053.0,2.0,51.0,2.0,4843.304843304843
Binny Pete,2406.0,5.0,289.0,3.0,12011.63757273483
Kanakpura Road,800.0,5.0,115.0,4.0,14375.0
other,1250.0,3.0,39.0,3.0,3120.0
other,1200.0,2.0,75.0,4.0,6250.0
Ulsoor,840.0,1.0,150.0,1.0,17857.14285714286
Kammasandra,985.0,2.0,40.5,2.0,4111.675126903553
Btm 2Nd Stage,1200.0,2.0,70.0,2.0,5833.333333333333
Ambalipura,1650.0,3.0,100.0,3.0,6060.606060606061
other,1670.0,3.0,59.0,3.0,3532.934131736527
5Th Block Hbr Layout,1200.0,5.0,205.0,5.0,17083.333333333332
Sarjapur Road,1240.0,4.0,110.0,4.0,8870.967741935483
other,1000.0,2.0,60.0,2.0,6000.0
other,830.0,2.0,26.0,2.0,3132.5301204819275
Ramagondanahalli,1200.0,3.0,56.1,3.0,4675.0
Begur Road,2400.0,6.0,122.5,4.0,5104.166666666667
Hsr Layout,1120.0,2.0,70.0,2.0,6250.0
other,2750.0,6.0,200.0,6.0,7272.727272727273
other,1760.0,3.0,185.0,3.0,10511.363636363636
Hennur Road,973.0,2.0,50.74,2.0,5214.799588900309
Kundalahalli,1724.0,3.0,146.0,3.0,8468.677494199535
Electronic City,750.0,1.0,35.0,1.0,4666.666666666667
Kambipura,883.0,2.0,49.0,2.0,5549.263873159683
other,660.0,2.0,76.0,2.0,11515.151515151516
Ramagondanahalli,2787.0,5.0,220.0,4.0,7893.792608539648
other,1470.0,2.0,60.0,3.0,4081.6326530612246
other,1275.0,2.0,76.0,2.0,5960.78431372549
Kothanur,1787.0,3.0,120.0,3.0,6715.165081141578
8Th Phase Jp Nagar,1730.0,5.0,75.0,5.0,4335.260115606937
Sarjapur Road,1320.0,2.0,110.0,2.0,8333.333333333334
other,1602.0,3.0,56.0,3.0,3495.6304619225966
other,793.0,1.0,40.0,1.0,5044.136191677176
Gm Palaya,675.0,1.0,35.0,1.0,5185.185185185185
Sarjapur Road,1800.0,3.0,128.0,3.0,7111.111111111111
other,1100.0,2.0,38.0,2.0,3454.5454545454545
other,1555.0,3.0,73.0,3.0,4694.5337620578775
Hennur Road,1482.0,2.0,83.73,3.0,5649.797570850203
other,1630.0,2.0,130.0,3.0,7975.460122699386
Arekere,900.0,2.0,44.5,2.0,4944.444444444444
Yelahanka,1355.0,2.0,75.0,3.0,5535.055350553505
other,2360.0,4.0,601.0,4.0,25466.101694915254
other,1563.0,3.0,63.0,3.0,4030.7101727447216
other,1344.0,4.0,84.0,4.0,6250.0
other,3000.0,3.0,400.0,3.0,13333.333333333334
5Th Phase Jp Nagar,812.0,2.0,42.0,2.0,5172.413793103448
Basaveshwara Nagar,1200.0,2.0,70.0,2.0,5833.333333333333
Marathahalli,1360.0,2.0,101.0,2.0,7426.470588235294
Rachenahalli,1756.0,3.0,110.0,3.0,6264.236902050114
Anandapura,1141.0,2.0,50.0,2.0,4382.120946538124
other,1356.0,5.0,139.0,5.0,10250.737463126843
Magadi Road,1052.0,2.0,55.195,3.0,5246.6730038022815
Gubbalala,1745.0,3.0,140.0,3.0,8022.9226361031515
Kr Puram,1200.0,5.0,125.0,5.0,10416.666666666666
Banashankari,2400.0,4.0,500.0,4.0,20833.333333333332
Kasavanhalli,2035.0,3.0,142.0,3.0,6977.886977886978
Sarjapur,633.0,1.0,17.09,1.0,2699.8420221169035
Amruthahalli,485.0,1.0,19.5,1.0,4020.618556701031
other,1200.0,2.0,82.0,2.0,6833.333333333333
Sarjapur Road,2275.0,4.0,187.0,3.0,8219.78021978022
other,1419.0,3.0,85.0,3.0,5990.133897110642
other,1195.0,2.0,42.4,2.0,3548.1171548117154
other,2020.0,3.0,270.0,3.0,13366.336633663366
Thanisandra,1884.0,4.0,117.0,3.0,6210.1910828025475
Malleshpalya,1200.0,3.0,149.0,3.0,12416.666666666666
Bannerghatta Road,905.0,2.0,58.0,2.0,6408.839779005525
Jp Nagar,1500.0,2.0,108.0,3.0,7200.0
other,850.0,1.0,50.0,1.0,5882.35294117647
Bommasandra Industrial Area,1125.0,2.0,32.49,2.0,2888.0
Tindlu,1165.0,2.0,59.8,2.0,5133.0472103004295
other,933.0,2.0,55.0,2.0,5894.962486602358
Hennur Road,1305.0,2.0,77.0,3.0,5900.383141762452
Billekahalli,1125.0,2.0,65.0,2.0,5777.777777777777
other,865.0,2.0,33.0,2.0,3815.0289017341042
Kalyan Nagar,8840.0,2.0,300.0,2.0,3393.665158371041
other,1145.0,2.0,60.0,3.0,5240.174672489083
Aecs Layout,2000.0,3.0,90.0,3.0,4500.0
Hosa Road,625.0,1.0,43.68,1.0,6988.8
Kundalahalli,1724.0,3.0,128.0,3.0,7424.593967517401
other,400.0,1.0,75.0,1.0,18750.0
other,1250.0,3.0,39.5,3.0,3160.0
other,823.0,2.0,80.0,2.0,9720.534629404618
Kothanur,1185.0,2.0,59.0,2.0,4978.9029535864975
Kadubeesanahalli,1140.0,2.0,78.0,2.0,6842.105263157895
Yelahanka,1756.0,3.0,125.0,3.0,7118.451025056947
Kumaraswami Layout,2600.0,4.0,300.0,4.0,11538.461538461539
Chandapura,520.0,1.0,14.04,1.0,2700.0
other,1025.0,2.0,48.0,2.0,4682.926829268293
Whitefield,1216.0,2.0,72.0,2.0,5921.0526315789475
Sarjapur Road,1026.0,2.0,60.8,2.0,5925.925925925926
Sarjapur Road,3335.0,4.0,300.0,4.0,8995.502248875562
Kodichikkanahalli,2700.0,4.0,125.0,5.0,4629.62962962963
Bannerghatta,1320.0,2.0,50.0,2.0,3787.878787878788
Ombr Layout,615.0,4.0,110.0,4.0,17886.17886178862
Kalena Agrahara,1804.0,3.0,155.0,3.0,8592.017738359202
Hsr Layout,1140.0,2.0,46.0,2.0,4035.0877192982457
Banjara Layout,1200.0,4.0,105.0,4.0,8750.0
Hebbal,2375.0,4.0,189.0,4.0,7957.894736842105
other,1750.0,3.0,120.0,3.0,6857.142857142857
other,960.0,5.0,130.0,9.0,13541.666666666666
Tc Palaya,1152.0,2.0,55.0,2.0,4774.305555555556
Lingadheeranahalli,1684.0,3.0,120.0,3.0,7125.890736342043
Sarjapur,1500.0,5.0,95.0,3.0,6333.333333333333
other,1464.0,3.0,56.0,3.0,3825.136612021858
Hebbal,1420.0,2.0,99.26,2.0,6990.140845070423
other,750.0,2.0,40.0,2.0,5333.333333333333
Shampura,2800.0,5.0,95.0,7.0,3392.8571428571427
other,1300.0,3.0,46.0,3.0,3538.4615384615386
other,2750.0,5.0,550.0,3.0,20000.0
other,2150.0,3.0,170.0,3.0,7906.976744186047
5Th Block Hbr Layout,5100.0,5.0,300.0,6.0,5882.35294117647
Kadugodi,1875.0,2.0,110.0,3.0,5866.666666666667
Hulimavu,1260.0,2.0,82.0,3.0,6507.936507936508
Kengeri,2500.0,4.0,100.0,5.0,4000.0
other,1500.0,1.0,218.0,2.0,14533.333333333334
Electronic City,1070.0,2.0,60.0,2.0,5607.476635514019
Begur,815.0,2.0,40.0,2.0,4907.9754601227
Malleshwaram,1400.0,2.0,190.0,2.0,13571.42857142857
Varthur,1740.0,4.0,175.0,4.0,10057.471264367816
Itpl,5666.0,5.0,300.0,4.0,5294.740557712672
Sarjapur Road,1216.0,2.0,70.0,2.0,5756.578947368421
other,2200.0,2.0,190.0,3.0,8636.363636363636
Hegde Nagar,3500.0,5.0,450.0,4.0,12857.142857142857
Shampura,970.0,6.0,105.0,6.0,10824.742268041236
Vidyaranyapura,3150.0,7.0,375.0,7.0,11904.761904761905
Kanakpura Road,1200.0,2.0,62.0,2.0,5166.666666666667
Hulimavu,450.0,1.0,20.0,1.0,4444.444444444444
Kr Puram,1205.0,2.0,45.79,2.0,3800.0
other,1368.0,2.0,87.0,2.0,6359.649122807017
Anekal,420.0,1.0,12.5,1.0,2976.190476190476
Doddakallasandra,1270.0,2.0,42.0,2.0,3307.0866141732286
Anekal,614.0,1.0,28.0,2.0,4560.260586319218
Margondanahalli,1050.0,2.0,58.0,2.0,5523.809523809524
other,1507.0,3.0,80.0,3.0,5308.560053085601
other,1160.0,2.0,57.0,2.0,4913.793103448276
other,1200.0,3.0,70.0,3.0,5833.333333333333
other,960.0,2.0,50.0,2.0,5208.333333333333
Ngr Layout,1021.0,2.0,46.0,2.0,4505.386875612145
Hegde Nagar,2162.03,4.0,129.0,3.0,5966.614709324107
Channasandra,1065.0,2.0,36.0,2.0,3380.281690140845
Attibele,400.0,1.0,10.25,1.0,2562.5
other,1175.0,2.0,83.0,2.0,7063.829787234043
other,6729.0,4.0,900.0,3.0,13374.944271065537
Vijayanagar,1500.0,4.0,360.0,4.0,24000.0
Sanjay Nagar,1050.0,2.0,59.0,2.0,5619.047619047619
Kr Puram,1827.0,3.0,97.0,3.0,5309.250136836344
Thanisandra,1930.0,4.0,122.0,3.0,6321.243523316062
Kengeri,550.0,1.0,16.75,1.0,3045.4545454545455
other,1350.0,4.0,310.0,4.0,22962.962962962964
Raja Rajeshwari Nagar,1021.0,3.0,59.0,3.0,5778.648383937317
other,1200.0,4.0,99.0,5.0,8250.0
Nagarbhavi,1400.0,2.0,135.0,3.0,9642.857142857143
Doddaballapur,2400.0,3.0,200.0,4.0,8333.333333333334
Munnekollal,1200.0,2.0,57.9,3.0,4825.0
Jp Nagar,1520.0,3.0,125.0,3.0,8223.684210526315
Thanisandra,620.0,1.0,38.46,1.0,6203.225806451613
Epip Zone,2710.0,3.0,177.0,3.0,6531.365313653137
Mahalakshmi Layout,1200.0,2.0,110.0,3.0,9166.666666666666
Hebbal,1252.0,2.0,92.0,2.0,7348.242811501597
Tumkur Road,992.0,2.0,70.0,2.0,7056.451612903225
Beml Layout,2000.0,3.0,85.0,3.0,4250.0
other,893.0,2.0,34.5,2.0,3863.3818589025755
other,800.0,2.0,60.0,3.0,7500.0
other,1400.0,3.0,98.0,3.0,7000.0
Bommasandra,1400.0,6.0,252.0,5.0,18000.0
Whitefield,5400.0,5.0,475.0,4.0,8796.296296296296
other,1138.0,2.0,32.0,2.0,2811.95079086116
Nagappa Reddy Layout,1495.0,2.0,70.0,3.0,4682.274247491639
Whitefield,1396.0,3.0,74.0,3.0,5300.859598853868
Garudachar Palya,1610.0,2.0,119.0,3.0,7391.304347826087
Tindlu,1050.0,2.0,55.0,2.0,5238.0952380952385
other,1410.0,2.0,43.71,3.0,3100.0
Kumaraswami Layout,1310.0,2.0,85.0,3.0,6488.5496183206105
Yelahanka,1104.0,2.0,58.0,2.0,5253.623188405797
Hennur Road,1165.0,2.0,67.0,2.0,5751.07296137339
other,1052.0,2.0,52.0,2.0,4942.9657794676805
other,1000.0,2.0,45.0,2.0,4500.0
other,2240.0,3.0,300.0,3.0,13392.857142857143
Banashankari Stage Iii,1350.0,1.0,145.0,1.0,10740.74074074074
9Th Phase Jp Nagar,800.0,8.0,140.0,8.0,17500.0
Akshaya Nagar,1893.0,4.0,95.0,3.0,5018.489170628632
Gollarapalya Hosahalli,1318.0,3.0,56.0,3.0,4248.86191198786
Kereguddadahalli,800.0,2.0,33.0,2.0,4125.0
other,1300.0,3.0,42.25,3.0,3250.0
other,1300.0,2.0,60.0,3.0,4615.384615384615
Jalahalli East,1010.0,2.0,52.0,2.0,5148.514851485149
Ulsoor,2500.0,4.0,170.0,4.0,6800.0
other,1520.0,3.0,165.0,3.0,10855.263157894737
Harlur,1197.0,2.0,75.0,2.0,6265.664160401003
other,1050.0,2.0,45.0,2.0,4285.714285714285
other,910.0,4.0,194.0,5.0,21318.68131868132
Thanisandra,1241.0,2.0,68.0,3.0,5479.45205479452
other,1567.0,2.0,62.0,3.0,3956.6049776643267
Kasavanhalli,1747.0,3.0,110.0,3.0,6296.508299942759
other,600.0,4.0,70.0,4.0,11666.666666666666
Hennur Road,980.0,2.0,51.0,2.0,5204.081632653061
Dasanapura,966.0,2.0,58.0,2.0,6004.140786749483
other,2360.0,3.0,185.0,4.0,7838.983050847458
Sarjapur Road,1112.0,2.0,62.0,2.0,5575.5395683453235
other,1760.0,3.0,90.0,3.0,5113.636363636364
Hennur,1830.0,2.0,113.0,3.0,6174.863387978142
Yelahanka,1175.0,2.0,67.77,2.0,5767.659574468085
Horamavu Banaswadi,1025.0,2.0,45.0,2.0,4390.243902439024
Hennur Road,1232.0,2.0,80.0,2.0,6493.506493506494
5Th Phase Jp Nagar,1010.0,2.0,57.0,2.0,5643.564356435643
other,1100.0,2.0,58.5,2.0,5318.181818181818
Electronic City Phase Ii,1252.0,2.0,65.0,3.0,5191.693290734825
1St Phase Jp Nagar,2615.0,5.0,222.0,4.0,8489.483747609942
other,1200.0,6.0,140.0,5.0,11666.666666666666
Yelahanka,1322.0,2.0,77.9,2.0,5892.586989409986
7Th Phase Jp Nagar,1000.0,1.0,60.0,1.0,6000.0
Harlur,1755.0,3.0,117.0,3.0,6666.666666666667
Rajaji Nagar,1200.0,10.0,180.0,8.0,15000.0
Electronic City,1200.0,4.0,125.0,4.0,10416.666666666666
Hoodi,3250.0,5.0,395.0,5.0,12153.846153846154
Ambedkar Nagar,3500.0,4.0,550.0,4.0,15714.285714285714
other,1200.0,6.0,110.0,5.0,9166.666666666666
Electronic City Phase Ii,1305.0,3.0,65.0,3.0,4980.842911877395
other,1236.0,2.0,50.0,2.0,4045.3074433656957
Beml Layout,2000.0,3.0,85.0,3.0,4250.0
other,772.0,5.0,60.0,8.0,7772.020725388601
Thanisandra,2999.97,6.0,110.0,6.0,3666.703333700004
other,1440.0,4.0,240.0,4.0,16666.666666666668
Hennur Road,1085.0,2.0,43.4,2.0,4000.0
Hebbal Kempapura,1785.0,3.0,165.0,3.0,9243.697478991597
Malleshwaram,2475.0,4.0,300.0,3.0,12121.212121212122
Thanisandra,1930.0,4.0,120.0,3.0,6217.616580310881
other,600.0,4.0,70.0,2.0,11666.666666666666
other,800.0,1.0,45.0,2.0,5625.0
other,1200.0,4.0,120.0,4.0,10000.0
Bannerghatta Road,1920.0,3.0,122.0,3.0,6354.166666666667
Kothannur,1085.0,2.0,34.2,2.0,3152.0737327188945
Thanisandra,760.0,1.0,50.4,1.0,6631.578947368421
Sahakara Nagar,1201.0,2.0,80.0,2.0,6661.1157368859285
Electronic City,1615.0,3.0,97.0,3.0,6006.1919504643965
Hsr Layout,1289.0,2.0,70.0,2.0,5430.566330488751
Kasavanhalli,1377.0,2.0,80.0,2.0,5809.731299927378
Cunningham Road,2880.0,3.0,560.0,3.0,19444.444444444445
other,1892.0,3.0,200.0,3.0,10570.824524312897
other,2176.0,3.0,348.0,3.0,15992.64705882353
Thanisandra,663.0,1.0,32.82,1.0,4950.226244343891
Talaghattapura,3554.0,4.0,340.0,3.0,9566.685424873382
other,1095.0,2.0,39.0,2.0,3561.6438356164385
other,1050.0,2.0,65.0,2.0,6190.476190476191
Seegehalli,1176.0,2.0,50.0,2.0,4251.700680272109
Thanisandra,1801.0,3.0,115.0,3.0,6385.341476957246
Parappana Agrahara,1194.0,2.0,46.0,2.0,3852.5963149078725
Nri Layout,2400.0,2.0,125.0,2.0,5208.333333333333
Sarjapur Road,4250.0,4.0,610.0,4.0,14352.941176470587
Thanisandra,1806.0,6.0,116.0,3.0,6423.034330011074
Thanisandra,3671.0,4.0,220.0,4.0,5992.917461182239
Hoodi,2144.0,3.0,140.0,3.0,6529.850746268657
other,750.0,4.0,90.0,4.0,12000.0
Parappana Agrahara,1194.0,2.0,47.0,2.0,3936.348408710218
other,1200.0,3.0,56.53,3.0,4710.833333333333
Bommasandra Industrial Area,1130.0,2.0,32.64,2.0,2888.495575221239
Iblur Village,3633.0,5.0,335.0,4.0,9221.029452243325
Bommasandra Industrial Area,1065.0,2.0,30.75,2.0,2887.323943661972
R.T. Nagar,1500.0,2.0,45.0,2.0,3000.0
Kodigehaali,1600.0,3.0,185.0,4.0,11562.5
Hennur Road,950.0,2.0,55.0,2.0,5789.473684210527
Bellandur,960.0,2.0,48.0,2.0,5000.0
other,1625.0,3.0,92.0,3.0,5661.538461538462
Kaggalipura,2200.0,4.0,150.0,3.0,6818.181818181818
Ambalipura,1607.0,2.0,112.0,3.0,6969.508400746733
Kanakpura Road,900.0,2.0,46.29,2.0,5143.333333333333
other,1080.0,2.0,38.0,2.0,3518.5185185185187
Cooke Town,2300.0,3.0,250.0,3.0,10869.565217391304
Hosa Road,1708.0,3.0,64.05,4.0,3750.0
Yeshwanthpur,2500.0,5.0,185.0,6.0,7400.0
Bellandur,1690.0,2.0,116.0,3.0,6863.905325443787
other,2100.0,3.0,145.0,5.0,6904.761904761905
other,1269.0,2.0,97.0,2.0,7643.81402679275
Btm Layout,1196.0,2.0,56.81,2.0,4750.0
Parappana Agrahara,1194.0,2.0,47.0,2.0,3936.348408710218
Old Madras Road,1630.0,3.0,110.0,3.0,6748.4662576687115
other,1025.0,2.0,39.98,2.0,3900.4878048780483
Chikkabanavar,1067.0,2.0,38.0,2.0,3561.3870665417057
Kanakpura Road,1299.0,2.0,89.63,2.0,6899.923017705928
Mallasandra,1524.0,2.0,72.0,3.0,4724.4094488188975
Lingadheeranahalli,2236.0,4.0,153.0,4.0,6842.57602862254
other,1410.0,2.0,45.12,3.0,3200.0
Balagere,1205.0,2.0,79.0,2.0,6556.016597510374
Thyagaraja Nagar,1270.0,2.0,95.25,3.0,7500.0
other,1353.0,2.0,110.0,3.0,8130.081300813008
other,1200.0,2.0,68.0,2.0,5666.666666666667
other,1250.0,2.0,70.0,3.0,5600.0
other,1950.2,3.0,261.0,3.0,13383.242744333915
Sarjapur Road,1157.0,2.0,69.0,3.0,5963.699222126188
Kanakapura,712.0,1.0,35.475,1.0,4982.443820224719
Yelahanka,602.0,1.0,33.0,1.0,5481.72757475083
Thyagaraja Nagar,1040.0,2.0,68.0,2.0,6538.461538461538
Sarjapur,1451.0,2.0,87.0,2.0,5995.864920744314
Kanakpura Road,850.0,1.0,37.32,1.0,4390.588235294118
other,2171.66,3.0,298.0,3.0,13722.221710580847
other,900.0,2.0,40.0,2.0,4444.444444444444
Kudlu,720.0,1.0,33.0,1.0,4583.333333333333
Thanisandra,1573.0,3.0,115.0,3.0,7310.870947234584
Sarjapur Road,1026.0,2.0,60.8,2.0,5925.925925925926
Cv Raman Nagar,1400.0,2.0,78.0,3.0,5571.428571428572
Banashankari Stage Iii,2100.0,3.0,147.0,4.0,7000.0
Raja Rajeshwari Nagar,1500.0,3.0,88.0,3.0,5866.666666666667
Malleshwaram,2400.0,3.0,380.0,3.0,15833.333333333334
Hrbr Layout,1200.0,3.0,240.0,3.0,20000.0
Kothanur,1790.0,3.0,105.0,3.0,5865.921787709497
Ramagondanahalli,1125.0,2.0,75.0,2.0,6666.666666666667
Hennur,1783.0,3.0,84.205,3.0,4722.658440830061
Banaswadi,1105.0,2.0,57.0,2.0,5158.371040723982
Dasanapura,708.0,1.0,41.0,1.0,5790.960451977401
other,1600.0,3.0,100.0,3.0,6250.0
Thigalarapalya,3122.0,6.0,250.0,4.0,8007.687379884689
Thyagaraja Nagar,750.0,4.0,125.0,4.0,16666.666666666668
other,540.0,1.0,22.0,1.0,4074.074074074074
Dasarahalli,1200.0,2.0,42.0,2.0,3500.0
Nagarbhavi,1200.0,5.0,260.0,5.0,21666.666666666668
Kalena Agrahara,1837.0,2.0,95.0,3.0,5171.475231355471
Balagere,1012.0,2.0,68.0,2.0,6719.367588932806
other,1950.2,3.0,193.0,3.0,9896.420879909752
other,1125.0,2.0,55.0,2.0,4888.888888888889
Harlur,1197.0,2.0,79.9,2.0,6675.020885547202
Btm 2Nd Stage,1100.0,2.0,47.0,2.0,4272.727272727273
other,1563.0,2.0,52.0,3.0,3326.935380678183
Hebbal Kempapura,3729.0,4.0,384.0,4.0,10297.666934835077
Sarjapur Road,1600.0,3.0,120.0,3.0,7500.0
Green Glen Layout,1715.0,3.0,120.0,3.0,6997.084548104956
Bannerghatta Road,2400.0,4.0,180.0,4.0,7500.0
Banaswadi,1200.0,6.0,220.0,6.0,18333.333333333332
Yelahanka,1315.0,2.0,77.0,2.0,5855.513307984791
R.T. Nagar,1325.0,2.0,52.0,2.0,3924.5283018867926
Jakkur,1660.0,3.0,104.0,3.0,6265.060240963855
Gunjur,1457.0,2.0,60.0,2.0,4118.050789293068
Mallasandra,1100.0,2.0,76.3,3.0,6936.363636363636
Iblur Village,5515.0,6.0,425.0,5.0,7706.255666364461
Bellandur,950.0,1.0,40.0,1.0,4210.526315789473
Basaveshwara Nagar,1200.0,3.0,180.0,5.0,15000.0
other,1013.0,2.0,60.0,2.0,5923.000987166831
Hennur Road,1140.0,2.0,56.0,2.0,4912.2807017543855
other,2100.0,3.0,220.0,3.0,10476.190476190477
other,600.0,3.0,95.0,4.0,15833.333333333334
other,1600.0,3.0,77.0,3.0,4812.5
other,1190.0,2.0,48.0,2.0,4033.6134453781515
other,1625.0,3.0,95.0,3.0,5846.153846153846
other,1210.0,2.0,53.0,2.0,4380.165289256199
Lakshminarayana Pura,1615.0,3.0,150.0,3.0,9287.925696594428
Kalena Agrahara,1180.0,2.0,85.0,2.0,7203.389830508475
Nagasandra,1500.0,2.0,91.0,2.0,6066.666666666667
Bellandur,850.0,2.0,45.0,2.0,5294.117647058823
Hrbr Layout,1300.0,2.0,90.0,2.0,6923.076923076923
Hennur Road,1891.0,3.0,110.0,3.0,5817.028027498678
other,1600.0,5.0,140.0,5.0,8750.0
other,1160.0,2.0,55.0,2.0,4741.379310344828
other,930.0,1.0,55.0,2.0,5913.978494623656
Devanahalli,1010.0,2.0,58.0,2.0,5742.574257425743
Electronic City,1221.0,2.0,68.0,2.0,5569.205569205569
Banashankari,2400.0,4.0,470.0,4.0,19583.333333333332
Hoodi,1108.0,2.0,87.48,2.0,7895.306859205776
Vidyaranyapura,1000.0,4.0,120.0,4.0,12000.0
Sarjapur Road,1370.0,2.0,70.0,2.0,5109.489051094891
other,920.0,2.0,41.5,2.0,4510.869565217391
Bhoganhalli,1277.0,2.0,79.89,2.0,6256.068911511355
Singasandra,1653.0,3.0,85.0,3.0,5142.165759225651
Sarjapur,2400.0,3.0,140.0,4.0,5833.333333333333
other,3000.0,5.0,500.0,4.0,16666.666666666668
Kothanur,1600.0,4.0,250.0,4.0,15625.0
other,1150.0,8.0,70.0,8.0,6086.95652173913
other,1053.0,2.0,44.0,2.0,4178.537511870845
other,1325.0,2.0,56.0,3.0,4226.415094339623
other,1169.0,2.0,50.11,2.0,4286.569717707443
other,1274.0,2.0,90.0,2.0,7064.36420722135
Lakshminarayana Pura,1195.0,2.0,75.0,2.0,6276.150627615063
Kammasandra,940.0,2.0,35.0,2.0,3723.404255319149
Budigere,1820.0,3.0,95.5,3.0,5247.252747252747
Whitefield,1615.0,3.0,96.9,3.0,6000.0
Subramanyapura,985.0,2.0,62.5,2.0,6345.177664974619
Attibele,656.0,2.0,25.0,2.0,3810.9756097560976
Kaggadasapura,1105.0,2.0,39.5,2.0,3574.660633484163
other,2400.0,3.0,185.0,4.0,7708.333333333333
Anandapura,850.0,3.0,63.0,3.0,7411.764705882353
Uttarahalli,1330.0,2.0,57.0,3.0,4285.714285714285
Old Madras Road,1165.0,2.0,52.0,2.0,4463.519313304721
other,1070.0,2.0,38.0,2.0,3551.4018691588785
other,1427.0,2.0,85.0,3.0,5956.552207428171
Kothanur,1600.0,5.0,130.0,4.0,8125.0
other,2031.0,2.0,200.0,2.0,9847.365829640572
Bellandur,1454.0,2.0,90.0,2.0,6189.821182943604
other,2000.0,3.0,180.0,4.0,9000.0
Sarjapur Road,1346.0,2.0,74.03,2.0,5500.0
other,1062.0,2.0,50.0,2.0,4708.097928436911
other,700.0,1.0,25.5,1.0,3642.8571428571427
Jp Nagar,1405.0,2.0,99.0,2.0,7046.26334519573
Doddathoguru,1100.0,2.0,50.0,2.0,4545.454545454545
Chikka Tirupathi,2153.0,4.0,120.0,3.0,5573.61820715281
other,1200.0,3.0,120.0,3.0,10000.0
Pai Layout,1068.0,2.0,48.0,2.0,4494.38202247191
Doddathoguru,940.0,2.0,32.9,2.0,3500.0
Brookefield,1382.0,2.0,84.5,2.0,6114.3270622286545
Harlur,936.0,2.0,45.0,2.0,4807.692307692308
Sarjapur Road,475.0,1.0,26.0,1.0,5473.684210526316
other,1200.0,2.0,115.0,2.0,9583.333333333334
other,1450.0,3.0,65.0,3.0,4482.758620689655
Green Glen Layout,1623.29,2.0,105.0,3.0,6468.345150897252
Brookefield,1260.0,2.0,70.0,2.0,5555.555555555556
Billekahalli,1672.0,3.0,190.0,4.0,11363.636363636364
Seegehalli,3000.0,4.0,240.0,3.0,8000.0
Budigere,650.0,1.0,34.545,1.0,5314.615384615385
other,1650.0,6.0,200.0,5.0,12121.212121212122
other,2000.0,3.0,200.0,3.0,10000.0
Thyagaraja Nagar,1675.0,1.0,241.0,1.0,14388.059701492537
Electronic City,1200.0,3.0,150.0,3.0,12500.0
Ramagondanahalli,2257.0,3.0,155.0,3.0,6867.523260965884
other,1150.0,2.0,90.0,2.0,7826.086956521739
other,595.0,1.0,40.0,1.0,6722.689075630252
Hoodi,1837.0,3.0,110.0,3.0,5988.023952095808
other,3750.0,4.0,190.0,4.0,5066.666666666667
Green Glen Layout,1715.0,3.0,115.0,3.0,6705.539358600583
Hebbal Kempapura,1200.0,3.0,148.0,4.0,12333.333333333334
Nri Layout,2700.0,5.0,95.75,4.0,3546.296296296296
other,5480.0,4.0,400.0,3.0,7299.270072992701
Raja Rajeshwari Nagar,1168.0,2.0,66.0,2.0,5650.684931506849
other,1500.0,3.0,75.0,3.0,5000.0
Kumaraswami Layout,600.0,2.0,72.0,2.0,12000.0
5Th Phase Jp Nagar,1200.0,7.0,250.0,8.0,20833.333333333332
Itpl,850.0,2.0,25.4,2.0,2988.235294117647
other,1200.0,5.0,235.0,5.0,19583.333333333332
Doddaballapur,654.0,1.0,49.0,1.0,7492.354740061162
Domlur,1650.0,3.0,180.0,3.0,10909.09090909091
Dodsworth Layout,5656.0,5.0,499.0,3.0,8822.489391796322
Kaggalipura,950.0,2.0,60.0,2.0,6315.789473684211
other,1250.0,3.0,54.0,3.0,4320.0
Doddakallasandra,1072.0,2.0,42.87,2.0,3999.0671641791046
other,1425.0,2.0,65.0,3.0,4561.403508771929
Kalena Agrahara,1510.0,3.0,78.0,3.0,5165.562913907284
Thanisandra,1305.0,2.0,90.0,2.0,6896.551724137931
Vidyaranyapura,1200.0,6.0,170.0,6.0,14166.666666666666
Kodigehaali,866.0,2.0,32.0,2.0,3695.150115473441
Kanakpura Road,525.0,1.0,30.0,1.0,5714.285714285715
other,1200.0,1.0,50.0,2.0,4166.666666666667
Vidyaranyapura,1100.0,2.0,41.0,2.0,3727.2727272727275
Bannerghatta Road,4723.0,4.0,500.0,4.0,10586.491636671608
Kothannur,820.0,2.0,37.0,2.0,4512.195121951219
Sarjapur,3508.0,4.0,386.0,4.0,11003.420752565564
other,3700.0,4.0,400.0,4.0,10810.81081081081
Basavangudi,2453.0,3.0,250.0,4.0,10191.602119853242
Garudachar Palya,1154.0,2.0,51.8,2.0,4488.734835355286
Raja Rajeshwari Nagar,1400.0,2.0,86.0,3.0,6142.857142857143
other,1625.0,3.0,150.0,3.0,9230.76923076923
Electronic City,1500.0,3.0,73.0,3.0,4866.666666666667
Bannerghatta Road,1520.0,2.0,80.0,3.0,5263.1578947368425
other,1300.0,3.0,65.0,2.0,5000.0
other,1150.0,2.0,47.0,2.0,4086.9565217391305
Kadugodi,1762.0,3.0,109.0,3.0,6186.152099886493
Yelahanka,2650.0,4.0,223.0,4.0,8415.094339622641
Billekahalli,950.0,2.0,56.0,2.0,5894.736842105263
Jakkur,3295.0,3.0,310.0,3.0,9408.194233687405
other,1515.0,3.0,80.5,3.0,5313.531353135313
Neeladri Nagar,1100.0,2.0,30.0,2.0,2727.2727272727275
other,1250.0,2.0,65.0,2.0,5200.0
Hbr Layout,1200.0,2.0,120.0,2.0,10000.0
5Th Phase Jp Nagar,2500.0,8.0,95.0,7.0,3800.0
Hoskote,1200.0,4.0,100.0,4.0,8333.333333333334
other,1115.0,3.0,39.14,3.0,3510.3139013452915
Padmanabhanagar,2051.0,3.0,170.0,3.0,8288.639687957095
Btm Layout,1470.0,2.0,99.0,3.0,6734.693877551021
other,1550.0,2.0,70.0,3.0,4516.129032258064
Bannerghatta Road,1270.0,2.0,73.0,3.0,5748.031496062992
Hebbal Kempapura,1600.0,3.0,170.0,3.0,10625.0
other,2505.0,3.0,165.0,3.0,6586.826347305389
other,1410.0,2.0,54.0,3.0,3829.7872340425533
Whitefield,1200.0,2.0,70.0,2.0,5833.333333333333
other,1705.0,2.0,86.96,3.0,5100.2932551319645
Horamavu Banaswadi,1081.0,2.0,52.0,2.0,4810.360777058279
Parappana Agrahara,1194.0,2.0,46.0,2.0,3852.5963149078725
Sonnenahalli,605.0,1.0,30.24,1.0,4998.347107438017
Yelahanka,567.0,1.0,25.0,1.0,4409.171075837742
Rajaji Nagar,1718.0,3.0,275.0,2.0,16006.9848661234
Banashankari Stage Vi,1400.0,2.0,70.385,3.0,5027.500000000001
2Nd Stage Nagarbhavi,600.0,5.0,135.0,3.0,22500.0
Green Glen Layout,1715.0,3.0,105.0,3.0,6122.448979591837
Doddaballapur,3206.0,5.0,270.0,4.0,8421.70929507174
Kundalahalli,1500.0,4.0,235.0,4.0,15666.666666666666
Bannerghatta Road,1846.0,3.0,120.0,3.0,6500.541711809317
other,600.0,3.0,90.0,3.0,15000.0
Thanisandra,1965.0,4.0,125.0,3.0,6361.323155216285
Ngr Layout,1021.0,2.0,45.9,2.0,4495.592556317336
Lingadheeranahalli,1894.0,4.0,114.0,3.0,6019.007391763464
2Nd Stage Nagarbhavi,1500.0,4.0,233.0,6.0,15533.333333333334
Jakkur,1950.0,3.0,131.0,3.0,6717.948717948718
R.T. Nagar,1800.0,3.0,120.0,4.0,6666.666666666667
other,1650.0,3.0,135.0,3.0,8181.818181818182
other,750.0,3.0,88.0,5.0,11733.333333333334
Begur,1443.0,2.0,70.0,3.0,4851.004851004851
Ramamurthy Nagar,886.0,4.0,120.0,4.0,13544.018058690745
other,925.0,2.0,68.0,2.0,7351.351351351352
other,1190.0,2.0,46.41,2.0,3900.0
other,350.0,3.0,45.0,4.0,12857.142857142857
other,875.0,3.0,115.0,3.0,13142.857142857143
Chikkalasandra,1325.0,2.0,59.0,2.0,4452.830188679245
other,1750.0,3.0,100.0,3.0,5714.285714285715
other,747.0,1.0,27.0,1.0,3614.4578313253014
Electronic City,1342.0,2.0,90.0,2.0,6706.408345752608
other,1113.0,2.0,52.0,2.0,4672.057502246182
other,1738.0,3.0,110.0,3.0,6329.113924050633
Brookefield,1206.0,2.0,90.0,2.0,7462.686567164179
Hebbal,1162.0,2.0,59.0,2.0,5077.452667814114
Parappana Agrahara,1194.0,2.0,46.0,2.0,3852.5963149078725
Sarjapur Road,1857.0,4.0,155.0,3.0,8346.795907377491
other,3500.0,6.0,115.0,6.0,3285.714285714286
Rajaji Nagar,1763.0,3.0,240.0,2.0,13613.159387407828
Koramangala,2400.0,5.0,550.0,4.0,22916.666666666668
Chikkalasandra,1290.0,2.0,72.0,2.0,5581.395348837209
Thubarahalli,3408.0,5.0,145.0,4.0,4254.694835680752
Hbr Layout,900.0,2.0,145.0,2.0,16111.111111111111
Sanjay Nagar,1150.0,2.0,70.0,2.0,6086.95652173913
Banashankari,1040.0,2.0,109.0,3.0,10480.76923076923
other,900.0,2.0,27.0,2.0,3000.0
Sarjapur Road,1750.0,3.0,185.0,4.0,10571.42857142857
Lingadheeranahalli,2240.0,4.0,160.0,4.0,7142.857142857143
other,1000.0,4.0,80.0,5.0,8000.0
Ambedkar Nagar,1852.0,3.0,125.0,3.0,6749.460043196545
Chandapura,1323.0,2.0,42.0,3.0,3174.6031746031745
Vittasandra,1404.0,2.0,67.5,2.0,4807.692307692308
Dodda Nekkundi,1370.0,2.0,60.0,2.0,4379.56204379562
Gollarapalya Hosahalli,1129.0,2.0,50.0,2.0,4428.697962798937
Mahalakshmi Layout,1876.0,3.0,150.0,3.0,7995.735607675906
other,1720.0,3.0,95.0,3.0,5523.2558139534885
Jalahalli East,1200.0,4.0,80.0,4.0,6666.666666666667
other,500.0,1.0,51.0,1.0,10200.0
other,1200.0,5.0,85.0,5.0,7083.333333333333
Electronic City Phase Ii,1200.0,1.0,295.0,1.0,24583.333333333332
Hosa Road,1893.0,3.0,130.0,3.0,6867.406233491812
other,850.0,2.0,45.0,2.0,5294.117647058823
Cv Raman Nagar,1392.0,2.0,110.0,2.0,7902.298850574713
Kanakpura Road,1938.0,3.0,105.0,3.0,5417.956656346749
other,1020.0,2.0,52.0,2.0,5098.0392156862745
other,2400.0,2.0,360.0,3.0,15000.0
Hbr Layout,1832.0,3.0,160.0,3.0,8733.624454148472
Jakkur,1432.0,2.0,85.0,2.0,5935.754189944134
other,1350.0,4.0,235.0,4.0,17407.40740740741
Btm 2Nd Stage,1500.0,6.0,270.0,8.0,18000.0
other,760.0,4.0,95.0,3.0,12500.0
Hulimavu,1916.0,2.0,150.0,3.0,7828.8100208768265
Hennur,1255.0,2.0,55.5,2.0,4422.310756972111
Yelenahalli,1160.0,2.0,44.08,2.0,3800.0
Old Madras Road,2640.0,2.0,170.0,2.0,6439.393939393939
Bommanahalli,1160.0,2.0,53.0,2.0,4568.9655172413795
Lakshminarayana Pura,1200.0,2.0,80.0,2.0,6666.666666666667
Ramagondanahalli,1500.0,3.0,100.0,3.0,6666.666666666667
Electronic City Phase Ii,1336.0,2.0,50.35,3.0,3768.7125748502995
Choodasandra,1065.0,2.0,46.0,2.0,4319.24882629108
Hebbal,1294.0,2.0,115.0,2.0,8887.171561051005
Whitefield,1216.0,2.0,75.0,2.0,6167.763157894737
other,1005.0,2.0,40.0,2.0,3980.0995024875624
7Th Phase Jp Nagar,1430.0,2.0,102.0,3.0,7132.867132867133
Frazer Town,4100.0,4.0,660.0,4.0,16097.560975609756
Hoodi,1660.0,3.0,125.0,3.0,7530.120481927711
Jalahalli,1045.0,2.0,76.77,2.0,7346.411483253589
Hebbal,4000.0,6.0,359.0,4.0,8975.0
Doddathoguru,1382.0,3.0,65.0,3.0,4703.328509406657
Btm 2Nd Stage,930.0,2.0,46.0,2.0,4946.236559139785
Sarjapur Road,1660.0,2.0,116.0,3.0,6987.951807228916
other,1290.0,2.0,71.95,2.0,5577.519379844961
Dodda Nekkundi,1200.0,2.0,71.0,2.0,5916.666666666667
other,1650.0,3.0,140.0,3.0,8484.848484848484
Budigere,1636.0,3.0,88.0,3.0,5378.973105134474
Rajaji Nagar,2367.0,3.0,320.0,3.0,13519.22264469793
Hegde Nagar,2087.01,4.0,160.0,3.0,7666.470213367448
Hsr Layout,1844.0,3.0,89.0,3.0,4826.46420824295
Hosa Road,1537.515476,3.0,110.0,3.0,7154.399530740073
other,1220.0,2.0,52.0,2.0,4262.295081967213
other,3150.0,4.0,150.0,4.0,4761.9047619047615
Kanakpura Road,525.0,1.0,26.0,1.0,4952.380952380952
Bommasandra,955.0,2.0,37.97,2.0,3975.916230366492
other,2000.0,5.0,75.0,5.0,3750.0
other,1250.0,2.0,68.75,2.0,5500.0
Dodda Nekkundi,2400.0,4.0,300.0,3.0,12500.0
Harlur,2990.0,4.0,225.0,4.0,7525.083612040134
Bellandur,1195.0,2.0,52.0,2.0,4351.464435146443
Begur,1200.0,2.0,33.0,2.0,2750.0
Bommasandra,1089.0,2.0,40.0,2.0,3673.094582185491
Hennur Road,1165.0,2.0,52.0,2.0,4463.519313304721
Hennur,1482.0,3.0,110.0,3.0,7422.402159244264
Kanakapura,1938.0,3.0,113.0,3.0,5830.7533539731685
other,1140.0,2.0,43.0,2.0,3771.9298245614036
Hegde Nagar,3734.0,5.0,430.0,4.0,11515.800749866095
other,720.0,1.0,28.0,1.0,3888.8888888888887
Nagarbhavi,1200.0,3.0,228.0,3.0,19000.0
other,1100.0,2.0,90.0,2.0,8181.818181818182
other,1162.0,2.0,98.77,2.0,8500.0
Ramamurthy Nagar,540.0,1.0,35.0,1.0,6481.481481481482
R.T. Nagar,1300.0,3.0,145.0,3.0,11153.846153846154
other,1200.0,5.0,130.0,5.0,10833.333333333334
other,1220.0,2.0,60.0,2.0,4918.0327868852455
Doddathoguru,964.0,2.0,62.0,2.0,6431.535269709543
other,1500.0,3.0,50.0,3.0,3333.3333333333335
other,5000.0,5.0,250.0,4.0,5000.0
Bannerghatta,1120.0,2.0,42.5,2.0,3794.6428571428573
other,600.0,1.0,22.8,1.0,3800.0
Whitefield,2321.0,4.0,157.0,3.0,6764.325721671693
other,540.0,1.0,24.0,1.0,4444.444444444444
Hebbal,1150.0,2.0,57.0,2.0,4956.521739130435
Sonnenahalli,1484.0,3.0,75.0,3.0,5053.908355795148
other,620.0,2.0,23.0,2.0,3709.6774193548385
other,1650.0,3.0,78.0,3.0,4727.272727272727
other,1250.0,3.0,44.0,3.0,3520.0
other,2072.0,3.0,108.0,3.0,5212.355212355213
Vidyaranyapura,1200.0,2.0,60.5,2.0,5041.666666666667
Whitefield,4007.0,4.0,530.0,4.0,13226.853007237334
Rajaji Nagar,2409.0,3.0,395.0,3.0,16396.84516396845
Vittasandra,1246.0,2.0,65.0,2.0,5216.69341894061
Old Airport Road,1055.0,2.0,75.0,2.0,7109.004739336493
Harlur,1370.0,2.0,88.0,2.0,6423.3576642335765
Whitefield,1224.0,2.0,75.0,2.0,6127.450980392156
Kengeri Satellite Town,650.0,2.0,58.0,4.0,8923.076923076924
Kambipura,883.0,2.0,39.0,2.0,4416.761041902605
other,1154.0,2.0,57.0,2.0,4939.341421143848
other,1057.0,2.0,42.0,2.0,3973.5099337748343
Raja Rajeshwari Nagar,1157.0,2.0,65.0,2.0,5617.9775280898875
other,1200.0,4.0,85.0,4.0,7083.333333333333
other,1500.0,7.0,130.0,7.0,8666.666666666666
other,980.0,2.0,35.0,2.0,3571.4285714285716
Electronic City Phase Ii,575.0,1.0,16.75,1.0,2913.0434782608695
Koramangala,1600.0,3.0,170.0,3.0,10625.0
other,2400.0,4.0,500.0,4.0,20833.333333333332
other,1270.0,2.0,35.56,3.0,2800.0
Electronic City,1128.0,2.0,63.5,2.0,5629.432624113475
Electronics City Phase 1,640.0,1.0,45.0,1.0,7031.25
other,2400.0,3.0,185.0,3.0,7708.333333333333
Electronic City,589.0,1.0,29.0,1.0,4923.599320882852
Sarjapur Road,3150.0,4.0,500.0,4.0,15873.015873015873
other,2700.0,2.0,150.0,2.0,5555.555555555556
Bellandur,1435.0,2.0,115.0,3.0,8013.937282229966
Kadugodi,1314.0,2.0,80.0,2.0,6088.2800608828
Koramangala,1260.0,2.0,100.0,2.0,7936.507936507936
other,1875.0,5.0,192.0,7.0,10240.0
Nagasandra,4000.0,8.0,160.0,8.0,4000.0
Hennur Road,1052.0,2.0,34.72,2.0,3300.380228136882
Kodigehaali,1442.0,3.0,80.0,3.0,5547.850208044383
Kaggadasapura,1500.0,2.0,75.0,3.0,5000.0
Marsur,497.0,1.0,20.0,2.0,4024.1448692152917
Hennur,1255.0,2.0,53.57,2.0,4268.525896414342
other,1432.0,3.0,79.0,3.0,5516.7597765363125
Kundalahalli,2100.0,3.0,150.0,3.0,7142.857142857143
Hennur Road,1450.0,2.0,80.0,2.0,5517.241379310345
Sarjapur Road,1346.0,2.0,69.61,2.0,5171.619613670134
Electronic City Phase Ii,925.0,2.0,49.82,3.0,5385.945945945946
Dasarahalli,1160.0,2.0,49.0,2.0,4224.137931034483
Lingadheeranahalli,1768.0,3.0,81.31,3.0,4598.981900452489
Kothanur,1094.0,2.0,54.0,2.0,4936.014625228519
other,1500.0,3.0,90.0,3.0,6000.0
Gubbalala,1745.0,3.0,130.0,3.0,7449.856733524355
Bommanahalli,2875.0,7.0,85.0,7.0,2956.521739130435
other,3500.0,3.0,425.0,4.0,12142.857142857143
Whitefield,1655.0,3.0,113.0,3.0,6827.794561933535
Battarahalli,2024.0,3.0,103.0,3.0,5088.932806324111
other,3100.0,5.0,425.0,4.0,13709.677419354839
Iblur Village,1920.0,3.0,130.0,3.0,6770.833333333333
Sarjapur Road,6200.0,4.0,744.0,4.0,12000.0
Kambipura,1082.0,2.0,55.0,3.0,5083.179297597043
other,1100.0,2.0,45.0,3.0,4090.909090909091
Margondanahalli,1160.0,2.0,65.0,2.0,5603.448275862069
Vittasandra,1246.0,2.0,67.4,2.0,5409.309791332264
Hosa Road,615.0,1.0,43.08,1.0,7004.878048780488
other,1260.0,2.0,55.0,2.0,4365.079365079365
Sarjapur,1525.0,2.0,68.0,3.0,4459.016393442623
Yelahanka,602.0,2.0,30.0,1.0,4983.388704318937
other,1200.0,4.0,110.0,4.0,9166.666666666666
Sarjapur Road,2089.0,3.0,148.0,3.0,7084.729535662997
Sarjapur,1095.0,2.0,45.0,2.0,4109.58904109589
Ambedkar Nagar,2900.0,3.0,297.0,3.0,10241.379310344828
Btm 2Nd Stage,2500.0,3.0,345.0,3.0,13800.0
Kothanur,1170.0,3.0,80.0,3.0,6837.606837606838
Thanisandra,1694.0,3.0,125.0,3.0,7378.984651711924
Sarjapur Road,1612.0,3.0,98.38,3.0,6102.977667493797
other,1175.0,2.0,75.0,2.0,6382.978723404255
other,600.0,1.0,24.0,1.0,4000.0
other,1770.0,3.0,99.0,3.0,5593.220338983051
other,1000.0,7.0,260.0,8.0,26000.0
other,1800.0,3.0,130.0,3.0,7222.222222222223
Uttarahalli,1290.0,2.0,56.12,3.0,4350.387596899225
Ambedkar Nagar,1850.0,4.0,121.0,3.0,6540.540540540541
Varthur,2160.0,3.0,170.0,3.0,7870.37037037037
Anekal,1140.0,2.0,52.0,2.0,4561.403508771929
Thigalarapalya,1297.0,2.0,98.0,2.0,7555.898226676947
Padmanabhanagar,1150.0,2.0,50.0,2.0,4347.826086956522
other,1375.0,2.0,45.0,2.0,3272.7272727272725
Babusapalaya,1245.0,2.0,58.0,2.0,4658.634538152611
other,4750.0,6.0,948.0,4.0,19957.894736842107
Nagarbhavi,1800.0,3.0,180.0,4.0,10000.0
Brookefield,1594.0,3.0,140.0,3.0,8782.936010037642
Chandapura,645.0,1.0,16.45,1.0,2550.3875968992247
Kanakpura Road,700.0,2.0,36.0,2.0,5142.857142857143
Rajaji Nagar,2500.0,4.0,650.0,5.0,26000.0
Raja Rajeshwari Nagar,1000.0,2.0,50.0,2.0,5000.0
Whitefield,4000.0,5.0,540.0,6.0,13500.0
other,1200.0,6.0,85.0,6.0,7083.333333333333
Ombr Layout,600.0,3.0,140.0,5.0,23333.333333333332
other,1570.0,2.0,95.0,3.0,6050.955414012738
Sarjapur Road,1290.0,2.0,88.0,2.0,6821.705426356589
other,2777.29,5.0,649.0,3.0,23368.10343896388
other,2250.0,3.0,180.0,3.0,8000.0
other,1270.0,2.0,172.0,2.0,13543.307086614173
other,1145.0,2.0,44.0,2.0,3842.7947598253277
Chikkabanavar,1320.0,2.0,46.0,3.0,3484.848484848485
Sarjapur Road,1371.0,2.0,86.0,2.0,6272.793581327498
other,2700.0,5.0,150.0,5.0,5555.555555555556
Electronic City,1575.0,3.0,94.5,3.0,6000.0
Yelahanka,1362.0,2.0,66.0,2.0,4845.814977973569
other,3210.0,2.0,353.0,5.0,10996.884735202491
Haralur Road,1255.0,3.0,90.0,3.0,7171.314741035857
Yelahanka,1234.0,2.0,80.0,2.0,6482.982171799027
Sarjapur Road,2140.0,3.0,139.0,3.0,6495.327102803738
Thubarahalli,1584.0,3.0,101.0,3.0,6376.262626262626
Sarjapura - Attibele Road,1555.0,3.0,52.0,3.0,3344.051446945338
Chandapura,645.0,1.0,16.45,1.0,2550.3875968992247
Dodda Nekkundi,1585.0,2.0,79.0,3.0,4984.22712933754
other,1165.0,2.0,45.0,2.0,3862.6609442060085
Kumaraswami Layout,1200.0,3.0,75.0,3.0,6250.0
Hebbal,1740.0,2.0,137.0,3.0,7873.563218390805
Hebbal,1200.0,9.0,185.0,9.0,15416.666666666666
Chandapura,1200.0,2.0,36.0,2.0,3000.0
other,600.0,4.0,70.0,3.0,11666.666666666666
other,1340.0,2.0,47.0,3.0,3507.4626865671644
Begur Road,1583.0,3.0,95.23,3.0,6015.792798483892
Basaveshwara Nagar,1200.0,1.0,180.0,2.0,15000.0
Bannerghatta Road,1115.0,2.0,61.74,2.0,5537.219730941704
Thanisandra,1573.0,3.0,100.0,3.0,6357.279084551812
other,1210.0,2.0,60.0,2.0,4958.677685950413
Raja Rajeshwari Nagar,1485.0,2.0,63.0,3.0,4242.424242424242
Haralur Road,1735.0,3.0,97.0,3.0,5590.778097982709
Hebbal Kempapura,1730.0,3.0,175.0,3.0,10115.606936416185
other,1686.0,3.0,77.0,3.0,4567.022538552787
other,1654.0,3.0,82.0,3.0,4957.678355501814
Green Glen Layout,1600.0,3.0,105.0,3.0,6562.5
Kr Puram,1100.0,2.0,39.9,2.0,3627.2727272727275
Bannerghatta Road,1655.0,3.0,95.0,3.0,5740.181268882176
Hennur,1830.0,3.0,121.0,3.0,6612.021857923497
Judicial Layout,1989.0,4.0,155.0,3.0,7792.860734037205
Sarjapur Road,1044.0,2.0,55.0,2.0,5268.199233716475
Banashankari,1426.0,3.0,85.0,3.0,5960.729312762974
Choodasandra,1115.0,2.0,50.0,2.0,4484.304932735426
other,754.0,2.0,69.99,2.0,9282.493368700265
other,1200.0,2.0,50.0,2.0,4166.666666666667
Malleshwaram,580.0,1.0,45.0,1.0,7758.620689655172
Munnekollal,1030.0,2.0,50.36,2.0,4889.320388349514
other,1950.0,3.0,132.0,3.0,6769.2307692307695
Kundalahalli,1724.0,3.0,125.0,3.0,7250.580046403712
other,1200.0,2.0,130.0,3.0,10833.333333333334
Rajaji Nagar,1314.0,2.0,225.0,2.0,17123.287671232876
Kaggadasapura,1400.0,2.0,68.0,3.0,4857.142857142857
Bharathi Nagar,1300.0,2.0,55.86,2.0,4296.923076923077
other,2400.0,4.0,150.0,4.0,6250.0
Kanakpura Road,1332.0,2.0,108.0,2.0,8108.108108108108
Abbigere,1000.0,2.0,41.0,2.0,4100.0
Whitefield,1200.0,3.0,67.75,3.0,5645.833333333333
Sarjapur Road,1600.0,3.0,85.0,3.0,5312.5
Electronic City,1025.0,2.0,54.0,2.0,5268.292682926829
Sarjapur Road,2180.0,4.0,180.0,3.0,8256.880733944954
other,1600.0,3.0,102.0,3.0,6375.0
Whitefield,1270.0,2.0,110.0,2.0,8661.417322834646
other,3290.0,4.0,460.0,3.0,13981.76291793313
Jakkur,1932.47,3.0,183.0,3.0,9469.7459727706
Jalahalli,2086.0,3.0,160.0,3.0,7670.182166826462
Old Madras Road,1165.0,2.0,51.42,2.0,4413.733905579399
Rajaji Nagar,1440.0,2.0,165.0,2.0,11458.333333333334
Chandapura,740.0,1.0,22.0,2.0,2972.972972972973
5Th Phase Jp Nagar,1075.0,2.0,60.0,2.0,5581.395348837209
Bellandur,1260.0,2.0,83.5,2.0,6626.984126984127
Tumkur Road,1100.0,2.0,60.0,4.0,5454.545454545455
Green Glen Layout,1717.0,3.0,125.0,3.0,7280.139778683751
other,1088.0,2.0,46.0,2.0,4227.941176470588
Raja Rajeshwari Nagar,1335.0,2.0,56.0,3.0,4194.756554307116
Vidyaranyapura,1200.0,2.0,42.0,2.0,3500.0
Jp Nagar,1157.0,2.0,73.0,2.0,6309.420916162489
Kr Puram,2204.0,2.0,121.0,4.0,5490.018148820327
Sahakara Nagar,1200.0,2.0,54.0,2.0,4500.0
Pai Layout,1510.0,2.0,65.0,3.0,4304.635761589404
Bommanahalli,1050.0,2.0,54.0,2.0,5142.857142857143
other,1200.0,2.0,45.0,2.0,3750.0
Binny Pete,1516.0,3.0,147.0,3.0,9696.569920844327
Indira Nagar,2400.0,6.0,475.0,6.0,19791.666666666668
Channasandra,1050.0,2.0,44.41,2.0,4229.523809523809
Hegde Nagar,1000.0,2.0,66.0,2.0,6600.0
9Th Phase Jp Nagar,1050.0,2.0,35.0,2.0,3333.3333333333335
Jp Nagar,600.0,5.0,110.0,4.0,18333.333333333332
Beml Layout,1194.0,2.0,65.0,2.0,5443.886097152429
Ananth Nagar,600.0,3.0,62.0,4.0,10333.333333333334
Hormavu,1210.0,2.0,69.0,2.0,5702.479338842975
Whitefield,1660.0,3.0,110.0,3.0,6626.506024096386
other,1800.0,6.0,101.0,6.0,5611.111111111111
Kambipura,883.0,2.0,49.0,2.0,5549.263873159683
other,1100.0,2.0,65.0,2.0,5909.090909090909
Banashankari Stage Ii,1245.0,2.0,125.0,2.0,10040.160642570281
Hoodi,3385.0,4.0,220.0,4.0,6499.261447562777
Sompura,2150.0,3.0,85.0,4.0,3953.4883720930234
Hebbal,3895.0,3.0,390.0,3.0,10012.836970474968
other,1035.0,2.0,55.0,2.0,5314.009661835748
other,600.0,3.0,72.0,2.0,12000.0
other,1200.0,3.0,75.0,3.0,6250.0
Hennur Road,1155.0,2.0,69.18,2.0,5989.6103896103905
other,1200.0,6.0,235.0,7.0,19583.333333333332
Electronics City Phase 1,755.0,1.0,30.12,1.0,3989.4039735099336
other,450.0,1.0,20.0,1.0,4444.444444444444
other,4000.0,5.0,680.0,5.0,17000.0
Sarjapur Road,1691.0,3.0,119.0,3.0,7037.25606150207
Kanakapura,1489.0,2.0,70.0,3.0,4701.141705842848
Kengeri Satellite Town,800.0,2.0,32.0,2.0,4000.0
Bannerghatta Road,1215.0,2.0,65.0,2.0,5349.794238683127
Bellandur,1535.0,3.0,90.0,3.0,5863.192182410424
5Th Block Hbr Layout,1200.0,5.0,205.0,5.0,17083.333333333332
Brookefield,1588.0,2.0,58.0,2.0,3652.3929471032748
Horamavu Banaswadi,675.0,4.0,68.0,4.0,10074.074074074075
Kannamangala,957.0,2.0,56.0,2.0,5851.619644723093
other,1495.0,2.0,52.33,3.0,3500.334448160535
Bisuvanahalli,845.0,2.0,34.0,2.0,4023.6686390532545
Padmanabhanagar,3000.0,4.0,350.0,4.0,11666.666666666666
Sarjapur Road,2206.0,4.0,180.0,3.0,8159.564823209429
Sarjapur Road,1309.0,2.0,69.5,2.0,5309.396485867074
Horamavu Agara,1400.0,3.0,63.0,3.0,4500.0
Kanakpura Road,1622.0,3.0,95.0,3.0,5856.966707768187
Abbigere,995.0,2.0,40.8,2.0,4100.5025125628135
Bellandur,1047.0,2.0,75.0,2.0,7163.323782234957
Sarjapur Road,1691.0,3.0,100.0,3.0,5913.660555884092
Chandapura,876.0,2.0,28.47,2.0,3250.0
Cv Raman Nagar,1659.0,3.0,135.0,3.0,8137.4321880651
Whitefield,1270.0,2.0,105.0,2.0,8267.71653543307
Kammanahalli,1200.0,3.0,80.0,2.0,6666.666666666667
Tumkur Road,1354.0,3.0,85.86,3.0,6341.211225997045
Whitefield,1344.0,3.0,130.0,4.0,9672.619047619048
Nehru Nagar,1100.0,2.0,50.0,2.0,4545.454545454545
Nagarbhavi,600.0,4.0,78.0,4.0,13000.0
Basaveshwara Nagar,1200.0,3.0,190.0,3.0,15833.333333333334
other,625.0,3.0,78.0,6.0,12480.0
Vishwapriya Layout,890.0,2.0,37.0,2.0,4157.303370786517
Whitefield,1173.0,2.0,78.2,2.0,6666.666666666667
other,1190.0,2.0,55.0,2.0,4621.848739495798
Green Glen Layout,1250.0,2.0,75.0,2.0,6000.0
Yelahanka New Town,1740.0,3.0,150.0,3.0,8620.689655172413
Jakkur,1710.0,3.0,110.0,3.0,6432.748538011696
5Th Phase Jp Nagar,1000.0,4.0,130.0,4.0,13000.0
Hebbal,1662.0,3.0,155.0,3.0,9326.113116726836
other,1162.0,2.0,48.0,2.0,4130.808950086059
Whitefield,1362.0,2.0,85.0,2.0,6240.822320117474
other,540.0,1.0,22.5,1.0,4166.666666666667
Thanisandra,1437.0,3.0,75.885,3.0,5280.793319415449
other,900.0,4.0,62.0,5.0,6888.888888888889
Sarjapur Road,1250.0,4.0,135.0,4.0,10800.0
Begur Road,1410.0,2.0,54.99,3.0,3900.0
other,970.0,2.0,45.0,2.0,4639.1752577319585
other,1799.0,6.0,101.0,6.0,5614.230127848805
other,1500.0,6.0,300.0,6.0,20000.0
Uttarahalli,1200.0,4.0,155.0,4.0,12916.666666666666
Haralur Road,1810.0,3.0,97.83,3.0,5404.972375690608
other,1084.0,2.0,51.0,2.0,4704.79704797048
other,1500.0,3.0,85.0,3.0,5666.666666666667
Uttarahalli,1328.0,2.0,56.0,3.0,4216.8674698795185
Marathahalli,1485.0,2.0,90.0,3.0,6060.606060606061
Pai Layout,1500.0,2.0,58.0,3.0,3866.6666666666665
R.T. Nagar,1100.0,2.0,85.0,2.0,7727.272727272727
other,1360.0,2.0,73.0,3.0,5367.64705882353
1St Phase Jp Nagar,900.0,2.0,75.0,2.0,8333.333333333334
other,600.0,3.0,86.0,3.0,14333.333333333334
Kr Puram,2800.0,6.0,110.0,7.0,3928.5714285714284
Kothannur,1404.0,2.0,56.15,3.0,3999.287749287749
Yelahanka,1267.0,3.0,78.0,2.0,6156.274664561957
Bannerghatta Road,1510.0,2.0,110.0,3.0,7284.76821192053
Whitefield,1457.0,2.0,105.0,3.0,7206.588881262869
Iblur Village,3596.0,4.0,268.0,4.0,7452.725250278087
8Th Phase Jp Nagar,1408.0,3.0,80.0,3.0,5681.818181818182
Dodda Nekkundi,1005.0,2.0,45.0,2.0,4477.611940298508
Dodsworth Layout,30400.0,4.0,1824.0,6.0,6000.0
other,1182.0,2.0,64.0,2.0,5414.551607445009
Talaghattapura,1804.0,3.0,122.0,3.0,6762.749445676275
Sarjapur Road,1367.0,2.0,80.0,2.0,5852.231163130944
Btm 1St Stage,1200.0,4.0,200.0,5.0,16666.666666666668
Judicial Layout,1100.0,4.0,199.0,5.0,18090.909090909092
Whitefield,1720.0,3.0,128.0,3.0,7441.860465116279
Doddathoguru,1107.0,2.0,44.0,2.0,3974.706413730804
Yelahanka,1360.0,2.0,78.19,2.0,5749.264705882353
Anekal,625.0,1.0,25.0,2.0,4000.0
Jalahalli,1701.0,2.0,145.0,2.0,8524.397413286302
other,1350.0,1.0,120.0,3.0,8888.888888888889
other,1500.0,3.0,90.0,3.0,6000.0
Sanjay Nagar,1500.0,3.0,150.0,3.0,10000.0
other,2292.0,2.0,285.0,3.0,12434.554973821989
Kereguddadahalli,1280.0,3.0,42.0,3.0,3281.25
other,1750.0,4.0,263.0,4.0,15028.57142857143
Electronic City,1500.0,2.0,70.0,3.0,4666.666666666667
Electronic City,1500.0,2.0,64.5,3.0,4300.0
Rajaji Nagar,1640.0,3.0,245.0,3.0,14939.024390243903
Hegde Nagar,1348.0,2.0,80.5,3.0,5971.810089020772
Tindlu,1100.0,2.0,55.0,2.0,5000.0
Yeshwanthpur,1855.0,3.0,135.0,3.0,7277.628032345014
Hennur,1255.0,2.0,56.5,2.0,4501.99203187251
other,2040.0,4.0,500.0,5.0,24509.803921568626
5Th Phase Jp Nagar,2400.0,4.0,228.0,4.0,9500.0
Kothanur,1195.0,2.0,59.0,2.0,4937.238493723849
Hegde Nagar,760.0,6.0,98.0,6.0,12894.736842105263
Dodda Nekkundi,1264.0,2.0,52.0,2.0,4113.9240506329115
Chamrajpet,1650.0,3.0,115.0,3.0,6969.69696969697
Abbigere,1020.0,2.0,40.8,2.0,3999.9999999999995
Bommasandra,950.0,2.0,25.0,2.0,2631.5789473684213
other,2710.0,5.0,142.0,4.0,5239.852398523985
Hennur Road,1936.0,3.0,131.0,3.0,6766.528925619835
other,1075.0,2.0,58.0,2.0,5395.3488372093025
Hosur Road,1223.0,2.0,93.0,2.0,7604.251839738348
Hennur,1050.0,2.0,42.73,2.0,4069.5238095238096
7Th Phase Jp Nagar,2100.0,3.0,190.0,3.0,9047.619047619048
2Nd Stage Nagarbhavi,1200.0,4.0,240.0,5.0,20000.0
Uttarahalli,1650.0,2.0,130.0,3.0,7878.787878787879
Jp Nagar,1500.0,2.0,82.0,3.0,5466.666666666667
Koramangala,1605.0,3.0,260.0,3.0,16199.376947040499
Kanakpura Road,1596.0,3.0,118.0,3.0,7393.483709273183
other,600.0,6.0,65.0,6.0,10833.333333333334
Horamavu Agara,1557.0,3.0,70.0,3.0,4495.82530507386
other,1410.0,3.0,68.0,3.0,4822.695035460993
Sarjapur Road,1984.0,4.0,148.0,3.0,7459.677419354839
Kadugodi,1196.0,2.0,60.0,2.0,5016.722408026756
Kenchenahalli,1720.0,3.0,100.0,3.0,5813.953488372093
8Th Phase Jp Nagar,600.0,5.0,99.0,4.0,16500.0
other,1256.0,2.0,62.8,2.0,5000.0
Cooke Town,1600.0,3.0,260.0,3.0,16250.0
Kothanur,1790.0,3.0,120.0,3.0,6703.91061452514
Harlur,1200.0,2.0,72.76,2.0,6063.333333333334
Nehru Nagar,1674.0,3.0,81.0,3.0,4838.709677419355
Cv Raman Nagar,1200.0,2.0,100.0,5.0,8333.333333333334
other,1786.0,3.0,79.99,3.0,4478.723404255318
Vidyaranyapura,770.0,3.0,65.25,4.0,8474.025974025973
Whitefield,1564.0,3.0,103.0,3.0,6585.677749360614
Margondanahalli,1334.0,2.0,67.76,2.0,5079.460269865068
Bommasandra,1365.0,3.0,53.96,3.0,3953.1135531135533
Choodasandra,1115.0,2.0,50.0,2.0,4484.304932735426
other,1369.0,2.0,72.0,3.0,5259.313367421476
Nagarbhavi,600.0,3.0,100.0,4.0,16666.666666666668
other,1418.0,2.0,62.0,2.0,4372.3554301833565
Hebbal,2250.0,3.0,219.0,3.0,9733.333333333334
Kr Puram,1020.0,2.0,39.0,2.0,3823.529411764706
Yelahanka New Town,1290.0,2.0,70.0,2.0,5426.356589147287
Attibele,1500.0,3.0,90.0,3.0,6000.0
Jigani,943.0,2.0,49.5,2.0,5249.204665959703
other,1035.0,2.0,60.0,2.0,5797.101449275362
other,5665.84,7.0,988.0,5.0,17437.837990483316
other,1232.0,2.0,94.28,2.0,7652.597402597403
Uttarahalli,1290.0,2.0,56.12,3.0,4350.387596899225
other,980.0,2.0,41.0,2.0,4183.673469387755
Hebbal,4000.0,6.0,440.0,4.0,11000.0
Sarjapur Road,1346.0,2.0,74.03,2.0,5500.0
other,6652.0,6.0,660.0,4.0,9921.828021647625
other,1307.0,2.0,59.0,2.0,4514.154552410099
other,1215.0,2.0,49.86,3.0,4103.7037037037035
Sanjay Nagar,1180.0,2.0,80.0,2.0,6779.661016949152
Amruthahalli,600.0,1.0,55.0,1.0,9166.666666666666
other,1025.0,2.0,43.04,2.0,4199.024390243902
Ramagondanahalli,1910.0,3.0,131.0,3.0,6858.638743455497
other,2920.0,4.0,536.0,4.0,18356.164383561645
Hebbal,1349.0,2.0,98.0,2.0,7264.6404744255005
other,1150.0,2.0,40.25,2.0,3500.0
Old Madras Road,935.0,2.0,32.72,2.0,3499.4652406417113
other,2700.0,3.0,230.0,4.0,8518.518518518518
Hsr Layout,1203.0,2.0,60.0,2.0,4987.5311720698255
Nagavara,440.0,3.0,35.0,3.0,7954.545454545455
other,1125.0,2.0,46.0,2.0,4088.8888888888887
Kammasandra,610.0,1.0,18.5,1.0,3032.7868852459014
Ambalipura,1198.0,2.0,80.0,2.0,6677.79632721202
Chandapura,1200.0,3.0,65.0,3.0,5416.666666666667
other,1200.0,2.0,45.0,2.0,3750.0
other,6688.0,6.0,700.0,4.0,10466.507177033493
other,1830.0,3.0,95.0,3.0,5191.256830601093
9Th Phase Jp Nagar,1331.95,2.0,69.0,2.0,5180.374638687638
Yeshwanthpur,1876.0,3.0,160.0,3.0,8528.784648187633
Whitefield,1639.0,3.0,107.0,3.0,6528.370957901159
Akshaya Nagar,1200.0,4.0,125.0,4.0,10416.666666666666
Electronic City,2093.0,4.0,134.0,4.0,6402.293358815098
Talaghattapura,1800.0,3.0,84.0,3.0,4666.666666666667
other,2872.0,4.0,183.0,4.0,6371.866295264624
other,1486.0,2.0,65.0,3.0,4374.158815612383
other,1274.0,2.0,90.0,2.0,7064.36420722135
other,4600.0,9.0,150.0,9.0,3260.8695652173915
other,1100.0,2.0,64.08,2.0,5825.454545454545
Whitefield,1760.0,3.0,139.0,3.0,7897.727272727273
Bommasandra,1200.0,3.0,110.0,3.0,9166.666666666666
other,1800.0,5.0,65.0,7.0,3611.1111111111113
Hsr Layout,1140.0,2.0,46.0,2.0,4035.0877192982457
Raja Rajeshwari Nagar,1530.0,3.0,64.86,3.0,4239.21568627451
Kundalahalli,1724.0,3.0,140.0,3.0,8120.649651972158
Horamavu Agara,1058.0,2.0,47.0,2.0,4442.34404536862
other,1464.0,3.0,56.0,3.0,3825.136612021858
other,1975.0,3.0,90.0,3.0,4556.962025316456
Sarjapur Road,1112.0,2.0,58.0,2.0,5215.827338129497
other,1600.0,2.0,90.0,2.0,5625.0
other,1100.0,2.0,32.0,2.0,2909.090909090909
Hoskote,509.0,1.0,23.0,1.0,4518.664047151277
Talaghattapura,2265.0,3.0,159.0,3.0,7019.867549668874
Malleshpalya,1200.0,2.0,46.0,2.0,3833.3333333333335
other,530.0,1.0,18.0,1.0,3396.2264150943397
other,1010.0,2.0,41.0,2.0,4059.4059405940593
Kaggadasapura,1150.0,2.0,45.0,2.0,3913.0434782608695
Sarjapur Road,1340.0,2.0,75.0,2.0,5597.014925373134
Raja Rajeshwari Nagar,1850.0,3.0,98.0,3.0,5297.2972972972975
Doddathoguru,907.0,2.0,40.0,2.0,4410.143329658214
Benson Town,1688.0,2.0,280.0,2.0,16587.677725118483
Ulsoor,1160.0,2.0,130.0,2.0,11206.896551724138
Pai Layout,1600.0,2.0,65.0,3.0,4062.5
other,1800.0,5.0,140.0,6.0,7777.777777777777
Hennur,1295.0,2.0,62.0,2.0,4787.644787644787
other,1012.0,2.0,62.0,2.0,6126.482213438735
Channasandra,1010.0,2.0,32.0,2.0,3168.3168316831684
Bharathi Nagar,1379.0,2.0,85.0,2.0,6163.8868745467735
Kasavanhalli,1121.0,2.0,75.0,2.0,6690.454950936663
other,1200.0,2.0,75.0,2.0,6250.0
Sarakki Nagar,3124.0,6.0,349.0,4.0,11171.574903969271
7Th Phase Jp Nagar,1420.0,3.0,90.0,3.0,6338.028169014085
other,600.0,1.0,65.0,2.0,10833.333333333334
other,1090.0,2.0,55.0,2.0,5045.871559633028
Electronic City,1355.0,2.0,73.0,2.0,5387.453874538745
Ambedkar Nagar,1425.0,2.0,94.0,2.0,6596.491228070176
Chikkabanavar,4000.0,7.0,110.0,8.0,2750.0
Electronics City Phase 1,1700.0,3.0,111.0,3.0,6529.411764705882
Talaghattapura,2099.0,3.0,134.0,3.0,6383.992377322535
Yelahanka,1330.0,5.0,210.0,5.0,15789.473684210527
other,1490.0,3.0,140.0,3.0,9395.973154362417
Horamavu Banaswadi,1000.0,2.0,50.0,2.0,5000.0
Sahakara Nagar,1291.0,2.0,72.3,2.0,5600.309837335399
other,1330.0,2.0,56.0,2.0,4210.526315789473
other,1200.0,8.0,140.0,8.0,11666.666666666666
other,1650.0,1.0,130.0,2.0,7878.787878787879
Jakkur,1125.0,2.0,44.75,2.0,3977.777777777778
Dasanapura,814.0,2.0,43.7,2.0,5368.550368550368
Sarjapur Road,3500.0,3.0,275.0,3.0,7857.142857142857
other,1480.0,2.0,75.0,3.0,5067.5675675675675
Hebbal,4000.0,6.0,370.0,4.0,9250.0
Nagappa Reddy Layout,1500.0,2.0,78.0,3.0,5200.0
other,745.0,2.0,36.0,2.0,4832.214765100671
Whitefield,613.0,1.0,48.0,1.0,7830.342577487765
Bannerghatta Road,1470.0,2.0,85.0,3.0,5782.312925170068
Frazer Town,896.0,1.0,100.0,1.0,11160.714285714286
other,250.0,2.0,40.0,1.0,16000.0
other,1200.0,3.0,125.0,6.0,10416.666666666666
Laggere,1590.0,9.0,132.0,7.0,8301.88679245283
Attibele,520.0,1.0,15.0,1.0,2884.6153846153848
other,1178.0,9.0,75.0,9.0,6366.723259762309
Electronic City,1360.0,2.0,64.99,3.0,4778.676470588234
other,1155.0,2.0,64.0,2.0,5541.1255411255415
Chandapura,520.0,1.0,14.04,1.0,2700.0
Ambalipura,1615.0,2.0,150.0,3.0,9287.925696594428
Raja Rajeshwari Nagar,6000.0,8.0,215.0,8.0,3583.3333333333335
other,1508.0,3.0,77.0,3.0,5106.100795755968
R.T. Nagar,1667.0,3.0,130.0,3.0,7798.440311937612
other,1903.0,2.0,293.0,3.0,15396.741986337362
Whitefield,1730.0,3.0,125.0,3.0,7225.43352601156
Malleshpalya,1225.0,2.0,52.0,2.0,4244.897959183673
other,1200.0,2.0,70.0,2.0,5833.333333333333
Devanahalli,1020.0,2.0,52.57,1.0,5153.921568627451
Doddathoguru,1783.0,3.0,85.0,3.0,4767.246214245653
Kereguddadahalli,1015.0,2.0,35.0,2.0,3448.2758620689656
other,1800.0,1.0,200.0,1.0,11111.111111111111
Sarjapur Road,2758.0,4.0,240.0,4.0,8701.95794053662
Sarjapur Road,1132.0,2.0,70.0,2.0,6183.745583038869
Kr Puram,1200.0,2.0,75.0,2.0,6250.0
Thanisandra,1917.0,4.0,130.0,4.0,6781.429316640584
Bhoganhalli,1703.0,3.0,120.0,3.0,7046.388725778039
Old Madras Road,1211.0,2.0,45.0,2.0,3715.9372419488027
Kudlu,1041.0,2.0,53.0,2.0,5091.258405379443
Whitefield,877.0,1.0,59.0,1.0,6727.480045610034
Kanakapura,1477.0,2.0,69.5,3.0,4705.484089370345
other,2000.0,2.0,360.0,3.0,18000.0
other,1140.0,1.0,185.0,2.0,16228.070175438597
other,1095.0,2.0,57.0,2.0,5205.479452054795
Varthur,1665.0,3.0,71.58,3.0,4299.0990990990995
Kr Puram,1245.0,2.0,60.0,2.0,4819.277108433735
Epip Zone,3360.0,5.0,221.0,4.0,6577.380952380952
Electronic City,2010.0,3.0,201.0,3.0,10000.0
other,1226.0,2.0,60.0,3.0,4893.964110929854
Raja Rajeshwari Nagar,510.0,1.0,22.0,1.0,4313.725490196079
Budigere,1153.0,2.0,60.0,2.0,5203.816131830009
Kothannur,1600.0,4.0,45.0,4.0,2812.5
other,1000.0,2.0,49.5,2.0,4950.0
other,1400.0,7.0,218.0,7.0,15571.42857142857
other,1256.0,2.0,65.0,2.0,5175.15923566879
other,1200.0,5.0,130.0,6.0,10833.333333333334
Sarjapur,1425.0,3.0,57.0,3.0,4000.0
Margondanahalli,1375.0,5.0,125.0,5.0,9090.90909090909
Hosur Road,1919.0,3.0,117.0,3.0,6096.925482021887
Neeladri Nagar,2111.0,3.0,103.0,3.0,4879.204168640455
Bannerghatta Road,970.0,2.0,57.0,2.0,5876.288659793814
other,1353.0,2.0,110.0,2.0,8130.081300813008
Gubbalala,1285.0,2.0,90.0,2.0,7003.8910505836575
Hebbal,1349.0,2.0,96.8,2.0,7175.685693106005
Sarjapur Road,4050.0,2.0,450.0,4.0,11111.111111111111
other,812.0,1.0,26.0,1.0,3201.9704433497536
other,1440.0,2.0,63.93,3.0,4439.583333333333
Sarjapur Road,2425.0,5.0,195.0,4.0,8041.237113402062
Sultan Palaya,2200.0,3.0,80.0,4.0,3636.3636363636365
Haralur Road,1810.0,3.0,112.0,3.0,6187.845303867403
Cox Town,1200.0,2.0,140.0,2.0,11666.666666666666
Kenchenahalli,1015.0,2.0,60.0,2.0,5911.330049261083
Hosakerehalli,1500.0,6.0,145.0,5.0,9666.666666666666
Kothanur,1454.0,3.0,71.5,3.0,4917.469050894085
other,1075.0,2.0,48.0,2.0,4465.116279069767
Vidyaranyapura,774.0,5.0,70.0,5.0,9043.92764857881
Billekahalli,1805.0,3.0,134.0,3.0,7423.822714681441
Bannerghatta Road,1527.0,3.0,142.0,3.0,9299.279633267846
Ramamurthy Nagar,1500.0,9.0,250.0,7.0,16666.666666666668
Uttarahalli,1345.0,2.0,57.0,3.0,4237.918215613383
Green Glen Layout,1715.0,3.0,112.0,3.0,6530.6122448979595
other,3600.0,5.0,400.0,4.0,11111.111111111111
Raja Rajeshwari Nagar,1141.0,2.0,60.0,2.0,5258.545135845749
Padmanabhanagar,4689.0,4.0,488.0,4.0,10407.336319044573
Doddathoguru,550.0,1.0,17.0,1.0,3090.909090909091
